country_iso3,year,indicator_id,value,source,reliability
BGD,1960,NY.GDP.MKTP.KD.ZG,,wb_constant,standard
BGD,1961,NY.GDP.MKTP.KD.ZG,6.05816082547616,wb_constant,standard
BGD,1962,NY.GDP.MKTP.KD.ZG,5.45303096987814,wb_constant,standard
BGD,1963,NY.GDP.MKTP.KD.ZG,-0.455894289969805,wb_constant,standard
BGD,1964,NY.GDP.MKTP.KD.ZG,10.9527885460584,wb_constant,standard
BGD,1965,NY.GDP.MKTP.KD.ZG,1.60625822892978,wb_constant,standard
BGD,1966,NY.GDP.MKTP.KD.ZG,2.56681200128088,wb_constant,standard
BGD,1967,NY.GDP.MKTP.KD.ZG,-1.8758639196746,wb_constant,standard
BGD,1968,NY.GDP.MKTP.KD.ZG,9.48945401549118,wb_constant,standard
BGD,1969,NY.GDP.MKTP.KD.ZG,1.22085790908322,wb_constant,standard
BGD,1970,NY.GDP.MKTP.KD.ZG,5.61985229282153,wb_constant,standard
BGD,1971,NY.GDP.MKTP.KD.ZG,-5.47948302722807,wb_constant,standard
BGD,1972,NY.GDP.MKTP.KD.ZG,-13.9737287020561,wb_constant,standard
BGD,1973,NY.GDP.MKTP.KD.ZG,3.32568019881434,wb_constant,standard
BGD,1974,NY.GDP.MKTP.KD.ZG,9.59195630039562,wb_constant,standard
BGD,1975,NY.GDP.MKTP.KD.ZG,-4.08821409181246,wb_constant,standard
BGD,1976,NY.GDP.MKTP.KD.ZG,5.66136120118878,wb_constant,standard
BGD,1977,NY.GDP.MKTP.KD.ZG,2.67305605004213,wb_constant,standard
BGD,1978,NY.GDP.MKTP.KD.ZG,7.07383773259727,wb_constant,standard
BGD,1979,NY.GDP.MKTP.KD.ZG,4.80163460054837,wb_constant,standard
BGD,1980,NY.GDP.MKTP.KD.ZG,0.819141868916631,wb_constant,standard
BGD,1981,NY.GDP.MKTP.KD.ZG,7.23394369489792,wb_constant,standard
BGD,1982,NY.GDP.MKTP.KD.ZG,2.13432783577548,wb_constant,standard
BGD,1983,NY.GDP.MKTP.KD.ZG,3.88104639980884,wb_constant,standard
BGD,1984,NY.GDP.MKTP.KD.ZG,4.80331001525171,wb_constant,standard
BGD,1985,NY.GDP.MKTP.KD.ZG,3.34201465416713,wb_constant,standard
BGD,1986,NY.GDP.MKTP.KD.ZG,4.17338255900151,wb_constant,standard
BGD,1987,NY.GDP.MKTP.KD.ZG,3.77240185251682,wb_constant,standard
BGD,1988,NY.GDP.MKTP.KD.ZG,2.41625685565774,wb_constant,standard
BGD,1989,NY.GDP.MKTP.KD.ZG,2.83658212908817,wb_constant,standard
BGD,1990,NY.GDP.MKTP.KD.ZG,5.62225816160344,wb_constant,standard
BGD,1991,NY.GDP.MKTP.KD.ZG,3.48522781598027,wb_constant,standard
BGD,1992,NY.GDP.MKTP.KD.ZG,5.44268554966725,wb_constant,standard
BGD,1993,NY.GDP.MKTP.KD.ZG,4.71156172453999,wb_constant,standard
BGD,1994,NY.GDP.MKTP.KD.ZG,3.89012644116818,wb_constant,standard
BGD,1995,NY.GDP.MKTP.KD.ZG,5.12127789724337,wb_constant,standard
BGD,1996,NY.GDP.MKTP.KD.ZG,4.52291921684423,wb_constant,standard
BGD,1997,NY.GDP.MKTP.KD.ZG,4.4898964976265,wb_constant,standard
BGD,1998,NY.GDP.MKTP.KD.ZG,5.1770268731498,wb_constant,standard
BGD,1999,NY.GDP.MKTP.KD.ZG,4.67015636882111,wb_constant,standard
BGD,2000,NY.GDP.MKTP.KD.ZG,5.29329471892532,wb_constant,standard
BGD,2001,NY.GDP.MKTP.KD.ZG,5.07728777526728,wb_constant,standard
BGD,2002,NY.GDP.MKTP.KD.ZG,3.83312393993225,wb_constant,standard
BGD,2003,NY.GDP.MKTP.KD.ZG,4.73956739963045,wb_constant,standard
BGD,2004,NY.GDP.MKTP.KD.ZG,5.23953291029852,wb_constant,standard
BGD,2005,NY.GDP.MKTP.KD.ZG,6.53594493875502,wb_constant,standard
BGD,2006,NY.GDP.MKTP.KD.ZG,6.67190498576788,wb_constant,standard
BGD,2007,NY.GDP.MKTP.KD.ZG,7.05859935449848,wb_constant,standard
BGD,2008,NY.GDP.MKTP.KD.ZG,6.01378975738535,wb_constant,standard
BGD,2009,NY.GDP.MKTP.KD.ZG,5.04512479919337,wb_constant,standard
BGD,2010,NY.GDP.MKTP.KD.ZG,5.57178818533122,wb_constant,standard
BGD,2011,NY.GDP.MKTP.KD.ZG,6.46437912497728,wb_constant,standard
BGD,2012,NY.GDP.MKTP.KD.ZG,6.52145877906443,wb_constant,standard
BGD,2013,NY.GDP.MKTP.KD.ZG,6.01360565834344,wb_constant,standard
BGD,2014,NY.GDP.MKTP.KD.ZG,6.0610593588495,wb_constant,standard
BGD,2015,NY.GDP.MKTP.KD.ZG,6.55263987816197,wb_constant,standard
BGD,2016,NY.GDP.MKTP.KD.ZG,7.11347821270093,wb_constant,standard
BGD,2017,NY.GDP.MKTP.KD.ZG,6.59024999794057,wb_constant,standard
BGD,2018,NY.GDP.MKTP.KD.ZG,7.31941263014136,wb_constant,standard
BGD,2019,NY.GDP.MKTP.KD.ZG,7.88191515117722,wb_constant,standard
BGD,2020,NY.GDP.MKTP.KD.ZG,3.44801755122445,wb_constant,standard
BGD,2021,NY.GDP.MKTP.KD.ZG,6.93867912442445,wb_constant,standard
BGD,2022,NY.GDP.MKTP.KD.ZG,7.09982877575158,wb_constant,standard
BGD,2023,NY.GDP.MKTP.KD.ZG,5.77511237007889,wb_constant,standard
BGD,2024,NY.GDP.MKTP.KD.ZG,4.22325911250161,wb_constant,standard
IDN,1960,NY.GDP.MKTP.KD.ZG,,wb_constant,standard
IDN,1961,NY.GDP.MKTP.KD.ZG,5.74064582266813,wb_constant,standard
IDN,1962,NY.GDP.MKTP.KD.ZG,1.84197770236842,wb_constant,standard
IDN,1963,NY.GDP.MKTP.KD.ZG,-2.23702998571657,wb_constant,standard
IDN,1964,NY.GDP.MKTP.KD.ZG,3.52969814993797,wb_constant,standard
IDN,1965,NY.GDP.MKTP.KD.ZG,1.08158946626055,wb_constant,standard
IDN,1966,NY.GDP.MKTP.KD.ZG,2.79134682484525,wb_constant,standard
IDN,1967,NY.GDP.MKTP.KD.ZG,1.38040280607036,wb_constant,standard
IDN,1968,NY.GDP.MKTP.KD.ZG,10.9151785714295,wb_constant,standard
IDN,1969,NY.GDP.MKTP.KD.ZG,6.82229824913614,wb_constant,standard
IDN,1970,NY.GDP.MKTP.KD.ZG,7.55463451394223,wb_constant,standard
IDN,1971,NY.GDP.MKTP.KD.ZG,7.02399719740848,wb_constant,standard
IDN,1972,NY.GDP.MKTP.KD.ZG,7.03764320785962,wb_constant,standard
IDN,1973,NY.GDP.MKTP.KD.ZG,8.1039755351653,wb_constant,standard
IDN,1974,NY.GDP.MKTP.KD.ZG,7.6346729055067,wb_constant,standard
IDN,1975,NY.GDP.MKTP.KD.ZG,4.97730086669512,wb_constant,standard
IDN,1976,NY.GDP.MKTP.KD.ZG,6.88656497352524,wb_constant,standard
IDN,1977,NY.GDP.MKTP.KD.ZG,8.76132560106353,wb_constant,standard
IDN,1978,NY.GDP.MKTP.KD.ZG,6.76706985763171,wb_constant,standard
IDN,1979,NY.GDP.MKTP.KD.ZG,7.32430948559606,wb_constant,standard
IDN,1980,NY.GDP.MKTP.KD.ZG,9.88007752166418,wb_constant,standard
IDN,1981,NY.GDP.MKTP.KD.ZG,7.92715682412874,wb_constant,standard
IDN,1982,NY.GDP.MKTP.KD.ZG,2.24644534036375,wb_constant,standard
IDN,1983,NY.GDP.MKTP.KD.ZG,4.1929673681999,wb_constant,standard
IDN,1984,NY.GDP.MKTP.KD.ZG,6.97552780884124,wb_constant,standard
IDN,1985,NY.GDP.MKTP.KD.ZG,2.46214356422551,wb_constant,standard
IDN,1986,NY.GDP.MKTP.KD.ZG,5.87504510359864,wb_constant,standard
IDN,1987,NY.GDP.MKTP.KD.ZG,4.92592736496611,wb_constant,standard
IDN,1988,NY.GDP.MKTP.KD.ZG,5.7804984881177,wb_constant,standard
IDN,1989,NY.GDP.MKTP.KD.ZG,7.45658692516847,wb_constant,standard
IDN,1990,NY.GDP.MKTP.KD.ZG,7.24213163856464,wb_constant,standard
IDN,1991,NY.GDP.MKTP.KD.ZG,6.91198283591309,wb_constant,standard
IDN,1992,NY.GDP.MKTP.KD.ZG,6.49750651682714,wb_constant,standard
IDN,1993,NY.GDP.MKTP.KD.ZG,6.49640812045304,wb_constant,standard
IDN,1994,NY.GDP.MKTP.KD.ZG,7.53997109551439,wb_constant,standard
IDN,1995,NY.GDP.MKTP.KD.ZG,8.22000739903493,wb_constant,standard
IDN,1996,NY.GDP.MKTP.KD.ZG,7.81818707670867,wb_constant,standard
IDN,1997,NY.GDP.MKTP.KD.ZG,4.69987885390397,wb_constant,standard
IDN,1998,NY.GDP.MKTP.KD.ZG,-13.1267254923818,wb_constant,standard
IDN,1999,NY.GDP.MKTP.KD.ZG,0.79112608199847,wb_constant,standard
IDN,2000,NY.GDP.MKTP.KD.ZG,4.9200677470169,wb_constant,standard
IDN,2001,NY.GDP.MKTP.KD.ZG,3.64346644721492,wb_constant,standard
IDN,2002,NY.GDP.MKTP.KD.ZG,4.49947539085764,wb_constant,standard
IDN,2003,NY.GDP.MKTP.KD.ZG,4.78036912167654,wb_constant,standard
IDN,2004,NY.GDP.MKTP.KD.ZG,5.03087394501685,wb_constant,standard
IDN,2005,NY.GDP.MKTP.KD.ZG,5.69257130383384,wb_constant,standard
IDN,2006,NY.GDP.MKTP.KD.ZG,5.50095178520348,wb_constant,standard
IDN,2007,NY.GDP.MKTP.KD.ZG,6.34502222667214,wb_constant,standard
IDN,2008,NY.GDP.MKTP.KD.ZG,6.01370360009123,wb_constant,standard
IDN,2009,NY.GDP.MKTP.KD.ZG,4.62887118256153,wb_constant,standard
IDN,2010,NY.GDP.MKTP.KD.ZG,6.22385418062366,wb_constant,standard
IDN,2011,NY.GDP.MKTP.KD.ZG,6.16978420771008,wb_constant,standard
IDN,2012,NY.GDP.MKTP.KD.ZG,6.03005065305615,wb_constant,standard
IDN,2013,NY.GDP.MKTP.KD.ZG,5.5572636889101,wb_constant,standard
IDN,2014,NY.GDP.MKTP.KD.ZG,5.006668425755,wb_constant,standard
IDN,2015,NY.GDP.MKTP.KD.ZG,4.87632230022123,wb_constant,standard
IDN,2016,NY.GDP.MKTP.KD.ZG,5.03306918280177,wb_constant,standard
IDN,2017,NY.GDP.MKTP.KD.ZG,5.06978590134916,wb_constant,standard
IDN,2018,NY.GDP.MKTP.KD.ZG,5.17429153955024,wb_constant,standard
IDN,2019,NY.GDP.MKTP.KD.ZG,5.01928768046282,wb_constant,standard
IDN,2020,NY.GDP.MKTP.KD.ZG,-2.06551182934165,wb_constant,standard
IDN,2021,NY.GDP.MKTP.KD.ZG,3.70288562827751,wb_constant,standard
IDN,2022,NY.GDP.MKTP.KD.ZG,5.30719722664799,wb_constant,standard
IDN,2023,NY.GDP.MKTP.KD.ZG,5.04883117855516,wb_constant,standard
IDN,2024,NY.GDP.MKTP.KD.ZG,5.03257477088519,wb_constant,standard
KHM,1960,NY.GDP.MKTP.KD.ZG,,wb_constant,standard
KHM,1961,NY.GDP.MKTP.KD.ZG,,wb_constant,standard
KHM,1962,NY.GDP.MKTP.KD.ZG,,wb_constant,standard
KHM,1963,NY.GDP.MKTP.KD.ZG,,wb_constant,standard
KHM,1964,NY.GDP.MKTP.KD.ZG,,wb_constant,standard
KHM,1965,NY.GDP.MKTP.KD.ZG,,wb_constant,standard
KHM,1966,NY.GDP.MKTP.KD.ZG,,wb_constant,standard
KHM,1967,NY.GDP.MKTP.KD.ZG,,wb_constant,standard
KHM,1968,NY.GDP.MKTP.KD.ZG,,wb_constant,standard
KHM,1969,NY.GDP.MKTP.KD.ZG,,wb_constant,standard
KHM,1970,NY.GDP.MKTP.KD.ZG,,wb_constant,standard
KHM,1971,NY.GDP.MKTP.KD.ZG,,wb_constant,standard
KHM,1972,NY.GDP.MKTP.KD.ZG,,wb_constant,standard
KHM,1973,NY.GDP.MKTP.KD.ZG,,wb_constant,standard
KHM,1974,NY.GDP.MKTP.KD.ZG,,wb_constant,standard
KHM,1975,NY.GDP.MKTP.KD.ZG,,wb_constant,standard
KHM,1976,NY.GDP.MKTP.KD.ZG,0.0,wb_constant,standard
KHM,1977,NY.GDP.MKTP.KD.ZG,-14.6764073144395,wb_constant,standard
KHM,1978,NY.GDP.MKTP.KD.ZG,0.0,wb_constant,standard
KHM,1979,NY.GDP.MKTP.KD.ZG,-12.8285637744816,wb_constant,standard
KHM,1980,NY.GDP.MKTP.KD.ZG,-5.66840616410634,wb_constant,standard
KHM,1981,NY.GDP.MKTP.KD.ZG,0.0410921165318001,wb_constant,standard
KHM,1982,NY.GDP.MKTP.KD.ZG,0.0,wb_constant,standard
KHM,1983,NY.GDP.MKTP.KD.ZG,4.43340631077345,wb_constant,standard
KHM,1984,NY.GDP.MKTP.KD.ZG,4.93207926062351,wb_constant,standard
KHM,1985,NY.GDP.MKTP.KD.ZG,4.67018404006252,wb_constant,standard
KHM,1986,NY.GDP.MKTP.KD.ZG,3.80081800784569,wb_constant,standard
KHM,1987,NY.GDP.MKTP.KD.ZG,21.5315192666416,wb_constant,standard
KHM,1988,NY.GDP.MKTP.KD.ZG,11.9769088837606,wb_constant,standard
KHM,1989,NY.GDP.MKTP.KD.ZG,3.47938318460915,wb_constant,standard
KHM,1990,NY.GDP.MKTP.KD.ZG,1.16231184838939,wb_constant,standard
KHM,1991,NY.GDP.MKTP.KD.ZG,7.59129793854025,wb_constant,standard
KHM,1992,NY.GDP.MKTP.KD.ZG,7.01753837770227,wb_constant,standard
KHM,1993,NY.GDP.MKTP.KD.ZG,4.09837080453724,wb_constant,standard
KHM,1994,NY.GDP.MKTP.KD.ZG,-34.808638773859,wb_constant,standard
KHM,1995,NY.GDP.MKTP.KD.ZG,9.90346890117173,wb_constant,standard
KHM,1996,NY.GDP.MKTP.KD.ZG,5.89750560694478,wb_constant,standard
KHM,1997,NY.GDP.MKTP.KD.ZG,4.00662107873787,wb_constant,standard
KHM,1998,NY.GDP.MKTP.KD.ZG,4.68163210426384,wb_constant,standard
KHM,1999,NY.GDP.MKTP.KD.ZG,12.7053811380498,wb_constant,standard
KHM,2000,NY.GDP.MKTP.KD.ZG,9.99358032292079,wb_constant,standard
KHM,2001,NY.GDP.MKTP.KD.ZG,7.38971065070517,wb_constant,standard
KHM,2002,NY.GDP.MKTP.KD.ZG,6.26507280509637,wb_constant,standard
KHM,2003,NY.GDP.MKTP.KD.ZG,10.2836813071691,wb_constant,standard
KHM,2004,NY.GDP.MKTP.KD.ZG,9.45769481103929,wb_constant,standard
KHM,2005,NY.GDP.MKTP.KD.ZG,13.3033338358455,wb_constant,standard
KHM,2006,NY.GDP.MKTP.KD.ZG,10.9433600681694,wb_constant,standard
KHM,2007,NY.GDP.MKTP.KD.ZG,10.398458101201,wb_constant,standard
KHM,2008,NY.GDP.MKTP.KD.ZG,7.47636606631011,wb_constant,standard
KHM,2009,NY.GDP.MKTP.KD.ZG,4.07477850599065,wb_constant,standard
KHM,2010,NY.GDP.MKTP.KD.ZG,5.07691843229247,wb_constant,standard
KHM,2011,NY.GDP.MKTP.KD.ZG,7.28665813879552,wb_constant,standard
KHM,2012,NY.GDP.MKTP.KD.ZG,7.65025657870362,wb_constant,standard
KHM,2013,NY.GDP.MKTP.KD.ZG,7.8574997554252,wb_constant,standard
KHM,2014,NY.GDP.MKTP.KD.ZG,8.00032074618566,wb_constant,standard
KHM,2015,NY.GDP.MKTP.KD.ZG,7.20703472529512,wb_constant,standard
KHM,2016,NY.GDP.MKTP.KD.ZG,7.90550116130704,wb_constant,standard
KHM,2017,NY.GDP.MKTP.KD.ZG,8.07503915535979,wb_constant,standard
KHM,2018,NY.GDP.MKTP.KD.ZG,8.77622376224463,wb_constant,standard
KHM,2019,NY.GDP.MKTP.KD.ZG,7.93695013588524,wb_constant,standard
KHM,2020,NY.GDP.MKTP.KD.ZG,-3.55572193406549,wb_constant,standard
KHM,2021,NY.GDP.MKTP.KD.ZG,3.08984284148661,wb_constant,standard
KHM,2022,NY.GDP.MKTP.KD.ZG,5.12990110773977,wb_constant,standard
KHM,2023,NY.GDP.MKTP.KD.ZG,5.00733043811898,wb_constant,standard
KHM,2024,NY.GDP.MKTP.KD.ZG,6.0158145735202,wb_constant,standard
LAO,1960,NY.GDP.MKTP.KD.ZG,,wb_constant,standard
LAO,1961,NY.GDP.MKTP.KD.ZG,,wb_constant,standard
LAO,1962,NY.GDP.MKTP.KD.ZG,,wb_constant,standard
LAO,1963,NY.GDP.MKTP.KD.ZG,,wb_constant,standard
LAO,1964,NY.GDP.MKTP.KD.ZG,,wb_constant,standard
LAO,1965,NY.GDP.MKTP.KD.ZG,,wb_constant,standard
LAO,1966,NY.GDP.MKTP.KD.ZG,,wb_constant,standard
LAO,1967,NY.GDP.MKTP.KD.ZG,,wb_constant,standard
LAO,1968,NY.GDP.MKTP.KD.ZG,,wb_constant,standard
LAO,1969,NY.GDP.MKTP.KD.ZG,,wb_constant,standard
LAO,1970,NY.GDP.MKTP.KD.ZG,,wb_constant,standard
LAO,1971,NY.GDP.MKTP.KD.ZG,,wb_constant,standard
LAO,1972,NY.GDP.MKTP.KD.ZG,,wb_constant,standard
LAO,1973,NY.GDP.MKTP.KD.ZG,,wb_constant,standard
LAO,1974,NY.GDP.MKTP.KD.ZG,,wb_constant,standard
LAO,1975,NY.GDP.MKTP.KD.ZG,,wb_constant,standard
LAO,1976,NY.GDP.MKTP.KD.ZG,,wb_constant,standard
LAO,1977,NY.GDP.MKTP.KD.ZG,,wb_constant,standard
LAO,1978,NY.GDP.MKTP.KD.ZG,,wb_constant,standard
LAO,1979,NY.GDP.MKTP.KD.ZG,,wb_constant,standard
LAO,1980,NY.GDP.MKTP.KD.ZG,,wb_constant,standard
LAO,1981,NY.GDP.MKTP.KD.ZG,,wb_constant,standard
LAO,1982,NY.GDP.MKTP.KD.ZG,,wb_constant,standard
LAO,1983,NY.GDP.MKTP.KD.ZG,,wb_constant,standard
LAO,1984,NY.GDP.MKTP.KD.ZG,,wb_constant,standard
LAO,1985,NY.GDP.MKTP.KD.ZG,5.06996394724837,wb_constant,standard
LAO,1986,NY.GDP.MKTP.KD.ZG,4.88513326275412,wb_constant,standard
LAO,1987,NY.GDP.MKTP.KD.ZG,-1.42579238293395,wb_constant,standard
LAO,1988,NY.GDP.MKTP.KD.ZG,-2.01020105305003,wb_constant,standard
LAO,1989,NY.GDP.MKTP.KD.ZG,14.1906366290998,wb_constant,standard
LAO,1990,NY.GDP.MKTP.KD.ZG,6.70457869081514,wb_constant,standard
LAO,1991,NY.GDP.MKTP.KD.ZG,4.29656364110154,wb_constant,standard
LAO,1992,NY.GDP.MKTP.KD.ZG,5.55985776817542,wb_constant,standard
LAO,1993,NY.GDP.MKTP.KD.ZG,5.91255655432118,wb_constant,standard
LAO,1994,NY.GDP.MKTP.KD.ZG,8.15901853271809,wb_constant,standard
LAO,1995,NY.GDP.MKTP.KD.ZG,7.03125432419004,wb_constant,standard
LAO,1996,NY.GDP.MKTP.KD.ZG,6.9283237283322,wb_constant,standard
LAO,1997,NY.GDP.MKTP.KD.ZG,6.87209127120695,wb_constant,standard
LAO,1998,NY.GDP.MKTP.KD.ZG,3.96760809197698,wb_constant,standard
LAO,1999,NY.GDP.MKTP.KD.ZG,7.30637607138169,wb_constant,standard
LAO,2000,NY.GDP.MKTP.KD.ZG,5.79878232861959,wb_constant,standard
LAO,2001,NY.GDP.MKTP.KD.ZG,5.75141287983195,wb_constant,standard
LAO,2002,NY.GDP.MKTP.KD.ZG,5.91874368370564,wb_constant,standard
LAO,2003,NY.GDP.MKTP.KD.ZG,6.06700230344272,wb_constant,standard
LAO,2004,NY.GDP.MKTP.KD.ZG,6.35769548008234,wb_constant,standard
LAO,2005,NY.GDP.MKTP.KD.ZG,7.10756836811267,wb_constant,standard
LAO,2006,NY.GDP.MKTP.KD.ZG,8.61926620832807,wb_constant,standard
LAO,2007,NY.GDP.MKTP.KD.ZG,7.59682880054878,wb_constant,standard
LAO,2008,NY.GDP.MKTP.KD.ZG,7.82490276337012,wb_constant,standard
LAO,2009,NY.GDP.MKTP.KD.ZG,7.50177491225853,wb_constant,standard
LAO,2010,NY.GDP.MKTP.KD.ZG,8.52690551739717,wb_constant,standard
LAO,2011,NY.GDP.MKTP.KD.ZG,8.03865268023725,wb_constant,standard
LAO,2012,NY.GDP.MKTP.KD.ZG,8.02609843461283,wb_constant,standard
LAO,2013,NY.GDP.MKTP.KD.ZG,8.02630022699017,wb_constant,standard
LAO,2014,NY.GDP.MKTP.KD.ZG,7.61196343979319,wb_constant,standard
LAO,2015,NY.GDP.MKTP.KD.ZG,7.27006584373785,wb_constant,standard
LAO,2016,NY.GDP.MKTP.KD.ZG,7.02283625501138,wb_constant,standard
LAO,2017,NY.GDP.MKTP.KD.ZG,6.8925308726989,wb_constant,standard
LAO,2018,NY.GDP.MKTP.KD.ZG,6.24796000755872,wb_constant,standard
LAO,2019,NY.GDP.MKTP.KD.ZG,5.4577350924848,wb_constant,standard
LAO,2020,NY.GDP.MKTP.KD.ZG,0.503031829018681,wb_constant,standard
LAO,2021,NY.GDP.MKTP.KD.ZG,2.52835100486102,wb_constant,standard
LAO,2022,NY.GDP.MKTP.KD.ZG,2.70742652643155,wb_constant,standard
LAO,2023,NY.GDP.MKTP.KD.ZG,3.74568140158232,wb_constant,standard
LAO,2024,NY.GDP.MKTP.KD.ZG,4.13019264438475,wb_constant,standard
MMR,1960,NY.GDP.MKTP.KD.ZG,,wb_constant,low
MMR,1961,NY.GDP.MKTP.KD.ZG,0.471561080379175,wb_constant,low
MMR,1962,NY.GDP.MKTP.KD.ZG,4.08687253044889,wb_constant,low
MMR,1963,NY.GDP.MKTP.KD.ZG,13.3492949251208,wb_constant,low
MMR,1964,NY.GDP.MKTP.KD.ZG,-5.8940188396242,wb_constant,low
MMR,1965,NY.GDP.MKTP.KD.ZG,10.6926495101691,wb_constant,low
MMR,1966,NY.GDP.MKTP.KD.ZG,-4.85177870419901,wb_constant,low
MMR,1967,NY.GDP.MKTP.KD.ZG,-5.92525888262607,wb_constant,low
MMR,1968,NY.GDP.MKTP.KD.ZG,12.0593401836478,wb_constant,low
MMR,1969,NY.GDP.MKTP.KD.ZG,3.29174112062336,wb_constant,low
MMR,1970,NY.GDP.MKTP.KD.ZG,4.97933059716335,wb_constant,low
MMR,1971,NY.GDP.MKTP.KD.ZG,4.12996244451452,wb_constant,low
MMR,1972,NY.GDP.MKTP.KD.ZG,2.43584137286746,wb_constant,low
MMR,1973,NY.GDP.MKTP.KD.ZG,-0.968124718340604,wb_constant,low
MMR,1974,NY.GDP.MKTP.KD.ZG,5.34237568950537,wb_constant,low
MMR,1975,NY.GDP.MKTP.KD.ZG,4.15270918852109,wb_constant,low
MMR,1976,NY.GDP.MKTP.KD.ZG,6.08039622930205,wb_constant,low
MMR,1977,NY.GDP.MKTP.KD.ZG,5.95228661057057,wb_constant,low
MMR,1978,NY.GDP.MKTP.KD.ZG,6.51781702314163,wb_constant,low
MMR,1979,NY.GDP.MKTP.KD.ZG,5.20127748073821,wb_constant,low
MMR,1980,NY.GDP.MKTP.KD.ZG,7.93853808083058,wb_constant,low
MMR,1981,NY.GDP.MKTP.KD.ZG,6.35575459195157,wb_constant,low
MMR,1982,NY.GDP.MKTP.KD.ZG,5.60387642556786,wb_constant,low
MMR,1983,NY.GDP.MKTP.KD.ZG,4.39109267988809,wb_constant,low
MMR,1984,NY.GDP.MKTP.KD.ZG,4.9327280261799,wb_constant,low
MMR,1985,NY.GDP.MKTP.KD.ZG,2.85100023868532,wb_constant,low
MMR,1986,NY.GDP.MKTP.KD.ZG,-1.05734875697635,wb_constant,low
MMR,1987,NY.GDP.MKTP.KD.ZG,-4.00563178606888,wb_constant,low
MMR,1988,NY.GDP.MKTP.KD.ZG,-11.3524394768121,wb_constant,low
MMR,1989,NY.GDP.MKTP.KD.ZG,3.69529742267716,wb_constant,low
MMR,1990,NY.GDP.MKTP.KD.ZG,2.81693327328911,wb_constant,standard
MMR,1991,NY.GDP.MKTP.KD.ZG,-0.650616908622624,wb_constant,standard
MMR,1992,NY.GDP.MKTP.KD.ZG,9.66094245346783,wb_constant,standard
MMR,1993,NY.GDP.MKTP.KD.ZG,6.03941022663199,wb_constant,standard
MMR,1994,NY.GDP.MKTP.KD.ZG,7.47795835834528,wb_constant,standard
MMR,1995,NY.GDP.MKTP.KD.ZG,6.94805143702995,wb_constant,standard
MMR,1996,NY.GDP.MKTP.KD.ZG,6.44271534713997,wb_constant,standard
MMR,1997,NY.GDP.MKTP.KD.ZG,5.65158296304853,wb_constant,standard
MMR,1998,NY.GDP.MKTP.KD.ZG,5.86621315328905,wb_constant,standard
MMR,1999,NY.GDP.MKTP.KD.ZG,10.9451299817104,wb_constant,standard
MMR,2000,NY.GDP.MKTP.KD.ZG,13.7459305561226,wb_constant,standard
MMR,2001,NY.GDP.MKTP.KD.ZG,11.3439970699605,wb_constant,standard
MMR,2002,NY.GDP.MKTP.KD.ZG,12.0255134340315,wb_constant,standard
MMR,2003,NY.GDP.MKTP.KD.ZG,13.8439968903798,wb_constant,standard
MMR,2004,NY.GDP.MKTP.KD.ZG,13.5646616163416,wb_constant,standard
MMR,2005,NY.GDP.MKTP.KD.ZG,13.5689500216456,wb_constant,standard
MMR,2006,NY.GDP.MKTP.KD.ZG,13.0761013792372,wb_constant,standard
MMR,2007,NY.GDP.MKTP.KD.ZG,11.9914352402146,wb_constant,standard
MMR,2008,NY.GDP.MKTP.KD.ZG,10.2553053929808,wb_constant,standard
MMR,2009,NY.GDP.MKTP.KD.ZG,10.5500090961932,wb_constant,standard
MMR,2010,NY.GDP.MKTP.KD.ZG,9.6344394520444,wb_constant,standard
MMR,2011,NY.GDP.MKTP.KD.ZG,5.59148237823661,wb_constant,standard
MMR,2012,NY.GDP.MKTP.KD.ZG,7.33267044704149,wb_constant,standard
MMR,2013,NY.GDP.MKTP.KD.ZG,8.42600102501767,wb_constant,standard
MMR,2014,NY.GDP.MKTP.KD.ZG,8.16990745558277,wb_constant,standard
MMR,2015,NY.GDP.MKTP.KD.ZG,6.99284029026121,wb_constant,standard
MMR,2016,NY.GDP.MKTP.KD.ZG,5.86247291518572,wb_constant,standard
MMR,2017,NY.GDP.MKTP.KD.ZG,6.13610824360305,wb_constant,standard
MMR,2018,NY.GDP.MKTP.KD.ZG,6.26886221471075,wb_constant,standard
MMR,2019,NY.GDP.MKTP.KD.ZG,6.57911006765414,wb_constant,standard
MMR,2020,NY.GDP.MKTP.KD.ZG,-9.04834717984643,wb_constant,standard
MMR,2021,NY.GDP.MKTP.KD.ZG,-12.0163724829177,wb_constant,standard
MMR,2022,NY.GDP.MKTP.KD.ZG,4.0374934360085,wb_constant,standard
MMR,2023,NY.GDP.MKTP.KD.ZG,0.958446625126115,wb_constant,standard
MMR,2024,NY.GDP.MKTP.KD.ZG,-0.97204641363362,wb_constant,standard
NPL,1960,NY.GDP.MKTP.KD.ZG,,wb_constant,standard
NPL,1961,NY.GDP.MKTP.KD.ZG,1.90826597185792,wb_constant,standard
NPL,1962,NY.GDP.MKTP.KD.ZG,1.91032003077318,wb_constant,standard
NPL,1963,NY.GDP.MKTP.KD.ZG,1.89511164479693,wb_constant,standard
NPL,1964,NY.GDP.MKTP.KD.ZG,7.53244855243838,wb_constant,standard
NPL,1965,NY.GDP.MKTP.KD.ZG,-1.2031890181289,wb_constant,standard
NPL,1966,NY.GDP.MKTP.KD.ZG,7.04064314491161,wb_constant,standard
NPL,1967,NY.GDP.MKTP.KD.ZG,-1.57149749972123,wb_constant,standard
NPL,1968,NY.GDP.MKTP.KD.ZG,0.675483463270709,wb_constant,standard
NPL,1969,NY.GDP.MKTP.KD.ZG,4.46342160331348,wb_constant,standard
NPL,1970,NY.GDP.MKTP.KD.ZG,2.57599212685933,wb_constant,standard
NPL,1971,NY.GDP.MKTP.KD.ZG,-1.19538330251048,wb_constant,standard
NPL,1972,NY.GDP.MKTP.KD.ZG,3.1178003639786,wb_constant,standard
NPL,1973,NY.GDP.MKTP.KD.ZG,-0.476536267743427,wb_constant,standard
NPL,1974,NY.GDP.MKTP.KD.ZG,6.33359037226893,wb_constant,standard
NPL,1975,NY.GDP.MKTP.KD.ZG,1.45647070933495,wb_constant,standard
NPL,1976,NY.GDP.MKTP.KD.ZG,4.3985361786365,wb_constant,standard
NPL,1977,NY.GDP.MKTP.KD.ZG,3.01697344206637,wb_constant,standard
NPL,1978,NY.GDP.MKTP.KD.ZG,4.40574138937914,wb_constant,standard
NPL,1979,NY.GDP.MKTP.KD.ZG,2.36887779523897,wb_constant,standard
NPL,1980,NY.GDP.MKTP.KD.ZG,-2.31939420500922,wb_constant,standard
NPL,1981,NY.GDP.MKTP.KD.ZG,8.34197413529236,wb_constant,standard
NPL,1982,NY.GDP.MKTP.KD.ZG,3.7793746536255,wb_constant,standard
NPL,1983,NY.GDP.MKTP.KD.ZG,-2.97740585726358,wb_constant,standard
NPL,1984,NY.GDP.MKTP.KD.ZG,9.68113001572144,wb_constant,standard
NPL,1985,NY.GDP.MKTP.KD.ZG,6.14490523732366,wb_constant,standard
NPL,1986,NY.GDP.MKTP.KD.ZG,4.56565054565317,wb_constant,standard
NPL,1987,NY.GDP.MKTP.KD.ZG,1.69561826572762,wb_constant,standard
NPL,1988,NY.GDP.MKTP.KD.ZG,7.6968087109188,wb_constant,standard
NPL,1989,NY.GDP.MKTP.KD.ZG,4.32964793285106,wb_constant,standard
NPL,1990,NY.GDP.MKTP.KD.ZG,4.63503634698831,wb_constant,standard
NPL,1991,NY.GDP.MKTP.KD.ZG,6.3681503973968,wb_constant,standard
NPL,1992,NY.GDP.MKTP.KD.ZG,4.10640661731669,wb_constant,standard
NPL,1993,NY.GDP.MKTP.KD.ZG,3.84985002629573,wb_constant,standard
NPL,1994,NY.GDP.MKTP.KD.ZG,8.21600269296587,wb_constant,standard
NPL,1995,NY.GDP.MKTP.KD.ZG,3.46845189309603,wb_constant,standard
NPL,1996,NY.GDP.MKTP.KD.ZG,5.32828417508708,wb_constant,standard
NPL,1997,NY.GDP.MKTP.KD.ZG,5.04861254517328,wb_constant,standard
NPL,1998,NY.GDP.MKTP.KD.ZG,3.01638947539399,wb_constant,standard
NPL,1999,NY.GDP.MKTP.KD.ZG,4.41257328041399,wb_constant,standard
NPL,2000,NY.GDP.MKTP.KD.ZG,6.19999998192236,wb_constant,standard
NPL,2001,NY.GDP.MKTP.KD.ZG,4.79989214255407,wb_constant,standard
NPL,2002,NY.GDP.MKTP.KD.ZG,0.120143177369414,wb_constant,standard
NPL,2003,NY.GDP.MKTP.KD.ZG,3.94503776051116,wb_constant,standard
NPL,2004,NY.GDP.MKTP.KD.ZG,4.68260325152944,wb_constant,standard
NPL,2005,NY.GDP.MKTP.KD.ZG,3.47918104829496,wb_constant,standard
NPL,2006,NY.GDP.MKTP.KD.ZG,3.36461478056277,wb_constant,standard
NPL,2007,NY.GDP.MKTP.KD.ZG,3.41156027980276,wb_constant,standard
NPL,2008,NY.GDP.MKTP.KD.ZG,6.10463914373472,wb_constant,standard
NPL,2009,NY.GDP.MKTP.KD.ZG,4.5330787246486,wb_constant,standard
NPL,2010,NY.GDP.MKTP.KD.ZG,4.81641464694573,wb_constant,standard
NPL,2011,NY.GDP.MKTP.KD.ZG,3.42180870116162,wb_constant,standard
NPL,2012,NY.GDP.MKTP.KD.ZG,4.67014192446953,wb_constant,standard
NPL,2013,NY.GDP.MKTP.KD.ZG,3.52515317129149,wb_constant,standard
NPL,2014,NY.GDP.MKTP.KD.ZG,6.01148284250441,wb_constant,standard
NPL,2015,NY.GDP.MKTP.KD.ZG,3.97605327162971,wb_constant,standard
NPL,2016,NY.GDP.MKTP.KD.ZG,0.433113719381524,wb_constant,standard
NPL,2017,NY.GDP.MKTP.KD.ZG,8.97727935643466,wb_constant,standard
NPL,2018,NY.GDP.MKTP.KD.ZG,7.62237610397933,wb_constant,standard
NPL,2019,NY.GDP.MKTP.KD.ZG,6.65705543110468,wb_constant,standard
NPL,2020,NY.GDP.MKTP.KD.ZG,-2.3696206292072,wb_constant,standard
NPL,2021,NY.GDP.MKTP.KD.ZG,4.838149614115,wb_constant,standard
NPL,2022,NY.GDP.MKTP.KD.ZG,5.6313145568451,wb_constant,standard
NPL,2023,NY.GDP.MKTP.KD.ZG,1.98254843461849,wb_constant,standard
NPL,2024,NY.GDP.MKTP.KD.ZG,3.67787459697703,wb_constant,standard
THA,1960,NY.GDP.MKTP.KD.ZG,,wb_constant,standard
THA,1961,NY.GDP.MKTP.KD.ZG,5.36214630168787,wb_constant,standard
THA,1962,NY.GDP.MKTP.KD.ZG,7.55425444784086,wb_constant,standard
THA,1963,NY.GDP.MKTP.KD.ZG,7.99983078698784,wb_constant,standard
THA,1964,NY.GDP.MKTP.KD.ZG,6.83099614370542,wb_constant,standard
THA,1965,NY.GDP.MKTP.KD.ZG,8.18166153767717,wb_constant,standard
THA,1966,NY.GDP.MKTP.KD.ZG,11.1225184946389,wb_constant,standard
THA,1967,NY.GDP.MKTP.KD.ZG,8.61598233328198,wb_constant,standard
THA,1968,NY.GDP.MKTP.KD.ZG,8.12227025554289,wb_constant,standard
THA,1969,NY.GDP.MKTP.KD.ZG,6.55065988587748,wb_constant,standard
THA,1970,NY.GDP.MKTP.KD.ZG,11.4079490662098,wb_constant,standard
THA,1971,NY.GDP.MKTP.KD.ZG,4.89537376024299,wb_constant,standard
THA,1972,NY.GDP.MKTP.KD.ZG,4.27850803861051,wb_constant,standard
THA,1973,NY.GDP.MKTP.KD.ZG,10.2364330148798,wb_constant,standard
THA,1974,NY.GDP.MKTP.KD.ZG,4.46625338575453,wb_constant,standard
THA,1975,NY.GDP.MKTP.KD.ZG,4.97040522766497,wb_constant,standard
THA,1976,NY.GDP.MKTP.KD.ZG,9.32681108178437,wb_constant,standard
THA,1977,NY.GDP.MKTP.KD.ZG,9.84346323531113,wb_constant,standard
THA,1978,NY.GDP.MKTP.KD.ZG,10.2957465349385,wb_constant,standard
THA,1979,NY.GDP.MKTP.KD.ZG,5.37176651254237,wb_constant,standard
THA,1980,NY.GDP.MKTP.KD.ZG,5.17354100571934,wb_constant,standard
THA,1981,NY.GDP.MKTP.KD.ZG,5.90686776303639,wb_constant,standard
THA,1982,NY.GDP.MKTP.KD.ZG,5.35234875066743,wb_constant,standard
THA,1983,NY.GDP.MKTP.KD.ZG,5.58420246919084,wb_constant,standard
THA,1984,NY.GDP.MKTP.KD.ZG,5.75243025148993,wb_constant,standard
THA,1985,NY.GDP.MKTP.KD.ZG,4.64724035659331,wb_constant,standard
THA,1986,NY.GDP.MKTP.KD.ZG,5.53382776724771,wb_constant,standard
THA,1987,NY.GDP.MKTP.KD.ZG,9.5189460221079,wb_constant,standard
THA,1988,NY.GDP.MKTP.KD.ZG,13.2881140717644,wb_constant,standard
THA,1989,NY.GDP.MKTP.KD.ZG,12.1905059866109,wb_constant,standard
THA,1990,NY.GDP.MKTP.KD.ZG,11.1671634446293,wb_constant,standard
THA,1991,NY.GDP.MKTP.KD.ZG,8.5582603212423,wb_constant,standard
THA,1992,NY.GDP.MKTP.KD.ZG,8.08338802345332,wb_constant,standard
THA,1993,NY.GDP.MKTP.KD.ZG,8.25191591524627,wb_constant,standard
THA,1994,NY.GDP.MKTP.KD.ZG,7.99702466720433,wb_constant,standard
THA,1995,NY.GDP.MKTP.KD.ZG,8.12031534625378,wb_constant,standard
THA,1996,NY.GDP.MKTP.KD.ZG,5.65194446499471,wb_constant,standard
THA,1997,NY.GDP.MKTP.KD.ZG,-2.75357515314082,wb_constant,standard
THA,1998,NY.GDP.MKTP.KD.ZG,-7.63403528600102,wb_constant,standard
THA,1999,NY.GDP.MKTP.KD.ZG,4.57230775115542,wb_constant,standard
THA,2000,NY.GDP.MKTP.KD.ZG,4.45524704335014,wb_constant,standard
THA,2001,NY.GDP.MKTP.KD.ZG,3.44424900968372,wb_constant,standard
THA,2002,NY.GDP.MKTP.KD.ZG,6.14903605210036,wb_constant,standard
THA,2003,NY.GDP.MKTP.KD.ZG,7.18924330340971,wb_constant,standard
THA,2004,NY.GDP.MKTP.KD.ZG,6.28934214285795,wb_constant,standard
THA,2005,NY.GDP.MKTP.KD.ZG,4.18763842884337,wb_constant,standard
THA,2006,NY.GDP.MKTP.KD.ZG,4.96781089246107,wb_constant,standard
THA,2007,NY.GDP.MKTP.KD.ZG,5.43515169050809,wb_constant,standard
THA,2008,NY.GDP.MKTP.KD.ZG,1.72569884866334,wb_constant,standard
THA,2009,NY.GDP.MKTP.KD.ZG,-0.690618232300579,wb_constant,standard
THA,2010,NY.GDP.MKTP.KD.ZG,7.51339053261624,wb_constant,standard
THA,2011,NY.GDP.MKTP.KD.ZG,0.840132083053334,wb_constant,standard
THA,2012,NY.GDP.MKTP.KD.ZG,7.24279620249642,wb_constant,standard
THA,2013,NY.GDP.MKTP.KD.ZG,2.68749556320556,wb_constant,standard
THA,2014,NY.GDP.MKTP.KD.ZG,0.984468863619426,wb_constant,standard
THA,2015,NY.GDP.MKTP.KD.ZG,3.13404724911635,wb_constant,standard
THA,2016,NY.GDP.MKTP.KD.ZG,3.43515771692182,wb_constant,standard
THA,2017,NY.GDP.MKTP.KD.ZG,4.1776810321001,wb_constant,standard
THA,2018,NY.GDP.MKTP.KD.ZG,4.22287028746071,wb_constant,standard
THA,2019,NY.GDP.MKTP.KD.ZG,2.11455779628278,wb_constant,standard
THA,2020,NY.GDP.MKTP.KD.ZG,-6.09306312966953,wb_constant,standard
THA,2021,NY.GDP.MKTP.KD.ZG,1.55858232076893,wb_constant,standard
THA,2022,NY.GDP.MKTP.KD.ZG,2.63784213566305,wb_constant,standard
THA,2023,NY.GDP.MKTP.KD.ZG,2.24883437970568,wb_constant,standard
THA,2024,NY.GDP.MKTP.KD.ZG,2.94859986593323,wb_constant,standard
VNM,1960,NY.GDP.MKTP.KD.ZG,,wb_constant,standard
VNM,1961,NY.GDP.MKTP.KD.ZG,,wb_constant,standard
VNM,1962,NY.GDP.MKTP.KD.ZG,,wb_constant,standard
VNM,1963,NY.GDP.MKTP.KD.ZG,,wb_constant,standard
VNM,1964,NY.GDP.MKTP.KD.ZG,,wb_constant,standard
VNM,1965,NY.GDP.MKTP.KD.ZG,,wb_constant,standard
VNM,1966,NY.GDP.MKTP.KD.ZG,,wb_constant,standard
VNM,1967,NY.GDP.MKTP.KD.ZG,,wb_constant,standard
VNM,1968,NY.GDP.MKTP.KD.ZG,,wb_constant,standard
VNM,1969,NY.GDP.MKTP.KD.ZG,,wb_constant,standard
VNM,1970,NY.GDP.MKTP.KD.ZG,,wb_constant,standard
VNM,1971,NY.GDP.MKTP.KD.ZG,,wb_constant,standard
VNM,1972,NY.GDP.MKTP.KD.ZG,,wb_constant,standard
VNM,1973,NY.GDP.MKTP.KD.ZG,,wb_constant,standard
VNM,1974,NY.GDP.MKTP.KD.ZG,,wb_constant,standard
VNM,1975,NY.GDP.MKTP.KD.ZG,,wb_constant,standard
VNM,1976,NY.GDP.MKTP.KD.ZG,,wb_constant,standard
VNM,1977,NY.GDP.MKTP.KD.ZG,,wb_constant,standard
VNM,1978,NY.GDP.MKTP.KD.ZG,,wb_constant,standard
VNM,1979,NY.GDP.MKTP.KD.ZG,,wb_constant,standard
VNM,1980,NY.GDP.MKTP.KD.ZG,,wb_constant,standard
VNM,1981,NY.GDP.MKTP.KD.ZG,,wb_constant,standard
VNM,1982,NY.GDP.MKTP.KD.ZG,,wb_constant,standard
VNM,1983,NY.GDP.MKTP.KD.ZG,,wb_constant,standard
VNM,1984,NY.GDP.MKTP.KD.ZG,,wb_constant,standard
VNM,1985,NY.GDP.MKTP.KD.ZG,3.80585566810947,wb_constant,standard
VNM,1986,NY.GDP.MKTP.KD.ZG,2.78929157479443,wb_constant,standard
VNM,1987,NY.GDP.MKTP.KD.ZG,3.5834696313072,wb_constant,standard
VNM,1988,NY.GDP.MKTP.KD.ZG,5.13501167157808,wb_constant,standard
VNM,1989,NY.GDP.MKTP.KD.ZG,7.36451289395819,wb_constant,standard
VNM,1990,NY.GDP.MKTP.KD.ZG,5.10091813908369,wb_constant,standard
VNM,1991,NY.GDP.MKTP.KD.ZG,5.96084393218912,wb_constant,standard
VNM,1992,NY.GDP.MKTP.KD.ZG,8.64604745934572,wb_constant,standard
VNM,1993,NY.GDP.MKTP.KD.ZG,8.07273065739605,wb_constant,standard
VNM,1994,NY.GDP.MKTP.KD.ZG,8.83898095245374,wb_constant,standard
VNM,1995,NY.GDP.MKTP.KD.ZG,9.54048017491264,wb_constant,standard
VNM,1996,NY.GDP.MKTP.KD.ZG,9.34001749939179,wb_constant,standard
VNM,1997,NY.GDP.MKTP.KD.ZG,8.1520841433542,wb_constant,standard
VNM,1998,NY.GDP.MKTP.KD.ZG,5.76445545848843,wb_constant,standard
VNM,1999,NY.GDP.MKTP.KD.ZG,4.77358688344989,wb_constant,standard
VNM,2000,NY.GDP.MKTP.KD.ZG,6.78731640463151,wb_constant,standard
VNM,2001,NY.GDP.MKTP.KD.ZG,6.19289331233377,wb_constant,standard
VNM,2002,NY.GDP.MKTP.KD.ZG,6.32082099160833,wb_constant,standard
VNM,2003,NY.GDP.MKTP.KD.ZG,6.89906349055258,wb_constant,standard
VNM,2004,NY.GDP.MKTP.KD.ZG,7.53641060890386,wb_constant,standard
VNM,2005,NY.GDP.MKTP.KD.ZG,7.54724772895918,wb_constant,standard
VNM,2006,NY.GDP.MKTP.KD.ZG,6.97795481056711,wb_constant,standard
VNM,2007,NY.GDP.MKTP.KD.ZG,7.12950448605439,wb_constant,standard
VNM,2008,NY.GDP.MKTP.KD.ZG,5.66177120891362,wb_constant,standard
VNM,2009,NY.GDP.MKTP.KD.ZG,5.39789754014181,wb_constant,standard
VNM,2010,NY.GDP.MKTP.KD.ZG,6.42324482239482,wb_constant,standard
VNM,2011,NY.GDP.MKTP.KD.ZG,6.41316889681683,wb_constant,standard
VNM,2012,NY.GDP.MKTP.KD.ZG,5.5045447041189,wb_constant,standard
VNM,2013,NY.GDP.MKTP.KD.ZG,5.55351081026072,wb_constant,standard
VNM,2014,NY.GDP.MKTP.KD.ZG,6.42224312118567,wb_constant,standard
VNM,2015,NY.GDP.MKTP.KD.ZG,6.98715430598611,wb_constant,standard
VNM,2016,NY.GDP.MKTP.KD.ZG,6.69000892660424,wb_constant,standard
VNM,2017,NY.GDP.MKTP.KD.ZG,6.94019037359206,wb_constant,standard
VNM,2018,NY.GDP.MKTP.KD.ZG,7.46500685572751,wb_constant,standard
VNM,2019,NY.GDP.MKTP.KD.ZG,7.35926270105006,wb_constant,standard
VNM,2020,NY.GDP.MKTP.KD.ZG,2.86541320912272,wb_constant,standard
VNM,2021,NY.GDP.MKTP.KD.ZG,2.55372852648131,wb_constant,standard
VNM,2022,NY.GDP.MKTP.KD.ZG,8.53750041218142,wb_constant,standard
VNM,2023,NY.GDP.MKTP.KD.ZG,4.97865959483225,wb_constant,standard
VNM,2024,NY.GDP.MKTP.KD.ZG,7.03955197123018,wb_constant,standard
BGD,1960,NY.GDP.PCAP.KD,429.398700910166,wb_constant,standard
BGD,1961,NY.GDP.PCAP.KD,442.754802776645,wb_constant,standard
BGD,1962,NY.GDP.PCAP.KD,453.534880895558,wb_constant,standard
BGD,1963,NY.GDP.PCAP.KD,438.497510023828,wb_constant,standard
BGD,1964,NY.GDP.PCAP.KD,472.526377856783,wb_constant,standard
BGD,1965,NY.GDP.PCAP.KD,466.297416230715,wb_constant,standard
BGD,1966,NY.GDP.PCAP.KD,464.560595017134,wb_constant,standard
BGD,1967,NY.GDP.PCAP.KD,442.631515109653,wb_constant,standard
BGD,1968,NY.GDP.PCAP.KD,470.576662620963,wb_constant,standard
BGD,1969,NY.GDP.PCAP.KD,462.973250718686,wb_constant,standard
BGD,1970,NY.GDP.PCAP.KD,476.495758008963,wb_constant,standard
BGD,1971,NY.GDP.PCAP.KD,442.581266509865,wb_constant,standard
BGD,1972,NY.GDP.PCAP.KD,373.483189983357,wb_constant,standard
BGD,1973,NY.GDP.PCAP.KD,375.01209712721,wb_constant,standard
BGD,1974,NY.GDP.PCAP.KD,399.510508130505,wb_constant,standard
BGD,1975,NY.GDP.PCAP.KD,373.260373696999,wb_constant,standard
BGD,1976,NY.GDP.PCAP.KD,384.509552028714,wb_constant,standard
BGD,1977,NY.GDP.PCAP.KD,385.08552032014,wb_constant,standard
BGD,1978,NY.GDP.PCAP.KD,402.385595931712,wb_constant,standard
BGD,1979,NY.GDP.PCAP.KD,411.669266520237,wb_constant,standard
BGD,1980,NY.GDP.PCAP.KD,405.226770259517,wb_constant,standard
BGD,1981,NY.GDP.PCAP.KD,423.537122867473,wb_constant,standard
BGD,1982,NY.GDP.PCAP.KD,420.872004532951,wb_constant,standard
BGD,1983,NY.GDP.PCAP.KD,425.646571168568,wb_constant,standard
BGD,1984,NY.GDP.PCAP.KD,434.782351604307,wb_constant,standard
BGD,1985,NY.GDP.PCAP.KD,438.382478828439,wb_constant,standard
BGD,1986,NY.GDP.PCAP.KD,446.08025306417,wb_constant,standard
BGD,1987,NY.GDP.PCAP.KD,452.659756923731,wb_constant,standard
BGD,1988,NY.GDP.PCAP.KD,453.839236883479,wb_constant,standard
BGD,1989,NY.GDP.PCAP.KD,457.254334777705,wb_constant,standard
BGD,1990,NY.GDP.PCAP.KD,473.444821021085,wb_constant,standard
BGD,1991,NY.GDP.PCAP.KD,480.673358976087,wb_constant,standard
BGD,1992,NY.GDP.PCAP.KD,497.371173735323,wb_constant,standard
BGD,1993,NY.GDP.PCAP.KD,511.193509421294,wb_constant,standard
BGD,1994,NY.GDP.PCAP.KD,521.323144726555,wb_constant,standard
BGD,1995,NY.GDP.PCAP.KD,537.931946643983,wb_constant,standard
BGD,1996,NY.GDP.PCAP.KD,552.077107138767,wb_constant,standard
BGD,1997,NY.GDP.PCAP.KD,566.271140847632,wb_constant,standard
BGD,1998,NY.GDP.PCAP.KD,584.448175174047,wb_constant,standard
BGD,1999,NY.GDP.PCAP.KD,600.232323162952,wb_constant,standard
BGD,2000,NY.GDP.PCAP.KD,620.560472822105,wb_constant,standard
BGD,2001,NY.GDP.PCAP.KD,641.288922876274,wb_constant,standard
BGD,2002,NY.GDP.PCAP.KD,655.672139362272,wb_constant,standard
BGD,2003,NY.GDP.PCAP.KD,676.826252046427,wb_constant,standard
BGD,2004,NY.GDP.PCAP.KD,702.656357081873,wb_constant,standard
BGD,2005,NY.GDP.PCAP.KD,739.203718353409,wb_constant,standard
BGD,2006,NY.GDP.PCAP.KD,779.419570444998,wb_constant,standard
BGD,2007,NY.GDP.PCAP.KD,825.508229964537,wb_constant,standard
BGD,2008,NY.GDP.PCAP.KD,866.45815762135,wb_constant,standard
BGD,2009,NY.GDP.PCAP.KD,901.729626251937,wb_constant,standard
BGD,2010,NY.GDP.PCAP.KD,943.66422864236,wb_constant,standard
BGD,2011,NY.GDP.PCAP.KD,995.579947155662,wb_constant,standard
BGD,2012,NY.GDP.PCAP.KD,1050.39140404066,wb_constant,standard
BGD,2013,NY.GDP.PCAP.KD,1103.15695907123,wb_constant,standard
BGD,2014,NY.GDP.PCAP.KD,1159.40753475981,wb_constant,standard
BGD,2015,NY.GDP.PCAP.KD,1224.38647668165,wb_constant,standard
BGD,2016,NY.GDP.PCAP.KD,1299.83091360792,wb_constant,standard
BGD,2017,NY.GDP.PCAP.KD,1373.75363740186,wb_constant,standard
BGD,2018,NY.GDP.PCAP.KD,1462.25050255713,wb_constant,standard
BGD,2019,NY.GDP.PCAP.KD,1564.20802445636,wb_constant,standard
BGD,2020,NY.GDP.PCAP.KD,1604.6659234742,wb_constant,standard
BGD,2021,NY.GDP.PCAP.KD,1702.08028414189,wb_constant,standard
BGD,2022,NY.GDP.PCAP.KD,1804.3493461776,wb_constant,standard
BGD,2023,NY.GDP.PCAP.KD,1885.37733613545,wb_constant,standard
BGD,2024,NY.GDP.PCAP.KD,1941.27874360025,wb_constant,standard
IDN,1960,NY.GDP.PCAP.KD,597.734506697936,wb_constant,standard
IDN,1961,NY.GDP.PCAP.KD,614.67800035292,wb_constant,standard
IDN,1962,NY.GDP.PCAP.KD,608.672830748941,wb_constant,standard
IDN,1963,NY.GDP.PCAP.KD,578.480952858822,wb_constant,standard
IDN,1964,NY.GDP.PCAP.KD,582.039622009982,wb_constant,standard
IDN,1965,NY.GDP.PCAP.KD,573.642474075567,wb_constant,standard
IDN,1966,NY.GDP.PCAP.KD,575.863301570169,wb_constant,standard
IDN,1967,NY.GDP.PCAP.KD,568.830963804607,wb_constant,standard
IDN,1968,NY.GDP.PCAP.KD,614.066837154833,wb_constant,standard
IDN,1969,NY.GDP.PCAP.KD,638.076485696931,wb_constant,standard
IDN,1970,NY.GDP.PCAP.KD,667.649761220022,wb_constant,standard
IDN,1971,NY.GDP.PCAP.KD,695.446971500357,wb_constant,standard
IDN,1972,NY.GDP.PCAP.KD,724.833992058908,wb_constant,standard
IDN,1973,NY.GDP.PCAP.KD,763.256635953719,wb_constant,standard
IDN,1974,NY.GDP.PCAP.KD,800.65408027571,wb_constant,standard
IDN,1975,NY.GDP.PCAP.KD,819.538910861999,wb_constant,standard
IDN,1976,NY.GDP.PCAP.KD,854.39856737846,wb_constant,standard
IDN,1977,NY.GDP.PCAP.KD,906.717766390934,wb_constant,standard
IDN,1978,NY.GDP.PCAP.KD,944.755242951634,wb_constant,standard
IDN,1979,NY.GDP.PCAP.KD,989.678300355954,wb_constant,standard
IDN,1980,NY.GDP.PCAP.KD,1061.791789401,wb_constant,standard
IDN,1981,NY.GDP.PCAP.KD,1119.39911020788,wb_constant,standard
IDN,1982,NY.GDP.PCAP.KD,1118.38320739334,wb_constant,standard
IDN,1983,NY.GDP.PCAP.KD,1139.00630123248,wb_constant,standard
IDN,1984,NY.GDP.PCAP.KD,1191.59058771764,wb_constant,standard
IDN,1985,NY.GDP.PCAP.KD,1195.12311547851,wb_constant,standard
IDN,1986,NY.GDP.PCAP.KD,1240.06475649342,wb_constant,standard
IDN,1987,NY.GDP.PCAP.KD,1276.13231995892,wb_constant,standard
IDN,1988,NY.GDP.PCAP.KD,1324.37572952378,wb_constant,standard
IDN,1989,NY.GDP.PCAP.KD,1396.699709074,wb_constant,standard
IDN,1990,NY.GDP.PCAP.KD,1470.91822258528,wb_constant,standard
IDN,1991,NY.GDP.PCAP.KD,1544.99580894527,wb_constant,standard
IDN,1992,NY.GDP.PCAP.KD,1617.10954872218,wb_constant,standard
IDN,1993,NY.GDP.PCAP.KD,1693.1074260189,wb_constant,standard
IDN,1994,NY.GDP.PCAP.KD,1790.32729962455,wb_constant,standard
IDN,1995,NY.GDP.PCAP.KD,1905.54236111238,wb_constant,standard
IDN,1996,NY.GDP.PCAP.KD,2020.99148132509,wb_constant,standard
IDN,1997,NY.GDP.PCAP.KD,2081.8416693962,wb_constant,standard
IDN,1998,NY.GDP.PCAP.KD,1780.20049544892,wb_constant,standard
IDN,1999,NY.GDP.PCAP.KD,1767.51466729756,wb_constant,standard
IDN,2000,NY.GDP.PCAP.KD,1828.10265968361,wb_constant,standard
IDN,2001,NY.GDP.PCAP.KD,1868.59172307292,wb_constant,standard
IDN,2002,NY.GDP.PCAP.KD,1926.37435868149,wb_constant,standard
IDN,2003,NY.GDP.PCAP.KD,1991.91820506473,wb_constant,standard
IDN,2004,NY.GDP.PCAP.KD,2065.70617470842,wb_constant,standard
IDN,2005,NY.GDP.PCAP.KD,2155.4478015921,wb_constant,standard
IDN,2006,NY.GDP.PCAP.KD,2244.0802226202,wb_constant,standard
IDN,2007,NY.GDP.PCAP.KD,2355.1528565328,wb_constant,standard
IDN,2008,NY.GDP.PCAP.KD,2464.60193418272,wb_constant,standard
IDN,2009,NY.GDP.PCAP.KD,2546.21969707767,wb_constant,standard
IDN,2010,NY.GDP.PCAP.KD,2670.8129098953,wb_constant,standard
IDN,2011,NY.GDP.PCAP.KD,2799.62468790318,wb_constant,standard
IDN,2012,NY.GDP.PCAP.KD,2930.518445323,wb_constant,standard
IDN,2013,NY.GDP.PCAP.KD,3055.24246006469,wb_constant,standard
IDN,2014,NY.GDP.PCAP.KD,3170.72103011429,wb_constant,standard
IDN,2015,NY.GDP.PCAP.KD,3288.22269725538,wb_constant,standard
IDN,2016,NY.GDP.PCAP.KD,3416.81005170972,wb_constant,standard
IDN,2017,NY.GDP.PCAP.KD,3553.51999262321,wb_constant,standard
IDN,2018,NY.GDP.PCAP.KD,3701.32155461912,wb_constant,standard
IDN,2019,NY.GDP.PCAP.KD,3850.90321738979,wb_constant,standard
IDN,2020,NY.GDP.PCAP.KD,3739.44906563161,wb_constant,standard
IDN,2021,NY.GDP.PCAP.KD,3850.68877253903,wb_constant,standard
IDN,2022,NY.GDP.PCAP.KD,4024.91225288391,wb_constant,standard
IDN,2023,NY.GDP.PCAP.KD,4192.64401034181,wb_constant,standard
IDN,2024,NY.GDP.PCAP.KD,4367.94741847938,wb_constant,standard
KHM,1960,NY.GDP.PCAP.KD,,wb_constant,standard
KHM,1961,NY.GDP.PCAP.KD,,wb_constant,standard
KHM,1962,NY.GDP.PCAP.KD,,wb_constant,standard
KHM,1963,NY.GDP.PCAP.KD,,wb_constant,standard
KHM,1964,NY.GDP.PCAP.KD,,wb_constant,standard
KHM,1965,NY.GDP.PCAP.KD,,wb_constant,standard
KHM,1966,NY.GDP.PCAP.KD,,wb_constant,standard
KHM,1967,NY.GDP.PCAP.KD,,wb_constant,standard
KHM,1968,NY.GDP.PCAP.KD,,wb_constant,standard
KHM,1969,NY.GDP.PCAP.KD,,wb_constant,standard
KHM,1970,NY.GDP.PCAP.KD,,wb_constant,standard
KHM,1971,NY.GDP.PCAP.KD,,wb_constant,standard
KHM,1972,NY.GDP.PCAP.KD,,wb_constant,standard
KHM,1973,NY.GDP.PCAP.KD,,wb_constant,standard
KHM,1974,NY.GDP.PCAP.KD,,wb_constant,standard
KHM,1975,NY.GDP.PCAP.KD,775.61301310347,wb_constant,standard
KHM,1976,NY.GDP.PCAP.KD,832.046370021047,wb_constant,standard
KHM,1977,NY.GDP.PCAP.KD,768.349009368511,wb_constant,standard
KHM,1978,NY.GDP.PCAP.KD,835.709043830217,wb_constant,standard
KHM,1979,NY.GDP.PCAP.KD,746.08572413472,wb_constant,standard
KHM,1980,NY.GDP.PCAP.KD,688.762215998489,wb_constant,standard
KHM,1981,NY.GDP.PCAP.KD,678.011250962987,wb_constant,standard
KHM,1982,NY.GDP.PCAP.KD,659.062242599126,wb_constant,standard
KHM,1983,NY.GDP.PCAP.KD,663.885539072704,wb_constant,standard
KHM,1984,NY.GDP.PCAP.KD,671.730248753369,wb_constant,standard
KHM,1985,NY.GDP.PCAP.KD,679.989551081934,wb_constant,standard
KHM,1986,NY.GDP.PCAP.KD,678.670094090388,wb_constant,standard
KHM,1987,NY.GDP.PCAP.KD,790.553706971779,wb_constant,standard
KHM,1988,NY.GDP.PCAP.KD,852.223975284837,wb_constant,standard
KHM,1989,NY.GDP.PCAP.KD,849.279049748096,wb_constant,standard
KHM,1990,NY.GDP.PCAP.KD,824.051655825487,wb_constant,standard
KHM,1991,NY.GDP.PCAP.KD,850.610221173097,wb_constant,standard
KHM,1992,NY.GDP.PCAP.KD,862.478030887335,wb_constant,standard
KHM,1993,NY.GDP.PCAP.KD,845.382004291868,wb_constant,standard
KHM,1994,NY.GDP.PCAP.KD,513.967147967874,wb_constant,standard
KHM,1995,NY.GDP.PCAP.KD,520.926883186145,wb_constant,standard
KHM,1996,NY.GDP.PCAP.KD,511.670349597704,wb_constant,standard
KHM,1997,NY.GDP.PCAP.KD,496.770551310941,wb_constant,standard
KHM,1998,NY.GDP.PCAP.KD,499.016649050833,wb_constant,standard
KHM,1999,NY.GDP.PCAP.KD,552.901492232643,wb_constant,standard
KHM,2000,NY.GDP.PCAP.KD,598.561915252147,wb_constant,standard
KHM,2001,NY.GDP.PCAP.KD,632.833573980849,wb_constant,standard
KHM,2002,NY.GDP.PCAP.KD,662.188341283454,wb_constant,standard
KHM,2003,NY.GDP.PCAP.KD,719.333494240509,wb_constant,standard
KHM,2004,NY.GDP.PCAP.KD,775.847139030978,wb_constant,standard
KHM,2005,NY.GDP.PCAP.KD,866.340290123209,wb_constant,standard
KHM,2006,NY.GDP.PCAP.KD,947.065220050691,wb_constant,standard
KHM,2007,NY.GDP.PCAP.KD,1030.23117620792,wb_constant,standard
KHM,2008,NY.GDP.PCAP.KD,1090.57475806147,wb_constant,standard
KHM,2009,NY.GDP.PCAP.KD,1117.25834194514,wb_constant,standard
KHM,2010,NY.GDP.PCAP.KD,1155.85236856699,wb_constant,standard
KHM,2011,NY.GDP.PCAP.KD,1221.38839852454,wb_constant,standard
KHM,2012,NY.GDP.PCAP.KD,1295.25271477893,wb_constant,standard
KHM,2013,NY.GDP.PCAP.KD,1376.29557595926,wb_constant,standard
KHM,2014,NY.GDP.PCAP.KD,1464.53115866927,wb_constant,standard
KHM,2015,NY.GDP.PCAP.KD,1547.32010444393,wb_constant,standard
KHM,2016,NY.GDP.PCAP.KD,1645.46671578126,wb_constant,standard
KHM,2017,NY.GDP.PCAP.KD,1753.93530504662,wb_constant,standard
KHM,2018,NY.GDP.PCAP.KD,1884.28374817086,wb_constant,standard
KHM,2019,NY.GDP.PCAP.KD,2008.32094006706,wb_constant,standard
KHM,2020,NY.GDP.PCAP.KD,1908.63427518336,wb_constant,standard
KHM,2021,NY.GDP.PCAP.KD,1938.76436741728,wb_constant,standard
KHM,2022,NY.GDP.PCAP.KD,2011.27433313262,wb_constant,standard
KHM,2023,NY.GDP.PCAP.KD,2085.05748462122,wb_constant,standard
KHM,2024,NY.GDP.PCAP.KD,2183.55682401667,wb_constant,standard
LAO,1960,NY.GDP.PCAP.KD,,wb_constant,standard
LAO,1961,NY.GDP.PCAP.KD,,wb_constant,standard
LAO,1962,NY.GDP.PCAP.KD,,wb_constant,standard
LAO,1963,NY.GDP.PCAP.KD,,wb_constant,standard
LAO,1964,NY.GDP.PCAP.KD,,wb_constant,standard
LAO,1965,NY.GDP.PCAP.KD,,wb_constant,standard
LAO,1966,NY.GDP.PCAP.KD,,wb_constant,standard
LAO,1967,NY.GDP.PCAP.KD,,wb_constant,standard
LAO,1968,NY.GDP.PCAP.KD,,wb_constant,standard
LAO,1969,NY.GDP.PCAP.KD,,wb_constant,standard
LAO,1970,NY.GDP.PCAP.KD,,wb_constant,standard
LAO,1971,NY.GDP.PCAP.KD,,wb_constant,standard
LAO,1972,NY.GDP.PCAP.KD,,wb_constant,standard
LAO,1973,NY.GDP.PCAP.KD,,wb_constant,standard
LAO,1974,NY.GDP.PCAP.KD,,wb_constant,standard
LAO,1975,NY.GDP.PCAP.KD,,wb_constant,standard
LAO,1976,NY.GDP.PCAP.KD,,wb_constant,standard
LAO,1977,NY.GDP.PCAP.KD,,wb_constant,standard
LAO,1978,NY.GDP.PCAP.KD,,wb_constant,standard
LAO,1979,NY.GDP.PCAP.KD,,wb_constant,standard
LAO,1980,NY.GDP.PCAP.KD,,wb_constant,standard
LAO,1981,NY.GDP.PCAP.KD,,wb_constant,standard
LAO,1982,NY.GDP.PCAP.KD,,wb_constant,standard
LAO,1983,NY.GDP.PCAP.KD,,wb_constant,standard
LAO,1984,NY.GDP.PCAP.KD,579.867782983835,wb_constant,standard
LAO,1985,NY.GDP.PCAP.KD,592.627301998099,wb_constant,standard
LAO,1986,NY.GDP.PCAP.KD,604.331788271833,wb_constant,standard
LAO,1987,NY.GDP.PCAP.KD,579.022620522311,wb_constant,standard
LAO,1988,NY.GDP.PCAP.KD,551.363163716143,wb_constant,standard
LAO,1989,NY.GDP.PCAP.KD,611.822069881845,wb_constant,standard
LAO,1990,NY.GDP.PCAP.KD,634.525297009385,wb_constant,standard
LAO,1991,NY.GDP.PCAP.KD,643.410259077746,wb_constant,standard
LAO,1992,NY.GDP.PCAP.KD,660.633861954064,wb_constant,standard
LAO,1993,NY.GDP.PCAP.KD,680.964153708638,wb_constant,standard
LAO,1994,NY.GDP.PCAP.KD,717.509245108717,wb_constant,standard
LAO,1995,NY.GDP.PCAP.KD,749.234741728538,wb_constant,standard
LAO,1996,NY.GDP.PCAP.KD,782.683156535545,wb_constant,standard
LAO,1997,NY.GDP.PCAP.KD,819.205851313643,wb_constant,standard
LAO,1998,NY.GDP.PCAP.KD,836.088098507116,wb_constant,standard
LAO,1999,NY.GDP.PCAP.KD,881.634129609675,wb_constant,standard
LAO,2000,NY.GDP.PCAP.KD,917.228038617529,wb_constant,standard
LAO,2001,NY.GDP.PCAP.KD,954.123505414634,wb_constant,standard
LAO,2002,NY.GDP.PCAP.KD,994.492241963795,wb_constant,standard
LAO,2003,NY.GDP.PCAP.KD,1038.71192767783,wb_constant,standard
LAO,2004,NY.GDP.PCAP.KD,1088.76034728831,wb_constant,standard
LAO,2005,NY.GDP.PCAP.KD,1148.68153852071,wb_constant,standard
LAO,2006,NY.GDP.PCAP.KD,1228.08927619923,wb_constant,standard
LAO,2007,NY.GDP.PCAP.KD,1301.08597549864,wb_constant,standard
LAO,2008,NY.GDP.PCAP.KD,1381.73754223953,wb_constant,standard
LAO,2009,NY.GDP.PCAP.KD,1463.3379666846,wb_constant,standard
LAO,2010,NY.GDP.PCAP.KD,1564.91068311647,wb_constant,standard
LAO,2011,NY.GDP.PCAP.KD,1666.40086189871,wb_constant,standard
LAO,2012,NY.GDP.PCAP.KD,1774.63585203672,wb_constant,standard
LAO,2013,NY.GDP.PCAP.KD,1890.27861294875,wb_constant,standard
LAO,2014,NY.GDP.PCAP.KD,2006.31195444447,wb_constant,standard
LAO,2015,NY.GDP.PCAP.KD,2121.01339097363,wb_constant,standard
LAO,2016,NY.GDP.PCAP.KD,2234.76098741846,wb_constant,standard
LAO,2017,NY.GDP.PCAP.KD,2351.57441747595,wb_constant,standard
LAO,2018,NY.GDP.PCAP.KD,2459.97874636195,wb_constant,standard
LAO,2019,NY.GDP.PCAP.KD,2554.95638019245,wb_constant,standard
LAO,2020,NY.GDP.PCAP.KD,2529.74622698761,wb_constant,standard
LAO,2021,NY.GDP.PCAP.KD,2556.58912640405,wb_constant,standard
LAO,2022,NY.GDP.PCAP.KD,2589.05015191628,wb_constant,standard
LAO,2023,NY.GDP.PCAP.KD,2648.88726608035,wb_constant,standard
LAO,2024,NY.GDP.PCAP.KD,2721.07810663122,wb_constant,standard
MMR,1960,NY.GDP.PCAP.KD,129.772040231178,wb_constant,low
MMR,1961,NY.GDP.PCAP.KD,127.564281190731,wb_constant,low
MMR,1962,NY.GDP.PCAP.KD,129.887941416412,wb_constant,low
MMR,1963,NY.GDP.PCAP.KD,144.000792900245,wb_constant,low
MMR,1964,NY.GDP.PCAP.KD,132.522439576165,wb_constant,low
MMR,1965,NY.GDP.PCAP.KD,143.41721780798,wb_constant,low
MMR,1966,NY.GDP.PCAP.KD,133.398254665006,wb_constant,low
MMR,1967,NY.GDP.PCAP.KD,122.678900960351,wb_constant,low
MMR,1968,NY.GDP.PCAP.KD,134.388136936628,wb_constant,low
MMR,1969,NY.GDP.PCAP.KD,135.702756195556,wb_constant,low
MMR,1970,NY.GDP.PCAP.KD,139.275133597401,wb_constant,low
MMR,1971,NY.GDP.PCAP.KD,141.823799627108,wb_constant,low
MMR,1972,NY.GDP.PCAP.KD,142.104344664286,wb_constant,low
MMR,1973,NY.GDP.PCAP.KD,137.829004501709,wb_constant,low
MMR,1974,NY.GDP.PCAP.KD,142.387514060567,wb_constant,low
MMR,1975,NY.GDP.PCAP.KD,145.457960079312,wb_constant,low
MMR,1976,NY.GDP.PCAP.KD,151.381528101688,wb_constant,low
MMR,1977,NY.GDP.PCAP.KD,157.337620355275,wb_constant,low
MMR,1978,NY.GDP.PCAP.KD,164.35842013127,wb_constant,low
MMR,1979,NY.GDP.PCAP.KD,169.599433098917,wb_constant,low
MMR,1980,NY.GDP.PCAP.KD,179.588600928215,wb_constant,low
MMR,1981,NY.GDP.PCAP.KD,187.439973498442,wb_constant,low
MMR,1982,NY.GDP.PCAP.KD,194.360862265949,wb_constant,low
MMR,1983,NY.GDP.PCAP.KD,198.973143501783,wb_constant,low
MMR,1984,NY.GDP.PCAP.KD,204.503943959468,wb_constant,low
MMR,1985,NY.GDP.PCAP.KD,206.179024168361,wb_constant,low
MMR,1986,NY.GDP.PCAP.KD,200.215576805336,wb_constant,low
MMR,1987,NY.GDP.PCAP.KD,188.871667527298,wb_constant,low
MMR,1988,NY.GDP.PCAP.KD,164.700416639705,wb_constant,low
MMR,1989,NY.GDP.PCAP.KD,168.113854204979,wb_constant,low
MMR,1990,NY.GDP.PCAP.KD,170.233436726449,wb_constant,standard
MMR,1991,NY.GDP.PCAP.KD,166.710439947526,wb_constant,standard
MMR,1992,NY.GDP.PCAP.KD,180.333227417253,wb_constant,standard
MMR,1993,NY.GDP.PCAP.KD,188.680525344668,wb_constant,standard
MMR,1994,NY.GDP.PCAP.KD,200.124788541397,wb_constant,standard
MMR,1995,NY.GDP.PCAP.KD,211.265635944507,wb_constant,standard
MMR,1996,NY.GDP.PCAP.KD,222.013359775898,wb_constant,standard
MMR,1997,NY.GDP.PCAP.KD,231.587954116039,wb_constant,standard
MMR,1998,NY.GDP.PCAP.KD,242.132148131424,wb_constant,standard
MMR,1999,NY.GDP.PCAP.KD,265.455335144782,wb_constant,standard
MMR,2000,NY.GDP.PCAP.KD,298.590464506047,wb_constant,standard
MMR,2001,NY.GDP.PCAP.KD,328.973872708996,wb_constant,standard
MMR,2002,NY.GDP.PCAP.KD,364.855800192477,wb_constant,standard
MMR,2003,NY.GDP.PCAP.KD,411.498764121919,wb_constant,standard
MMR,2004,NY.GDP.PCAP.KD,463.330135715332,wb_constant,standard
MMR,2005,NY.GDP.PCAP.KD,522.099544784661,wb_constant,standard
MMR,2006,NY.GDP.PCAP.KD,586.085579927418,wb_constant,standard
MMR,2007,NY.GDP.PCAP.KD,651.729730890268,wb_constant,standard
MMR,2008,NY.GDP.PCAP.KD,714.620419017338,wb_constant,standard
MMR,2009,NY.GDP.PCAP.KD,785.634853157894,wb_constant,standard
MMR,2010,NY.GDP.PCAP.KD,854.932478016035,wb_constant,standard
MMR,2011,NY.GDP.PCAP.KD,895.512538750361,wb_constant,standard
MMR,2012,NY.GDP.PCAP.KD,953.123081923425,wb_constant,standard
MMR,2013,NY.GDP.PCAP.KD,1024.69060473254,wb_constant,standard
MMR,2014,NY.GDP.PCAP.KD,1099.24387750099,wb_constant,standard
MMR,2015,NY.GDP.PCAP.KD,1166.73305546337,wb_constant,standard
MMR,2016,NY.GDP.PCAP.KD,1225.37913970989,wb_constant,standard
MMR,2017,NY.GDP.PCAP.KD,1290.5640902569,wb_constant,standard
MMR,2018,NY.GDP.PCAP.KD,1361.5683126412,wb_constant,standard
MMR,2019,NY.GDP.PCAP.KD,1440.98988236734,wb_constant,standard
MMR,2020,NY.GDP.PCAP.KD,1301.31386350667,wb_constant,standard
MMR,2021,NY.GDP.PCAP.KD,1136.9956605414,wb_constant,standard
MMR,2022,NY.GDP.PCAP.KD,1174.76697945755,wb_constant,standard
MMR,2023,NY.GDP.PCAP.KD,1177.76649645563,wb_constant,standard
MMR,2024,NY.GDP.PCAP.KD,1158.47928097728,wb_constant,standard
NPL,1960,NY.GDP.PCAP.KD,327.155239909957,wb_constant,standard
NPL,1961,NY.GDP.PCAP.KD,327.106042340229,wb_constant,standard
NPL,1962,NY.GDP.PCAP.KD,326.931761367814,wb_constant,standard
NPL,1963,NY.GDP.PCAP.KD,326.647935131857,wb_constant,standard
NPL,1964,NY.GDP.PCAP.KD,344.303003365182,wb_constant,standard
NPL,1965,NY.GDP.PCAP.KD,333.249080677851,wb_constant,standard
NPL,1966,NY.GDP.PCAP.KD,349.354951533981,wb_constant,standard
NPL,1967,NY.GDP.PCAP.KD,336.664372577306,wb_constant,standard
NPL,1968,NY.GDP.PCAP.KD,331.720617039361,wb_constant,standard
NPL,1969,NY.GDP.PCAP.KD,339.099773054614,wb_constant,standard
NPL,1970,NY.GDP.PCAP.KD,340.306833356848,wb_constant,standard
NPL,1971,NY.GDP.PCAP.KD,328.993729996026,wb_constant,standard
NPL,1972,NY.GDP.PCAP.KD,331.963144339485,wb_constant,standard
NPL,1973,NY.GDP.PCAP.KD,323.260045911092,wb_constant,standard
NPL,1974,NY.GDP.PCAP.KD,336.306374003459,wb_constant,standard
NPL,1975,NY.GDP.PCAP.KD,333.76929822544,wb_constant,standard
NPL,1976,NY.GDP.PCAP.KD,340.906119257416,wb_constant,standard
NPL,1977,NY.GDP.PCAP.KD,343.403337654578,wb_constant,standard
NPL,1978,NY.GDP.PCAP.KD,350.30570504545,wb_constant,standard
NPL,1979,NY.GDP.PCAP.KD,350.320446364022,wb_constant,standard
NPL,1980,NY.GDP.PCAP.KD,334.219179007322,wb_constant,standard
NPL,1981,NY.GDP.PCAP.KD,353.700814105005,wb_constant,standard
NPL,1982,NY.GDP.PCAP.KD,358.609920101425,wb_constant,standard
NPL,1983,NY.GDP.PCAP.KD,339.778376746619,wb_constant,standard
NPL,1984,NY.GDP.PCAP.KD,364.032308849685,wb_constant,standard
NPL,1985,NY.GDP.PCAP.KD,377.725353860231,wb_constant,standard
NPL,1986,NY.GDP.PCAP.KD,386.340559561214,wb_constant,standard
NPL,1987,NY.GDP.PCAP.KD,384.659636696973,wb_constant,standard
NPL,1988,NY.GDP.PCAP.KD,405.638929689076,wb_constant,standard
NPL,1989,NY.GDP.PCAP.KD,413.894023064039,wb_constant,standard
NPL,1990,NY.GDP.PCAP.KD,422.724738575869,wb_constant,standard
NPL,1991,NY.GDP.PCAP.KD,438.15619419594,wb_constant,standard
NPL,1992,NY.GDP.PCAP.KD,443.462044821677,wb_constant,standard
NPL,1993,NY.GDP.PCAP.KD,448.13094087379,wb_constant,standard
NPL,1994,NY.GDP.PCAP.KD,472.951082824345,wb_constant,standard
NPL,1995,NY.GDP.PCAP.KD,477.741099613336,wb_constant,standard
NPL,1996,NY.GDP.PCAP.KD,492.212428031946,wb_constant,standard
NPL,1997,NY.GDP.PCAP.KD,506.426874424217,wb_constant,standard
NPL,1998,NY.GDP.PCAP.KD,511.54871132025,wb_constant,standard
NPL,1999,NY.GDP.PCAP.KD,524.27256909301,wb_constant,standard
NPL,2000,NY.GDP.PCAP.KD,547.221082273632,wb_constant,standard
NPL,2001,NY.GDP.PCAP.KD,564.28622920391,wb_constant,standard
NPL,2002,NY.GDP.PCAP.KD,556.438454538796,wb_constant,standard
NPL,2003,NY.GDP.PCAP.KD,570.28967363428,wb_constant,standard
NPL,2004,NY.GDP.PCAP.KD,589.46992868617,wb_constant,standard
NPL,2005,NY.GDP.PCAP.KD,603.190108570995,wb_constant,standard
NPL,2006,NY.GDP.PCAP.KD,617.477638588722,wb_constant,standard
NPL,2007,NY.GDP.PCAP.KD,633.226129136597,wb_constant,standard
NPL,2008,NY.GDP.PCAP.KD,666.865095417138,wb_constant,standard
NPL,2009,NY.GDP.PCAP.KD,692.400000816919,wb_constant,standard
NPL,2010,NY.GDP.PCAP.KD,721.265221364302,wb_constant,standard
NPL,2011,NY.GDP.PCAP.KD,742.617252662576,wb_constant,standard
NPL,2012,NY.GDP.PCAP.KD,775.310578479839,wb_constant,standard
NPL,2013,NY.GDP.PCAP.KD,801.039060847856,wb_constant,standard
NPL,2014,NY.GDP.PCAP.KD,846.665541773599,wb_constant,standard
NPL,2015,NY.GDP.PCAP.KD,875.543635474862,wb_constant,standard
NPL,2016,NY.GDP.PCAP.KD,875.188943730855,wb_constant,standard
NPL,2017,NY.GDP.PCAP.KD,951.857298563641,wb_constant,standard
NPL,2018,NY.GDP.PCAP.KD,1021.91492204011,wb_constant,standard
NPL,2019,NY.GDP.PCAP.KD,1077.11796498188,wb_constant,standard
NPL,2020,NY.GDP.PCAP.KD,1031.53618783934,wb_constant,standard
NPL,2021,NY.GDP.PCAP.KD,1062.7888430629,wb_constant,standard
NPL,2022,NY.GDP.PCAP.KD,1113.55462341223,wb_constant,standard
NPL,2023,NY.GDP.PCAP.KD,1136.4276931197,wb_constant,standard
NPL,2024,NY.GDP.PCAP.KD,1179.95499311034,wb_constant,standard
THA,1960,NY.GDP.PCAP.KD,592.465635112506,wb_constant,standard
THA,1961,NY.GDP.PCAP.KD,606.205592712551,wb_constant,standard
THA,1962,NY.GDP.PCAP.KD,632.983035716153,wb_constant,standard
THA,1963,NY.GDP.PCAP.KD,663.55436582592,wb_constant,standard
THA,1964,NY.GDP.PCAP.KD,688.017307298417,wb_constant,standard
THA,1965,NY.GDP.PCAP.KD,722.392299176819,wb_constant,standard
THA,1966,NY.GDP.PCAP.KD,779.304978301365,wb_constant,standard
THA,1967,NY.GDP.PCAP.KD,822.065821475732,wb_constant,standard
THA,1968,NY.GDP.PCAP.KD,863.617164738641,wb_constant,standard
THA,1969,NY.GDP.PCAP.KD,894.636115562961,wb_constant,standard
THA,1970,NY.GDP.PCAP.KD,969.511716318085,wb_constant,standard
THA,1971,NY.GDP.PCAP.KD,989.909220029885,wb_constant,standard
THA,1972,NY.GDP.PCAP.KD,1005.14454673498,wb_constant,standard
THA,1973,NY.GDP.PCAP.KD,1079.19199094554,wb_constant,standard
THA,1974,NY.GDP.PCAP.KD,1099.02939594966,wb_constant,standard
THA,1975,NY.GDP.PCAP.KD,1125.83955126106,wb_constant,standard
THA,1976,NY.GDP.PCAP.KD,1202.74424654629,wb_constant,standard
THA,1977,NY.GDP.PCAP.KD,1291.9197681028,wb_constant,standard
THA,1978,NY.GDP.PCAP.KD,1394.18134022016,wb_constant,standard
THA,1979,NY.GDP.PCAP.KD,1438.53929504306,wb_constant,standard
THA,1980,NY.GDP.PCAP.KD,1482.08742004737,wb_constant,standard
THA,1981,NY.GDP.PCAP.KD,1538.43127414973,wb_constant,standard
THA,1982,NY.GDP.PCAP.KD,1589.42168596819,wb_constant,standard
THA,1983,NY.GDP.PCAP.KD,1645.99169094684,wb_constant,standard
THA,1984,NY.GDP.PCAP.KD,1707.9308019841,wb_constant,standard
THA,1985,NY.GDP.PCAP.KD,1754.62716249659,wb_constant,standard
THA,1986,NY.GDP.PCAP.KD,1818.90504659625,wb_constant,standard
THA,1987,NY.GDP.PCAP.KD,1957.75963674452,wb_constant,standard
THA,1988,NY.GDP.PCAP.KD,2180.41358654182,wb_constant,standard
THA,1989,NY.GDP.PCAP.KD,2406.26996824545,wb_constant,standard
THA,1990,NY.GDP.PCAP.KD,2631.51971095863,wb_constant,standard
THA,1991,NY.GDP.PCAP.KD,2810.56702001316,wb_constant,standard
THA,1992,NY.GDP.PCAP.KD,2989.85385369019,wb_constant,standard
THA,1993,NY.GDP.PCAP.KD,3186.99707103229,wb_constant,standard
THA,1994,NY.GDP.PCAP.KD,3391.48986604062,wb_constant,standard
THA,1995,NY.GDP.PCAP.KD,3614.93244016732,wb_constant,standard
THA,1996,NY.GDP.PCAP.KD,3766.86364433088,wb_constant,standard
THA,1997,NY.GDP.PCAP.KD,3614.60848543994,wb_constant,standard
THA,1998,NY.GDP.PCAP.KD,3295.36018381294,wb_constant,standard
THA,1999,NY.GDP.PCAP.KD,3403.08737356896,wb_constant,standard
THA,2000,NY.GDP.PCAP.KD,3514.71662970608,wb_constant,standard
THA,2001,NY.GDP.PCAP.KD,3599.02524877358,wb_constant,standard
THA,2002,NY.GDP.PCAP.KD,3783.75422073266,wb_constant,standard
THA,2003,NY.GDP.PCAP.KD,4018.15538187068,wb_constant,standard
THA,2004,NY.GDP.PCAP.KD,4232.77157261934,wb_constant,standard
THA,2005,NY.GDP.PCAP.KD,4372.25730206261,wb_constant,standard
THA,2006,NY.GDP.PCAP.KD,4551.5250018314,wb_constant,standard
THA,2007,NY.GDP.PCAP.KD,4760.66708464831,wb_constant,standard
THA,2008,NY.GDP.PCAP.KD,4805.76393990836,wb_constant,standard
THA,2009,NY.GDP.PCAP.KD,4737.45679763314,wb_constant,standard
THA,2010,NY.GDP.PCAP.KD,5059.35747831657,wb_constant,standard
THA,2011,NY.GDP.PCAP.KD,5070.23740191942,wb_constant,standard
THA,2012,NY.GDP.PCAP.KD,5403.87846036273,wb_constant,standard
THA,2013,NY.GDP.PCAP.KD,5516.61164164135,wb_constant,standard
THA,2014,NY.GDP.PCAP.KD,5541.46599361845,wb_constant,standard
THA,2015,NY.GDP.PCAP.KD,5688.85335397884,wb_constant,standard
THA,2016,NY.GDP.PCAP.KD,5857.78052935926,wb_constant,standard
THA,2017,NY.GDP.PCAP.KD,6076.74307700082,wb_constant,standard
THA,2018,NY.GDP.PCAP.KD,6314.19948412043,wb_constant,standard
THA,2019,NY.GDP.PCAP.KD,6434.53770518034,wb_constant,standard
THA,2020,NY.GDP.PCAP.KD,6032.42244606793,wb_constant,standard
THA,2021,NY.GDP.PCAP.KD,6119.11018526099,wb_constant,standard
THA,2022,NY.GDP.PCAP.KD,6279.82250415973,wb_constant,standard
THA,2023,NY.GDP.PCAP.KD,6423.99101164149,wb_constant,standard
THA,2024,NY.GDP.PCAP.KD,6616.58539335928,wb_constant,standard
VNM,1960,NY.GDP.PCAP.KD,,wb_constant,standard
VNM,1961,NY.GDP.PCAP.KD,,wb_constant,standard
VNM,1962,NY.GDP.PCAP.KD,,wb_constant,standard
VNM,1963,NY.GDP.PCAP.KD,,wb_constant,standard
VNM,1964,NY.GDP.PCAP.KD,,wb_constant,standard
VNM,1965,NY.GDP.PCAP.KD,,wb_constant,standard
VNM,1966,NY.GDP.PCAP.KD,,wb_constant,standard
VNM,1967,NY.GDP.PCAP.KD,,wb_constant,standard
VNM,1968,NY.GDP.PCAP.KD,,wb_constant,standard
VNM,1969,NY.GDP.PCAP.KD,,wb_constant,standard
VNM,1970,NY.GDP.PCAP.KD,,wb_constant,standard
VNM,1971,NY.GDP.PCAP.KD,,wb_constant,standard
VNM,1972,NY.GDP.PCAP.KD,,wb_constant,standard
VNM,1973,NY.GDP.PCAP.KD,,wb_constant,standard
VNM,1974,NY.GDP.PCAP.KD,,wb_constant,standard
VNM,1975,NY.GDP.PCAP.KD,,wb_constant,standard
VNM,1976,NY.GDP.PCAP.KD,,wb_constant,standard
VNM,1977,NY.GDP.PCAP.KD,,wb_constant,standard
VNM,1978,NY.GDP.PCAP.KD,,wb_constant,standard
VNM,1979,NY.GDP.PCAP.KD,,wb_constant,standard
VNM,1980,NY.GDP.PCAP.KD,,wb_constant,standard
VNM,1981,NY.GDP.PCAP.KD,,wb_constant,standard
VNM,1982,NY.GDP.PCAP.KD,,wb_constant,standard
VNM,1983,NY.GDP.PCAP.KD,,wb_constant,standard
VNM,1984,NY.GDP.PCAP.KD,595.491333343053,wb_constant,standard
VNM,1985,NY.GDP.PCAP.KD,603.977495797078,wb_constant,standard
VNM,1986,NY.GDP.PCAP.KD,607.58999788783,wb_constant,standard
VNM,1987,NY.GDP.PCAP.KD,616.715148033271,wb_constant,standard
VNM,1988,NY.GDP.PCAP.KD,635.398203948006,wb_constant,standard
VNM,1989,NY.GDP.PCAP.KD,668.323172497837,wb_constant,standard
VNM,1990,NY.GDP.PCAP.KD,687.860316254161,wb_constant,standard
VNM,1991,NY.GDP.PCAP.KD,713.747210806804,wb_constant,standard
VNM,1992,NY.GDP.PCAP.KD,759.910853953724,wb_constant,standard
VNM,1993,NY.GDP.PCAP.KD,805.606443630458,wb_constant,standard
VNM,1994,NY.GDP.PCAP.KD,861.122422555836,wb_constant,standard
VNM,1995,NY.GDP.PCAP.KD,927.625512005765,wb_constant,standard
VNM,1996,NY.GDP.PCAP.KD,998.924907248853,wb_constant,standard
VNM,1997,NY.GDP.PCAP.KD,1064.77802859908,wb_constant,standard
VNM,1998,NY.GDP.PCAP.KD,1110.1126773248,wb_constant,standard
VNM,1999,NY.GDP.PCAP.KD,1148.04465210832,wb_constant,standard
VNM,2000,NY.GDP.PCAP.KD,1212.19657794381,wb_constant,standard
VNM,2001,NY.GDP.PCAP.KD,1273.8052690094,wb_constant,standard
VNM,2002,NY.GDP.PCAP.KD,1340.51670460271,wb_constant,standard
VNM,2003,NY.GDP.PCAP.KD,1418.74337471509,wb_constant,standard
VNM,2004,NY.GDP.PCAP.KD,1510.94449049599,wb_constant,standard
VNM,2005,NY.GDP.PCAP.KD,1609.96268313651,wb_constant,standard
VNM,2006,NY.GDP.PCAP.KD,1699.67620343393,wb_constant,standard
VNM,2007,NY.GDP.PCAP.KD,1788.9485028957,wb_constant,standard
VNM,2008,NY.GDP.PCAP.KD,1856.00519883979,wb_constant,standard
VNM,2009,NY.GDP.PCAP.KD,1927.13427057454,wb_constant,standard
VNM,2010,NY.GDP.PCAP.KD,2027.58184375924,wb_constant,standard
VNM,2011,NY.GDP.PCAP.KD,2132.90453762087,wb_constant,standard
VNM,2012,NY.GDP.PCAP.KD,2224.11404253256,wb_constant,standard
VNM,2013,NY.GDP.PCAP.KD,2320.08431444934,wb_constant,standard
VNM,2014,NY.GDP.PCAP.KD,2439.28655744423,wb_constant,standard
VNM,2015,NY.GDP.PCAP.KD,2577.56885340113,wb_constant,standard
VNM,2016,NY.GDP.PCAP.KD,2715.57887431272,wb_constant,standard
VNM,2017,NY.GDP.PCAP.KD,2868.13680013379,wb_constant,standard
VNM,2018,NY.GDP.PCAP.KD,3048.28327602145,wb_constant,standard
VNM,2019,NY.GDP.PCAP.KD,3241.07648966529,wb_constant,standard
VNM,2020,NY.GDP.PCAP.KD,3303.16949807493,wb_constant,standard
VNM,2021,NY.GDP.PCAP.KD,3358.21734764714,wb_constant,standard
VNM,2022,NY.GDP.PCAP.KD,3617.66311280437,wb_constant,standard
VNM,2023,NY.GDP.PCAP.KD,3772.36029116103,wb_constant,standard
VNM,2024,NY.GDP.PCAP.KD,4012.50779921084,wb_constant,standard
BGD,1960,SE.SEC.ENRR,,wb_constant,standard
BGD,1961,SE.SEC.ENRR,,wb_constant,standard
BGD,1962,SE.SEC.ENRR,,wb_constant,standard
BGD,1963,SE.SEC.ENRR,,wb_constant,standard
BGD,1964,SE.SEC.ENRR,,wb_constant,standard
BGD,1965,SE.SEC.ENRR,,wb_constant,standard
BGD,1966,SE.SEC.ENRR,,wb_constant,standard
BGD,1967,SE.SEC.ENRR,,wb_constant,standard
BGD,1968,SE.SEC.ENRR,,wb_constant,standard
BGD,1969,SE.SEC.ENRR,,wb_constant,standard
BGD,1970,SE.SEC.ENRR,,wb_constant,standard
BGD,1971,SE.SEC.ENRR,,wb_constant,standard
BGD,1972,SE.SEC.ENRR,,wb_constant,standard
BGD,1973,SE.SEC.ENRR,18.770450592041,wb_constant,standard
BGD,1974,SE.SEC.ENRR,,wb_constant,standard
BGD,1975,SE.SEC.ENRR,,wb_constant,standard
BGD,1976,SE.SEC.ENRR,16.5570602416992,wb_constant,standard
BGD,1977,SE.SEC.ENRR,16.6743297576904,wb_constant,standard
BGD,1978,SE.SEC.ENRR,,wb_constant,standard
BGD,1979,SE.SEC.ENRR,16.9423198699951,wb_constant,standard
BGD,1980,SE.SEC.ENRR,18.8754196166992,wb_constant,standard
BGD,1981,SE.SEC.ENRR,16.7868995666504,wb_constant,standard
BGD,1982,SE.SEC.ENRR,,wb_constant,standard
BGD,1983,SE.SEC.ENRR,20.1548004150391,wb_constant,standard
BGD,1984,SE.SEC.ENRR,20.423620223999,wb_constant,standard
BGD,1985,SE.SEC.ENRR,19.8446998596191,wb_constant,standard
BGD,1986,SE.SEC.ENRR,19.3086490631104,wb_constant,standard
BGD,1987,SE.SEC.ENRR,19.5772895812988,wb_constant,standard
BGD,1988,SE.SEC.ENRR,19.4372291564941,wb_constant,standard
BGD,1989,SE.SEC.ENRR,19.3137493133545,wb_constant,standard
BGD,1990,SE.SEC.ENRR,19.8893508911133,wb_constant,standard
BGD,1991,SE.SEC.ENRR,,wb_constant,standard
BGD,1992,SE.SEC.ENRR,,wb_constant,standard
BGD,1993,SE.SEC.ENRR,,wb_constant,standard
BGD,1994,SE.SEC.ENRR,,wb_constant,standard
BGD,1995,SE.SEC.ENRR,,wb_constant,standard
BGD,1996,SE.SEC.ENRR,,wb_constant,standard
BGD,1997,SE.SEC.ENRR,,wb_constant,standard
BGD,1998,SE.SEC.ENRR,41.9298782348633,wb_constant,standard
BGD,1999,SE.SEC.ENRR,45.0674591064453,wb_constant,standard
BGD,2000,SE.SEC.ENRR,46.7210006713867,wb_constant,standard
BGD,2001,SE.SEC.ENRR,48.4609718322754,wb_constant,standard
BGD,2002,SE.SEC.ENRR,49.6199493408203,wb_constant,standard
BGD,2003,SE.SEC.ENRR,49.5259017944336,wb_constant,standard
BGD,2004,SE.SEC.ENRR,46.3084297180176,wb_constant,standard
BGD,2005,SE.SEC.ENRR,45.1695098876953,wb_constant,standard
BGD,2006,SE.SEC.ENRR,45.7007904052734,wb_constant,standard
BGD,2007,SE.SEC.ENRR,46.4658813476562,wb_constant,standard
BGD,2008,SE.SEC.ENRR,44.5729598999023,wb_constant,standard
BGD,2009,SE.SEC.ENRR,48.1255798339844,wb_constant,standard
BGD,2010,SE.SEC.ENRR,49.5031106793162,wb_constant,standard
BGD,2011,SE.SEC.ENRR,49.7515496494472,wb_constant,standard
BGD,2012,SE.SEC.ENRR,51.6718482971191,wb_constant,standard
BGD,2013,SE.SEC.ENRR,55.6214332189314,wb_constant,standard
BGD,2014,SE.SEC.ENRR,,wb_constant,standard
BGD,2015,SE.SEC.ENRR,59.4217414855957,wb_constant,standard
BGD,2016,SE.SEC.ENRR,64.1664546117285,wb_constant,standard
BGD,2017,SE.SEC.ENRR,62.3408639225315,wb_constant,standard
BGD,2018,SE.SEC.ENRR,65.2714888764112,wb_constant,standard
BGD,2019,SE.SEC.ENRR,65.1185413488915,wb_constant,standard
BGD,2020,SE.SEC.ENRR,66.4329548486639,wb_constant,standard
BGD,2021,SE.SEC.ENRR,66.8282318620991,wb_constant,standard
BGD,2022,SE.SEC.ENRR,67.0384586440383,wb_constant,standard
BGD,2023,SE.SEC.ENRR,65.9856598598849,wb_constant,standard
BGD,2024,SE.SEC.ENRR,64.2997191043961,wb_constant,standard
IDN,1960,SE.SEC.ENRR,,wb_constant,standard
IDN,1961,SE.SEC.ENRR,,wb_constant,standard
IDN,1962,SE.SEC.ENRR,,wb_constant,standard
IDN,1963,SE.SEC.ENRR,,wb_constant,standard
IDN,1964,SE.SEC.ENRR,,wb_constant,standard
IDN,1965,SE.SEC.ENRR,,wb_constant,standard
IDN,1966,SE.SEC.ENRR,,wb_constant,standard
IDN,1967,SE.SEC.ENRR,,wb_constant,standard
IDN,1968,SE.SEC.ENRR,,wb_constant,standard
IDN,1969,SE.SEC.ENRR,,wb_constant,standard
IDN,1970,SE.SEC.ENRR,18.1371803283691,wb_constant,standard
IDN,1971,SE.SEC.ENRR,18.5684204101562,wb_constant,standard
IDN,1972,SE.SEC.ENRR,18.7084407806396,wb_constant,standard
IDN,1973,SE.SEC.ENRR,19.0864906311035,wb_constant,standard
IDN,1974,SE.SEC.ENRR,19.7005405426025,wb_constant,standard
IDN,1975,SE.SEC.ENRR,21.2188205718994,wb_constant,standard
IDN,1976,SE.SEC.ENRR,21.9720592498779,wb_constant,standard
IDN,1977,SE.SEC.ENRR,22.6294994354248,wb_constant,standard
IDN,1978,SE.SEC.ENRR,23.9719200134277,wb_constant,standard
IDN,1979,SE.SEC.ENRR,,wb_constant,standard
IDN,1980,SE.SEC.ENRR,,wb_constant,standard
IDN,1981,SE.SEC.ENRR,28.1177997589111,wb_constant,standard
IDN,1982,SE.SEC.ENRR,30.2682590484619,wb_constant,standard
IDN,1983,SE.SEC.ENRR,33.7440910339355,wb_constant,standard
IDN,1984,SE.SEC.ENRR,34.0133781433105,wb_constant,standard
IDN,1985,SE.SEC.ENRR,,wb_constant,standard
IDN,1986,SE.SEC.ENRR,41.732608795166,wb_constant,standard
IDN,1987,SE.SEC.ENRR,47.2123985290527,wb_constant,standard
IDN,1988,SE.SEC.ENRR,49.2854995727539,wb_constant,standard
IDN,1989,SE.SEC.ENRR,49.2470512390137,wb_constant,standard
IDN,1990,SE.SEC.ENRR,46.7410583496094,wb_constant,standard
IDN,1991,SE.SEC.ENRR,45.0060997009277,wb_constant,standard
IDN,1992,SE.SEC.ENRR,44.1988410949707,wb_constant,standard
IDN,1993,SE.SEC.ENRR,43.8151893615723,wb_constant,standard
IDN,1994,SE.SEC.ENRR,44.7341918945312,wb_constant,standard
IDN,1995,SE.SEC.ENRR,47.5401992797852,wb_constant,standard
IDN,1996,SE.SEC.ENRR,50.3027992248535,wb_constant,standard
IDN,1997,SE.SEC.ENRR,53.9802284240723,wb_constant,standard
IDN,1998,SE.SEC.ENRR,54.2718887329102,wb_constant,standard
IDN,1999,SE.SEC.ENRR,54.5970916748047,wb_constant,standard
IDN,2000,SE.SEC.ENRR,55.5976295471191,wb_constant,standard
IDN,2001,SE.SEC.ENRR,56.2273216247559,wb_constant,standard
IDN,2002,SE.SEC.ENRR,57.646598815918,wb_constant,standard
IDN,2003,SE.SEC.ENRR,60.7244682312012,wb_constant,standard
IDN,2004,SE.SEC.ENRR,62.9758682250977,wb_constant,standard
IDN,2005,SE.SEC.ENRR,61.6382789611816,wb_constant,standard
IDN,2006,SE.SEC.ENRR,64.6422119140625,wb_constant,standard
IDN,2007,SE.SEC.ENRR,71.8545074462891,wb_constant,standard
IDN,2008,SE.SEC.ENRR,70.1684417724609,wb_constant,standard
IDN,2009,SE.SEC.ENRR,74.5035934448242,wb_constant,standard
IDN,2010,SE.SEC.ENRR,75.6519088745117,wb_constant,standard
IDN,2011,SE.SEC.ENRR,78.1330718994141,wb_constant,standard
IDN,2012,SE.SEC.ENRR,80.0926818847656,wb_constant,standard
IDN,2013,SE.SEC.ENRR,81.8896974781343,wb_constant,standard
IDN,2014,SE.SEC.ENRR,83.5559949258569,wb_constant,standard
IDN,2015,SE.SEC.ENRR,87.8423207929976,wb_constant,standard
IDN,2016,SE.SEC.ENRR,87.8191791728036,wb_constant,standard
IDN,2017,SE.SEC.ENRR,90.9455391241064,wb_constant,standard
IDN,2018,SE.SEC.ENRR,92.8120739600443,wb_constant,standard
IDN,2019,SE.SEC.ENRR,94.9467044891028,wb_constant,standard
IDN,2020,SE.SEC.ENRR,96.9345779132931,wb_constant,standard
IDN,2021,SE.SEC.ENRR,97.8441479813619,wb_constant,standard
IDN,2022,SE.SEC.ENRR,97.8167602714893,wb_constant,standard
IDN,2023,SE.SEC.ENRR,96.0002120295081,wb_constant,standard
IDN,2024,SE.SEC.ENRR,98.836444459078,wb_constant,standard
KHM,1960,SE.SEC.ENRR,,wb_constant,standard
KHM,1961,SE.SEC.ENRR,,wb_constant,standard
KHM,1962,SE.SEC.ENRR,,wb_constant,standard
KHM,1963,SE.SEC.ENRR,,wb_constant,standard
KHM,1964,SE.SEC.ENRR,,wb_constant,standard
KHM,1965,SE.SEC.ENRR,,wb_constant,standard
KHM,1966,SE.SEC.ENRR,,wb_constant,standard
KHM,1967,SE.SEC.ENRR,,wb_constant,standard
KHM,1968,SE.SEC.ENRR,,wb_constant,standard
KHM,1969,SE.SEC.ENRR,,wb_constant,standard
KHM,1970,SE.SEC.ENRR,,wb_constant,standard
KHM,1971,SE.SEC.ENRR,9.24367046356201,wb_constant,standard
KHM,1972,SE.SEC.ENRR,10.6544799804688,wb_constant,standard
KHM,1973,SE.SEC.ENRR,,wb_constant,standard
KHM,1974,SE.SEC.ENRR,,wb_constant,standard
KHM,1975,SE.SEC.ENRR,,wb_constant,standard
KHM,1976,SE.SEC.ENRR,,wb_constant,standard
KHM,1977,SE.SEC.ENRR,,wb_constant,standard
KHM,1978,SE.SEC.ENRR,,wb_constant,standard
KHM,1979,SE.SEC.ENRR,,wb_constant,standard
KHM,1980,SE.SEC.ENRR,,wb_constant,standard
KHM,1981,SE.SEC.ENRR,,wb_constant,standard
KHM,1982,SE.SEC.ENRR,,wb_constant,standard
KHM,1983,SE.SEC.ENRR,,wb_constant,standard
KHM,1984,SE.SEC.ENRR,,wb_constant,standard
KHM,1985,SE.SEC.ENRR,,wb_constant,standard
KHM,1986,SE.SEC.ENRR,,wb_constant,standard
KHM,1987,SE.SEC.ENRR,,wb_constant,standard
KHM,1988,SE.SEC.ENRR,,wb_constant,standard
KHM,1989,SE.SEC.ENRR,,wb_constant,standard
KHM,1990,SE.SEC.ENRR,,wb_constant,standard
KHM,1991,SE.SEC.ENRR,38.5556716918945,wb_constant,standard
KHM,1992,SE.SEC.ENRR,,wb_constant,standard
KHM,1993,SE.SEC.ENRR,,wb_constant,standard
KHM,1994,SE.SEC.ENRR,,wb_constant,standard
KHM,1995,SE.SEC.ENRR,,wb_constant,standard
KHM,1996,SE.SEC.ENRR,,wb_constant,standard
KHM,1997,SE.SEC.ENRR,,wb_constant,standard
KHM,1998,SE.SEC.ENRR,16.9208698272705,wb_constant,standard
KHM,1999,SE.SEC.ENRR,16.5827503204346,wb_constant,standard
KHM,2000,SE.SEC.ENRR,18.1284408569336,wb_constant,standard
KHM,2001,SE.SEC.ENRR,20.176570892334,wb_constant,standard
KHM,2002,SE.SEC.ENRR,23.8959407806396,wb_constant,standard
KHM,2003,SE.SEC.ENRR,27.8392200469971,wb_constant,standard
KHM,2004,SE.SEC.ENRR,30.9775104522705,wb_constant,standard
KHM,2005,SE.SEC.ENRR,,wb_constant,standard
KHM,2006,SE.SEC.ENRR,39.1435394287109,wb_constant,standard
KHM,2007,SE.SEC.ENRR,41.7365608215332,wb_constant,standard
KHM,2008,SE.SEC.ENRR,44.2504997253418,wb_constant,standard
KHM,2009,SE.SEC.ENRR,,wb_constant,standard
KHM,2010,SE.SEC.ENRR,,wb_constant,standard
KHM,2011,SE.SEC.ENRR,,wb_constant,standard
KHM,2012,SE.SEC.ENRR,,wb_constant,standard
KHM,2013,SE.SEC.ENRR,,wb_constant,standard
KHM,2014,SE.SEC.ENRR,,wb_constant,standard
KHM,2015,SE.SEC.ENRR,,wb_constant,standard
KHM,2016,SE.SEC.ENRR,,wb_constant,standard
KHM,2017,SE.SEC.ENRR,48.9424458707368,wb_constant,standard
KHM,2018,SE.SEC.ENRR,50.199099715459,wb_constant,standard
KHM,2019,SE.SEC.ENRR,49.7344518908574,wb_constant,standard
KHM,2020,SE.SEC.ENRR,51.8196983337402,wb_constant,standard
KHM,2021,SE.SEC.ENRR,54.2809323078227,wb_constant,standard
KHM,2022,SE.SEC.ENRR,55.1346812645406,wb_constant,standard
KHM,2023,SE.SEC.ENRR,56.7864734981041,wb_constant,standard
KHM,2024,SE.SEC.ENRR,58.7893230437643,wb_constant,standard
LAO,1960,SE.SEC.ENRR,,wb_constant,standard
LAO,1961,SE.SEC.ENRR,,wb_constant,standard
LAO,1962,SE.SEC.ENRR,,wb_constant,standard
LAO,1963,SE.SEC.ENRR,,wb_constant,standard
LAO,1964,SE.SEC.ENRR,,wb_constant,standard
LAO,1965,SE.SEC.ENRR,,wb_constant,standard
LAO,1966,SE.SEC.ENRR,,wb_constant,standard
LAO,1967,SE.SEC.ENRR,,wb_constant,standard
LAO,1968,SE.SEC.ENRR,,wb_constant,standard
LAO,1969,SE.SEC.ENRR,,wb_constant,standard
LAO,1970,SE.SEC.ENRR,,wb_constant,standard
LAO,1971,SE.SEC.ENRR,3.72350001335144,wb_constant,standard
LAO,1972,SE.SEC.ENRR,4.26472997665405,wb_constant,standard
LAO,1973,SE.SEC.ENRR,4.80334997177124,wb_constant,standard
LAO,1974,SE.SEC.ENRR,,wb_constant,standard
LAO,1975,SE.SEC.ENRR,,wb_constant,standard
LAO,1976,SE.SEC.ENRR,,wb_constant,standard
LAO,1977,SE.SEC.ENRR,11.4732904434204,wb_constant,standard
LAO,1978,SE.SEC.ENRR,14.7631301879883,wb_constant,standard
LAO,1979,SE.SEC.ENRR,17.3690605163574,wb_constant,standard
LAO,1980,SE.SEC.ENRR,18.0963897705078,wb_constant,standard
LAO,1981,SE.SEC.ENRR,19.2803401947021,wb_constant,standard
LAO,1982,SE.SEC.ENRR,,wb_constant,standard
LAO,1983,SE.SEC.ENRR,,wb_constant,standard
LAO,1984,SE.SEC.ENRR,20.549690246582,wb_constant,standard
LAO,1985,SE.SEC.ENRR,21.0549297332764,wb_constant,standard
LAO,1986,SE.SEC.ENRR,20.9892292022705,wb_constant,standard
LAO,1987,SE.SEC.ENRR,,wb_constant,standard
LAO,1988,SE.SEC.ENRR,23.6807994842529,wb_constant,standard
LAO,1989,SE.SEC.ENRR,,wb_constant,standard
LAO,1990,SE.SEC.ENRR,22.8900299072266,wb_constant,standard
LAO,1991,SE.SEC.ENRR,,wb_constant,standard
LAO,1992,SE.SEC.ENRR,19.9181404113769,wb_constant,standard
LAO,1993,SE.SEC.ENRR,21.6391906738281,wb_constant,standard
LAO,1994,SE.SEC.ENRR,23.4398708343506,wb_constant,standard
LAO,1995,SE.SEC.ENRR,24.0107097625732,wb_constant,standard
LAO,1996,SE.SEC.ENRR,24.1481494903564,wb_constant,standard
LAO,1997,SE.SEC.ENRR,25.8993301391602,wb_constant,standard
LAO,1998,SE.SEC.ENRR,28.1427497863769,wb_constant,standard
LAO,1999,SE.SEC.ENRR,31.144739151001,wb_constant,standard
LAO,2000,SE.SEC.ENRR,33.2670707702637,wb_constant,standard
LAO,2001,SE.SEC.ENRR,35.1896514892578,wb_constant,standard
LAO,2002,SE.SEC.ENRR,37.9458808898926,wb_constant,standard
LAO,2003,SE.SEC.ENRR,40.6808013916016,wb_constant,standard
LAO,2004,SE.SEC.ENRR,42.5078582763672,wb_constant,standard
LAO,2005,SE.SEC.ENRR,42.9863014221191,wb_constant,standard
LAO,2006,SE.SEC.ENRR,42.2330513000488,wb_constant,standard
LAO,2007,SE.SEC.ENRR,43.0343399047852,wb_constant,standard
LAO,2008,SE.SEC.ENRR,44.126880645752,wb_constant,standard
LAO,2009,SE.SEC.ENRR,45.6930198669434,wb_constant,standard
LAO,2010,SE.SEC.ENRR,47.3594398498535,wb_constant,standard
LAO,2011,SE.SEC.ENRR,46.3030907447649,wb_constant,standard
LAO,2012,SE.SEC.ENRR,49.0350189208984,wb_constant,standard
LAO,2013,SE.SEC.ENRR,52.6759359354755,wb_constant,standard
LAO,2014,SE.SEC.ENRR,58.0247383117676,wb_constant,standard
LAO,2015,SE.SEC.ENRR,62.2967936554274,wb_constant,standard
LAO,2016,SE.SEC.ENRR,64.7630026961054,wb_constant,standard
LAO,2017,SE.SEC.ENRR,66.0411073482017,wb_constant,standard
LAO,2018,SE.SEC.ENRR,66.1528570578416,wb_constant,standard
LAO,2019,SE.SEC.ENRR,64.986385458831,wb_constant,standard
LAO,2020,SE.SEC.ENRR,62.4493058083911,wb_constant,standard
LAO,2021,SE.SEC.ENRR,59.8530595325837,wb_constant,standard
LAO,2022,SE.SEC.ENRR,56.8782044614964,wb_constant,standard
LAO,2023,SE.SEC.ENRR,54.4330611689851,wb_constant,standard
LAO,2024,SE.SEC.ENRR,51.8523602531839,wb_constant,standard
MMR,1960,SE.SEC.ENRR,,wb_constant,low
MMR,1961,SE.SEC.ENRR,,wb_constant,low
MMR,1962,SE.SEC.ENRR,,wb_constant,low
MMR,1963,SE.SEC.ENRR,,wb_constant,low
MMR,1964,SE.SEC.ENRR,,wb_constant,low
MMR,1965,SE.SEC.ENRR,,wb_constant,low
MMR,1966,SE.SEC.ENRR,,wb_constant,low
MMR,1967,SE.SEC.ENRR,,wb_constant,low
MMR,1968,SE.SEC.ENRR,,wb_constant,low
MMR,1969,SE.SEC.ENRR,,wb_constant,low
MMR,1970,SE.SEC.ENRR,,wb_constant,low
MMR,1971,SE.SEC.ENRR,20.4729804992676,wb_constant,low
MMR,1972,SE.SEC.ENRR,20.8615207672119,wb_constant,low
MMR,1973,SE.SEC.ENRR,21.6190299987793,wb_constant,low
MMR,1974,SE.SEC.ENRR,,wb_constant,low
MMR,1975,SE.SEC.ENRR,,wb_constant,low
MMR,1976,SE.SEC.ENRR,21.7507495880127,wb_constant,low
MMR,1977,SE.SEC.ENRR,20.4539394378662,wb_constant,low
MMR,1978,SE.SEC.ENRR,20.0099697113037,wb_constant,low
MMR,1979,SE.SEC.ENRR,21.2374591827393,wb_constant,low
MMR,1980,SE.SEC.ENRR,21.4256401062012,wb_constant,low
MMR,1981,SE.SEC.ENRR,22.5248794555664,wb_constant,low
MMR,1982,SE.SEC.ENRR,24.1784496307373,wb_constant,low
MMR,1983,SE.SEC.ENRR,25.0145397186279,wb_constant,low
MMR,1984,SE.SEC.ENRR,24.8762493133545,wb_constant,low
MMR,1985,SE.SEC.ENRR,24.6564102172852,wb_constant,low
MMR,1986,SE.SEC.ENRR,24.9022808074951,wb_constant,low
MMR,1987,SE.SEC.ENRR,25.7983493804932,wb_constant,low
MMR,1988,SE.SEC.ENRR,25.7227306365967,wb_constant,low
MMR,1989,SE.SEC.ENRR,26.9588298797607,wb_constant,low
MMR,1990,SE.SEC.ENRR,21.2080993652344,wb_constant,standard
MMR,1991,SE.SEC.ENRR,23.5711708068848,wb_constant,standard
MMR,1992,SE.SEC.ENRR,25.6039505004883,wb_constant,standard
MMR,1993,SE.SEC.ENRR,25.8163299560547,wb_constant,standard
MMR,1994,SE.SEC.ENRR,27.0055809020996,wb_constant,standard
MMR,1995,SE.SEC.ENRR,30.4615497589111,wb_constant,standard
MMR,1996,SE.SEC.ENRR,,wb_constant,standard
MMR,1997,SE.SEC.ENRR,,wb_constant,standard
MMR,1998,SE.SEC.ENRR,,wb_constant,standard
MMR,1999,SE.SEC.ENRR,35.3725395202637,wb_constant,standard
MMR,2000,SE.SEC.ENRR,39.3193206787109,wb_constant,standard
MMR,2001,SE.SEC.ENRR,40.303840637207,wb_constant,standard
MMR,2002,SE.SEC.ENRR,41.8484497070312,wb_constant,standard
MMR,2003,SE.SEC.ENRR,42.1795806884766,wb_constant,standard
MMR,2004,SE.SEC.ENRR,45.0282783508301,wb_constant,standard
MMR,2005,SE.SEC.ENRR,45.6932487487793,wb_constant,standard
MMR,2006,SE.SEC.ENRR,47.5437698364258,wb_constant,standard
MMR,2007,SE.SEC.ENRR,47.3708114624023,wb_constant,standard
MMR,2008,SE.SEC.ENRR,49.9790115356445,wb_constant,standard
MMR,2009,SE.SEC.ENRR,49.9621315002441,wb_constant,standard
MMR,2010,SE.SEC.ENRR,50.8663902282715,wb_constant,standard
MMR,2011,SE.SEC.ENRR,,wb_constant,standard
MMR,2012,SE.SEC.ENRR,,wb_constant,standard
MMR,2013,SE.SEC.ENRR,,wb_constant,standard
MMR,2014,SE.SEC.ENRR,57.1178512573242,wb_constant,standard
MMR,2015,SE.SEC.ENRR,,wb_constant,standard
MMR,2016,SE.SEC.ENRR,67.7588500976562,wb_constant,standard
MMR,2017,SE.SEC.ENRR,72.3457412719727,wb_constant,standard
MMR,2018,SE.SEC.ENRR,77.0191497802734,wb_constant,standard
MMR,2019,SE.SEC.ENRR,,wb_constant,standard
MMR,2020,SE.SEC.ENRR,,wb_constant,standard
MMR,2021,SE.SEC.ENRR,,wb_constant,standard
MMR,2022,SE.SEC.ENRR,,wb_constant,standard
MMR,2023,SE.SEC.ENRR,,wb_constant,standard
MMR,2024,SE.SEC.ENRR,,wb_constant,standard
NPL,1960,SE.SEC.ENRR,,wb_constant,standard
NPL,1961,SE.SEC.ENRR,,wb_constant,standard
NPL,1962,SE.SEC.ENRR,,wb_constant,standard
NPL,1963,SE.SEC.ENRR,,wb_constant,standard
NPL,1964,SE.SEC.ENRR,,wb_constant,standard
NPL,1965,SE.SEC.ENRR,,wb_constant,standard
NPL,1966,SE.SEC.ENRR,,wb_constant,standard
NPL,1967,SE.SEC.ENRR,,wb_constant,standard
NPL,1968,SE.SEC.ENRR,,wb_constant,standard
NPL,1969,SE.SEC.ENRR,,wb_constant,standard
NPL,1970,SE.SEC.ENRR,,wb_constant,standard
NPL,1971,SE.SEC.ENRR,,wb_constant,standard
NPL,1972,SE.SEC.ENRR,,wb_constant,standard
NPL,1973,SE.SEC.ENRR,,wb_constant,standard
NPL,1974,SE.SEC.ENRR,,wb_constant,standard
NPL,1975,SE.SEC.ENRR,,wb_constant,standard
NPL,1976,SE.SEC.ENRR,,wb_constant,standard
NPL,1977,SE.SEC.ENRR,,wb_constant,standard
NPL,1978,SE.SEC.ENRR,,wb_constant,standard
NPL,1979,SE.SEC.ENRR,,wb_constant,standard
NPL,1980,SE.SEC.ENRR,,wb_constant,standard
NPL,1981,SE.SEC.ENRR,17.7367706298828,wb_constant,standard
NPL,1982,SE.SEC.ENRR,20.3783092498779,wb_constant,standard
NPL,1983,SE.SEC.ENRR,22.4334201812744,wb_constant,standard
NPL,1984,SE.SEC.ENRR,23.8365802764893,wb_constant,standard
NPL,1985,SE.SEC.ENRR,25.4660491943359,wb_constant,standard
NPL,1986,SE.SEC.ENRR,27.0147800445557,wb_constant,standard
NPL,1987,SE.SEC.ENRR,28.3090000152588,wb_constant,standard
NPL,1988,SE.SEC.ENRR,29.2296390533447,wb_constant,standard
NPL,1989,SE.SEC.ENRR,30.888879776001,wb_constant,standard
NPL,1990,SE.SEC.ENRR,32.03369140625,wb_constant,standard
NPL,1991,SE.SEC.ENRR,34.0466995239258,wb_constant,standard
NPL,1992,SE.SEC.ENRR,36.6419982910156,wb_constant,standard
NPL,1993,SE.SEC.ENRR,37.9471893310547,wb_constant,standard
NPL,1994,SE.SEC.ENRR,38.3644485473633,wb_constant,standard
NPL,1995,SE.SEC.ENRR,40.1949615478516,wb_constant,standard
NPL,1996,SE.SEC.ENRR,43.1790885925293,wb_constant,standard
NPL,1997,SE.SEC.ENRR,,wb_constant,standard
NPL,1998,SE.SEC.ENRR,,wb_constant,standard
NPL,1999,SE.SEC.ENRR,33.1490211486816,wb_constant,standard
NPL,2000,SE.SEC.ENRR,34.4201507568359,wb_constant,standard
NPL,2001,SE.SEC.ENRR,37.3896903991699,wb_constant,standard
NPL,2002,SE.SEC.ENRR,41.0556297302246,wb_constant,standard
NPL,2003,SE.SEC.ENRR,42.0749092102051,wb_constant,standard
NPL,2004,SE.SEC.ENRR,,wb_constant,standard
NPL,2005,SE.SEC.ENRR,45.098201751709,wb_constant,standard
NPL,2006,SE.SEC.ENRR,42.5181617736816,wb_constant,standard
NPL,2007,SE.SEC.ENRR,42.0970306396484,wb_constant,standard
NPL,2008,SE.SEC.ENRR,48.0189094543457,wb_constant,standard
NPL,2009,SE.SEC.ENRR,49.2625999450684,wb_constant,standard
NPL,2010,SE.SEC.ENRR,55.5892906188965,wb_constant,standard
NPL,2011,SE.SEC.ENRR,58.9935111999512,wb_constant,standard
NPL,2012,SE.SEC.ENRR,63.1414794921875,wb_constant,standard
NPL,2013,SE.SEC.ENRR,65.4935302734375,wb_constant,standard
NPL,2014,SE.SEC.ENRR,67.5318298339844,wb_constant,standard
NPL,2015,SE.SEC.ENRR,68.6131210327148,wb_constant,standard
NPL,2016,SE.SEC.ENRR,71.7744979858398,wb_constant,standard
NPL,2017,SE.SEC.ENRR,74.4113311767578,wb_constant,standard
NPL,2018,SE.SEC.ENRR,,wb_constant,standard
NPL,2019,SE.SEC.ENRR,80.2800521850586,wb_constant,standard
NPL,2020,SE.SEC.ENRR,85.3101577758789,wb_constant,standard
NPL,2021,SE.SEC.ENRR,83.9220209713597,wb_constant,standard
NPL,2022,SE.SEC.ENRR,84.1026475876285,wb_constant,standard
NPL,2023,SE.SEC.ENRR,89.8898815141438,wb_constant,standard
NPL,2024,SE.SEC.ENRR,90.3878462155916,wb_constant,standard
THA,1960,SE.SEC.ENRR,,wb_constant,standard
THA,1961,SE.SEC.ENRR,,wb_constant,standard
THA,1962,SE.SEC.ENRR,,wb_constant,standard
THA,1963,SE.SEC.ENRR,,wb_constant,standard
THA,1964,SE.SEC.ENRR,,wb_constant,standard
THA,1965,SE.SEC.ENRR,,wb_constant,standard
THA,1966,SE.SEC.ENRR,,wb_constant,standard
THA,1967,SE.SEC.ENRR,,wb_constant,standard
THA,1968,SE.SEC.ENRR,,wb_constant,standard
THA,1969,SE.SEC.ENRR,,wb_constant,standard
THA,1970,SE.SEC.ENRR,,wb_constant,standard
THA,1971,SE.SEC.ENRR,17.1638202667236,wb_constant,standard
THA,1972,SE.SEC.ENRR,18.4518299102783,wb_constant,standard
THA,1973,SE.SEC.ENRR,20.0774002075195,wb_constant,standard
THA,1974,SE.SEC.ENRR,21.9800796508789,wb_constant,standard
THA,1975,SE.SEC.ENRR,23.1193008422852,wb_constant,standard
THA,1976,SE.SEC.ENRR,25.0751705169678,wb_constant,standard
THA,1977,SE.SEC.ENRR,26.965669631958,wb_constant,standard
THA,1978,SE.SEC.ENRR,27.3225193023682,wb_constant,standard
THA,1979,SE.SEC.ENRR,27.2657604217529,wb_constant,standard
THA,1980,SE.SEC.ENRR,27.5494499206543,wb_constant,standard
THA,1981,SE.SEC.ENRR,28.5601100921631,wb_constant,standard
THA,1982,SE.SEC.ENRR,28.9853000640869,wb_constant,standard
THA,1983,SE.SEC.ENRR,,wb_constant,standard
THA,1984,SE.SEC.ENRR,31.0518798828125,wb_constant,standard
THA,1985,SE.SEC.ENRR,31.6391296386719,wb_constant,standard
THA,1986,SE.SEC.ENRR,31.3920593261719,wb_constant,standard
THA,1987,SE.SEC.ENRR,30.5292892456055,wb_constant,standard
THA,1988,SE.SEC.ENRR,29.5940799713135,wb_constant,standard
THA,1989,SE.SEC.ENRR,29.329439163208,wb_constant,standard
THA,1990,SE.SEC.ENRR,30.0151195526123,wb_constant,standard
THA,1991,SE.SEC.ENRR,32.2471084594727,wb_constant,standard
THA,1992,SE.SEC.ENRR,35.9716300964355,wb_constant,standard
THA,1993,SE.SEC.ENRR,40.6418609619141,wb_constant,standard
THA,1994,SE.SEC.ENRR,45.9383201599121,wb_constant,standard
THA,1995,SE.SEC.ENRR,51.2646713256836,wb_constant,standard
THA,1996,SE.SEC.ENRR,57.5684394836426,wb_constant,standard
THA,1997,SE.SEC.ENRR,59.4612503051758,wb_constant,standard
THA,1998,SE.SEC.ENRR,61.9174385070801,wb_constant,standard
THA,1999,SE.SEC.ENRR,,wb_constant,standard
THA,2000,SE.SEC.ENRR,,wb_constant,standard
THA,2001,SE.SEC.ENRR,64.0281982421875,wb_constant,standard
THA,2002,SE.SEC.ENRR,65.5458221435547,wb_constant,standard
THA,2003,SE.SEC.ENRR,,wb_constant,standard
THA,2004,SE.SEC.ENRR,67.444221496582,wb_constant,standard
THA,2005,SE.SEC.ENRR,71.8262786865234,wb_constant,standard
THA,2006,SE.SEC.ENRR,71.6298599243164,wb_constant,standard
THA,2007,SE.SEC.ENRR,75.7808074951172,wb_constant,standard
THA,2008,SE.SEC.ENRR,75.2078475952148,wb_constant,standard
THA,2009,SE.SEC.ENRR,76.6007080078125,wb_constant,standard
THA,2010,SE.SEC.ENRR,78.3943786621094,wb_constant,standard
THA,2011,SE.SEC.ENRR,86.9894790649414,wb_constant,standard
THA,2012,SE.SEC.ENRR,85.5365295410156,wb_constant,standard
THA,2013,SE.SEC.ENRR,83.854850769043,wb_constant,standard
THA,2014,SE.SEC.ENRR,123.525459289551,wb_constant,standard
THA,2015,SE.SEC.ENRR,124.330596923828,wb_constant,standard
THA,2016,SE.SEC.ENRR,122.563217163086,wb_constant,standard
THA,2017,SE.SEC.ENRR,79.5062371844027,wb_constant,standard
THA,2018,SE.SEC.ENRR,80.6045305135668,wb_constant,standard
THA,2019,SE.SEC.ENRR,81.7206425877734,wb_constant,standard
THA,2020,SE.SEC.ENRR,82.3668560969625,wb_constant,standard
THA,2021,SE.SEC.ENRR,84.6644528199547,wb_constant,standard
THA,2022,SE.SEC.ENRR,88.0661686868399,wb_constant,standard
THA,2023,SE.SEC.ENRR,93.3356315272258,wb_constant,standard
THA,2024,SE.SEC.ENRR,92.507325535959,wb_constant,standard
VNM,1960,SE.SEC.ENRR,,wb_constant,standard
VNM,1961,SE.SEC.ENRR,,wb_constant,standard
VNM,1962,SE.SEC.ENRR,,wb_constant,standard
VNM,1963,SE.SEC.ENRR,,wb_constant,standard
VNM,1964,SE.SEC.ENRR,,wb_constant,standard
VNM,1965,SE.SEC.ENRR,,wb_constant,standard
VNM,1966,SE.SEC.ENRR,,wb_constant,standard
VNM,1967,SE.SEC.ENRR,,wb_constant,standard
VNM,1968,SE.SEC.ENRR,,wb_constant,standard
VNM,1969,SE.SEC.ENRR,,wb_constant,standard
VNM,1970,SE.SEC.ENRR,,wb_constant,standard
VNM,1971,SE.SEC.ENRR,,wb_constant,standard
VNM,1972,SE.SEC.ENRR,,wb_constant,standard
VNM,1973,SE.SEC.ENRR,,wb_constant,standard
VNM,1974,SE.SEC.ENRR,,wb_constant,standard
VNM,1975,SE.SEC.ENRR,,wb_constant,standard
VNM,1976,SE.SEC.ENRR,36.8905715942383,wb_constant,standard
VNM,1977,SE.SEC.ENRR,39.1832885742188,wb_constant,standard
VNM,1978,SE.SEC.ENRR,,wb_constant,standard
VNM,1979,SE.SEC.ENRR,,wb_constant,standard
VNM,1980,SE.SEC.ENRR,46.5264091491699,wb_constant,standard
VNM,1981,SE.SEC.ENRR,,wb_constant,standard
VNM,1982,SE.SEC.ENRR,,wb_constant,standard
VNM,1983,SE.SEC.ENRR,,wb_constant,standard
VNM,1984,SE.SEC.ENRR,,wb_constant,standard
VNM,1985,SE.SEC.ENRR,,wb_constant,standard
VNM,1986,SE.SEC.ENRR,,wb_constant,standard
VNM,1987,SE.SEC.ENRR,,wb_constant,standard
VNM,1988,SE.SEC.ENRR,,wb_constant,standard
VNM,1989,SE.SEC.ENRR,,wb_constant,standard
VNM,1990,SE.SEC.ENRR,35.1179084777832,wb_constant,standard
VNM,1991,SE.SEC.ENRR,,wb_constant,standard
VNM,1992,SE.SEC.ENRR,,wb_constant,standard
VNM,1993,SE.SEC.ENRR,,wb_constant,standard
VNM,1994,SE.SEC.ENRR,,wb_constant,standard
VNM,1995,SE.SEC.ENRR,,wb_constant,standard
VNM,1996,SE.SEC.ENRR,,wb_constant,standard
VNM,1997,SE.SEC.ENRR,,wb_constant,standard
VNM,1998,SE.SEC.ENRR,56.8839797973633,wb_constant,standard
VNM,1999,SE.SEC.ENRR,,wb_constant,standard
VNM,2000,SE.SEC.ENRR,,wb_constant,standard
VNM,2001,SE.SEC.ENRR,,wb_constant,standard
VNM,2002,SE.SEC.ENRR,,wb_constant,standard
VNM,2003,SE.SEC.ENRR,,wb_constant,standard
VNM,2004,SE.SEC.ENRR,,wb_constant,standard
VNM,2005,SE.SEC.ENRR,,wb_constant,standard
VNM,2006,SE.SEC.ENRR,,wb_constant,standard
VNM,2007,SE.SEC.ENRR,,wb_constant,standard
VNM,2008,SE.SEC.ENRR,,wb_constant,standard
VNM,2009,SE.SEC.ENRR,,wb_constant,standard
VNM,2010,SE.SEC.ENRR,,wb_constant,standard
VNM,2011,SE.SEC.ENRR,,wb_constant,standard
VNM,2012,SE.SEC.ENRR,,wb_constant,standard
VNM,2013,SE.SEC.ENRR,,wb_constant,standard
VNM,2014,SE.SEC.ENRR,,wb_constant,standard
VNM,2015,SE.SEC.ENRR,89.4548341262217,wb_constant,standard
VNM,2016,SE.SEC.ENRR,90.1583347107672,wb_constant,standard
VNM,2017,SE.SEC.ENRR,91.0725198149335,wb_constant,standard
VNM,2018,SE.SEC.ENRR,92.8377710790826,wb_constant,standard
VNM,2019,SE.SEC.ENRR,94.654621676317,wb_constant,standard
VNM,2020,SE.SEC.ENRR,93.1921389514105,wb_constant,standard
VNM,2021,SE.SEC.ENRR,92.7690209240401,wb_constant,standard
VNM,2022,SE.SEC.ENRR,93.4123434096522,wb_constant,standard
VNM,2023,SE.SEC.ENRR,,wb_constant,standard
VNM,2024,SE.SEC.ENRR,,wb_constant,standard
BGD,1960,SH.DYN.MORT,263.6,wb_constant,standard
BGD,1961,SH.DYN.MORT,256.7,wb_constant,standard
BGD,1962,SH.DYN.MORT,250.2,wb_constant,standard
BGD,1963,SH.DYN.MORT,244.1,wb_constant,standard
BGD,1964,SH.DYN.MORT,238.7,wb_constant,standard
BGD,1965,SH.DYN.MORT,234.2,wb_constant,standard
BGD,1966,SH.DYN.MORT,230.9,wb_constant,standard
BGD,1967,SH.DYN.MORT,228.5,wb_constant,standard
BGD,1968,SH.DYN.MORT,227.2,wb_constant,standard
BGD,1969,SH.DYN.MORT,227.0,wb_constant,standard
BGD,1970,SH.DYN.MORT,271.0,wb_constant,standard
BGD,1971,SH.DYN.MORT,367.0,wb_constant,standard
BGD,1972,SH.DYN.MORT,228.8,wb_constant,standard
BGD,1973,SH.DYN.MORT,229.1,wb_constant,standard
BGD,1974,SH.DYN.MORT,275.7,wb_constant,standard
BGD,1975,SH.DYN.MORT,273.0,wb_constant,standard
BGD,1976,SH.DYN.MORT,224.9,wb_constant,standard
BGD,1977,SH.DYN.MORT,221.5,wb_constant,standard
BGD,1978,SH.DYN.MORT,217.2,wb_constant,standard
BGD,1979,SH.DYN.MORT,212.4,wb_constant,standard
BGD,1980,SH.DYN.MORT,207.2,wb_constant,standard
BGD,1981,SH.DYN.MORT,201.8,wb_constant,standard
BGD,1982,SH.DYN.MORT,196.2,wb_constant,standard
BGD,1983,SH.DYN.MORT,190.6,wb_constant,standard
BGD,1984,SH.DYN.MORT,184.7,wb_constant,standard
BGD,1985,SH.DYN.MORT,178.6,wb_constant,standard
BGD,1986,SH.DYN.MORT,172.3,wb_constant,standard
BGD,1987,SH.DYN.MORT,165.8,wb_constant,standard
BGD,1988,SH.DYN.MORT,159.3,wb_constant,standard
BGD,1989,SH.DYN.MORT,152.8,wb_constant,standard
BGD,1990,SH.DYN.MORT,146.5,wb_constant,standard
BGD,1991,SH.DYN.MORT,140.3,wb_constant,standard
BGD,1992,SH.DYN.MORT,134.1,wb_constant,standard
BGD,1993,SH.DYN.MORT,127.8,wb_constant,standard
BGD,1994,SH.DYN.MORT,121.6,wb_constant,standard
BGD,1995,SH.DYN.MORT,115.5,wb_constant,standard
BGD,1996,SH.DYN.MORT,109.4,wb_constant,standard
BGD,1997,SH.DYN.MORT,103.3,wb_constant,standard
BGD,1998,SH.DYN.MORT,97.1,wb_constant,standard
BGD,1999,SH.DYN.MORT,91.2,wb_constant,standard
BGD,2000,SH.DYN.MORT,85.5,wb_constant,standard
BGD,2001,SH.DYN.MORT,80.2,wb_constant,standard
BGD,2002,SH.DYN.MORT,75.3,wb_constant,standard
BGD,2003,SH.DYN.MORT,70.8,wb_constant,standard
BGD,2004,SH.DYN.MORT,66.8,wb_constant,standard
BGD,2005,SH.DYN.MORT,63.0,wb_constant,standard
BGD,2006,SH.DYN.MORT,59.6,wb_constant,standard
BGD,2007,SH.DYN.MORT,56.5,wb_constant,standard
BGD,2008,SH.DYN.MORT,53.6,wb_constant,standard
BGD,2009,SH.DYN.MORT,51.1,wb_constant,standard
BGD,2010,SH.DYN.MORT,48.7,wb_constant,standard
BGD,2011,SH.DYN.MORT,46.5,wb_constant,standard
BGD,2012,SH.DYN.MORT,44.4,wb_constant,standard
BGD,2013,SH.DYN.MORT,42.4,wb_constant,standard
BGD,2014,SH.DYN.MORT,40.5,wb_constant,standard
BGD,2015,SH.DYN.MORT,38.5,wb_constant,standard
BGD,2016,SH.DYN.MORT,36.7,wb_constant,standard
BGD,2017,SH.DYN.MORT,35.0,wb_constant,standard
BGD,2018,SH.DYN.MORT,33.5,wb_constant,standard
BGD,2019,SH.DYN.MORT,32.3,wb_constant,standard
BGD,2020,SH.DYN.MORT,31.4,wb_constant,standard
BGD,2021,SH.DYN.MORT,30.9,wb_constant,standard
BGD,2022,SH.DYN.MORT,30.7,wb_constant,standard
BGD,2023,SH.DYN.MORT,30.6,wb_constant,standard
BGD,2024,SH.DYN.MORT,30.5,wb_constant,standard
IDN,1960,SH.DYN.MORT,224.5,wb_constant,standard
IDN,1961,SH.DYN.MORT,218.2,wb_constant,standard
IDN,1962,SH.DYN.MORT,212.3,wb_constant,standard
IDN,1963,SH.DYN.MORT,206.4,wb_constant,standard
IDN,1964,SH.DYN.MORT,200.7,wb_constant,standard
IDN,1965,SH.DYN.MORT,229.9,wb_constant,standard
IDN,1966,SH.DYN.MORT,189.1,wb_constant,standard
IDN,1967,SH.DYN.MORT,183.3,wb_constant,standard
IDN,1968,SH.DYN.MORT,177.5,wb_constant,standard
IDN,1969,SH.DYN.MORT,171.8,wb_constant,standard
IDN,1970,SH.DYN.MORT,166.3,wb_constant,standard
IDN,1971,SH.DYN.MORT,160.9,wb_constant,standard
IDN,1972,SH.DYN.MORT,155.6,wb_constant,standard
IDN,1973,SH.DYN.MORT,150.5,wb_constant,standard
IDN,1974,SH.DYN.MORT,145.6,wb_constant,standard
IDN,1975,SH.DYN.MORT,140.9,wb_constant,standard
IDN,1976,SH.DYN.MORT,136.4,wb_constant,standard
IDN,1977,SH.DYN.MORT,132.2,wb_constant,standard
IDN,1978,SH.DYN.MORT,128.1,wb_constant,standard
IDN,1979,SH.DYN.MORT,124.2,wb_constant,standard
IDN,1980,SH.DYN.MORT,120.4,wb_constant,standard
IDN,1981,SH.DYN.MORT,116.6,wb_constant,standard
IDN,1982,SH.DYN.MORT,112.8,wb_constant,standard
IDN,1983,SH.DYN.MORT,109.1,wb_constant,standard
IDN,1984,SH.DYN.MORT,105.4,wb_constant,standard
IDN,1985,SH.DYN.MORT,101.8,wb_constant,standard
IDN,1986,SH.DYN.MORT,98.1,wb_constant,standard
IDN,1987,SH.DYN.MORT,94.4,wb_constant,standard
IDN,1988,SH.DYN.MORT,90.7,wb_constant,standard
IDN,1989,SH.DYN.MORT,86.9,wb_constant,standard
IDN,1990,SH.DYN.MORT,83.2,wb_constant,standard
IDN,1991,SH.DYN.MORT,79.4,wb_constant,standard
IDN,1992,SH.DYN.MORT,75.8,wb_constant,standard
IDN,1993,SH.DYN.MORT,72.2,wb_constant,standard
IDN,1994,SH.DYN.MORT,68.8,wb_constant,standard
IDN,1995,SH.DYN.MORT,65.5,wb_constant,standard
IDN,1996,SH.DYN.MORT,62.4,wb_constant,standard
IDN,1997,SH.DYN.MORT,59.4,wb_constant,standard
IDN,1998,SH.DYN.MORT,56.6,wb_constant,standard
IDN,1999,SH.DYN.MORT,53.9,wb_constant,standard
IDN,2000,SH.DYN.MORT,51.4,wb_constant,standard
IDN,2001,SH.DYN.MORT,49.0,wb_constant,standard
IDN,2002,SH.DYN.MORT,46.7,wb_constant,standard
IDN,2003,SH.DYN.MORT,44.6,wb_constant,standard
IDN,2004,SH.DYN.MORT,48.6,wb_constant,standard
IDN,2005,SH.DYN.MORT,40.7,wb_constant,standard
IDN,2006,SH.DYN.MORT,38.9,wb_constant,standard
IDN,2007,SH.DYN.MORT,37.2,wb_constant,standard
IDN,2008,SH.DYN.MORT,35.6,wb_constant,standard
IDN,2009,SH.DYN.MORT,34.1,wb_constant,standard
IDN,2010,SH.DYN.MORT,32.6,wb_constant,standard
IDN,2011,SH.DYN.MORT,31.2,wb_constant,standard
IDN,2012,SH.DYN.MORT,29.9,wb_constant,standard
IDN,2013,SH.DYN.MORT,28.6,wb_constant,standard
IDN,2014,SH.DYN.MORT,27.3,wb_constant,standard
IDN,2015,SH.DYN.MORT,26.1,wb_constant,standard
IDN,2016,SH.DYN.MORT,25.0,wb_constant,standard
IDN,2017,SH.DYN.MORT,23.8,wb_constant,standard
IDN,2018,SH.DYN.MORT,22.8,wb_constant,standard
IDN,2019,SH.DYN.MORT,21.8,wb_constant,standard
IDN,2020,SH.DYN.MORT,20.8,wb_constant,standard
IDN,2021,SH.DYN.MORT,19.9,wb_constant,standard
IDN,2022,SH.DYN.MORT,19.1,wb_constant,standard
IDN,2023,SH.DYN.MORT,18.4,wb_constant,standard
IDN,2024,SH.DYN.MORT,17.7,wb_constant,standard
KHM,1960,SH.DYN.MORT,,wb_constant,standard
KHM,1961,SH.DYN.MORT,,wb_constant,standard
KHM,1962,SH.DYN.MORT,,wb_constant,standard
KHM,1963,SH.DYN.MORT,,wb_constant,standard
KHM,1964,SH.DYN.MORT,,wb_constant,standard
KHM,1965,SH.DYN.MORT,,wb_constant,standard
KHM,1966,SH.DYN.MORT,,wb_constant,standard
KHM,1967,SH.DYN.MORT,,wb_constant,standard
KHM,1968,SH.DYN.MORT,,wb_constant,standard
KHM,1969,SH.DYN.MORT,,wb_constant,standard
KHM,1970,SH.DYN.MORT,,wb_constant,standard
KHM,1971,SH.DYN.MORT,,wb_constant,standard
KHM,1972,SH.DYN.MORT,,wb_constant,standard
KHM,1973,SH.DYN.MORT,,wb_constant,standard
KHM,1974,SH.DYN.MORT,,wb_constant,standard
KHM,1975,SH.DYN.MORT,535.0,wb_constant,standard
KHM,1976,SH.DYN.MORT,551.3,wb_constant,standard
KHM,1977,SH.DYN.MORT,543.0,wb_constant,standard
KHM,1978,SH.DYN.MORT,518.7,wb_constant,standard
KHM,1979,SH.DYN.MORT,207.3,wb_constant,standard
KHM,1980,SH.DYN.MORT,181.5,wb_constant,standard
KHM,1981,SH.DYN.MORT,159.1,wb_constant,standard
KHM,1982,SH.DYN.MORT,141.9,wb_constant,standard
KHM,1983,SH.DYN.MORT,130.6,wb_constant,standard
KHM,1984,SH.DYN.MORT,124.2,wb_constant,standard
KHM,1985,SH.DYN.MORT,120.6,wb_constant,standard
KHM,1986,SH.DYN.MORT,118.4,wb_constant,standard
KHM,1987,SH.DYN.MORT,116.9,wb_constant,standard
KHM,1988,SH.DYN.MORT,116.3,wb_constant,standard
KHM,1989,SH.DYN.MORT,116.2,wb_constant,standard
KHM,1990,SH.DYN.MORT,116.3,wb_constant,standard
KHM,1991,SH.DYN.MORT,116.3,wb_constant,standard
KHM,1992,SH.DYN.MORT,116.4,wb_constant,standard
KHM,1993,SH.DYN.MORT,117.0,wb_constant,standard
KHM,1994,SH.DYN.MORT,118.0,wb_constant,standard
KHM,1995,SH.DYN.MORT,119.0,wb_constant,standard
KHM,1996,SH.DYN.MORT,119.5,wb_constant,standard
KHM,1997,SH.DYN.MORT,118.8,wb_constant,standard
KHM,1998,SH.DYN.MORT,116.5,wb_constant,standard
KHM,1999,SH.DYN.MORT,112.1,wb_constant,standard
KHM,2000,SH.DYN.MORT,105.2,wb_constant,standard
KHM,2001,SH.DYN.MORT,96.0,wb_constant,standard
KHM,2002,SH.DYN.MORT,86.2,wb_constant,standard
KHM,2003,SH.DYN.MORT,77.5,wb_constant,standard
KHM,2004,SH.DYN.MORT,70.4,wb_constant,standard
KHM,2005,SH.DYN.MORT,64.4,wb_constant,standard
KHM,2006,SH.DYN.MORT,59.3,wb_constant,standard
KHM,2007,SH.DYN.MORT,54.9,wb_constant,standard
KHM,2008,SH.DYN.MORT,50.8,wb_constant,standard
KHM,2009,SH.DYN.MORT,47.0,wb_constant,standard
KHM,2010,SH.DYN.MORT,43.5,wb_constant,standard
KHM,2011,SH.DYN.MORT,40.3,wb_constant,standard
KHM,2012,SH.DYN.MORT,37.2,wb_constant,standard
KHM,2013,SH.DYN.MORT,34.5,wb_constant,standard
KHM,2014,SH.DYN.MORT,32.0,wb_constant,standard
KHM,2015,SH.DYN.MORT,29.6,wb_constant,standard
KHM,2016,SH.DYN.MORT,27.5,wb_constant,standard
KHM,2017,SH.DYN.MORT,25.6,wb_constant,standard
KHM,2018,SH.DYN.MORT,24.1,wb_constant,standard
KHM,2019,SH.DYN.MORT,22.8,wb_constant,standard
KHM,2020,SH.DYN.MORT,21.8,wb_constant,standard
KHM,2021,SH.DYN.MORT,20.8,wb_constant,standard
KHM,2022,SH.DYN.MORT,19.9,wb_constant,standard
KHM,2023,SH.DYN.MORT,19.1,wb_constant,standard
KHM,2024,SH.DYN.MORT,18.4,wb_constant,standard
LAO,1960,SH.DYN.MORT,,wb_constant,standard
LAO,1961,SH.DYN.MORT,,wb_constant,standard
LAO,1962,SH.DYN.MORT,,wb_constant,standard
LAO,1963,SH.DYN.MORT,,wb_constant,standard
LAO,1964,SH.DYN.MORT,,wb_constant,standard
LAO,1965,SH.DYN.MORT,,wb_constant,standard
LAO,1966,SH.DYN.MORT,,wb_constant,standard
LAO,1967,SH.DYN.MORT,,wb_constant,standard
LAO,1968,SH.DYN.MORT,,wb_constant,standard
LAO,1969,SH.DYN.MORT,,wb_constant,standard
LAO,1970,SH.DYN.MORT,,wb_constant,standard
LAO,1971,SH.DYN.MORT,,wb_constant,standard
LAO,1972,SH.DYN.MORT,,wb_constant,standard
LAO,1973,SH.DYN.MORT,,wb_constant,standard
LAO,1974,SH.DYN.MORT,,wb_constant,standard
LAO,1975,SH.DYN.MORT,,wb_constant,standard
LAO,1976,SH.DYN.MORT,,wb_constant,standard
LAO,1977,SH.DYN.MORT,,wb_constant,standard
LAO,1978,SH.DYN.MORT,212.8,wb_constant,standard
LAO,1979,SH.DYN.MORT,206.8,wb_constant,standard
LAO,1980,SH.DYN.MORT,200.9,wb_constant,standard
LAO,1981,SH.DYN.MORT,195.4,wb_constant,standard
LAO,1982,SH.DYN.MORT,190.0,wb_constant,standard
LAO,1983,SH.DYN.MORT,184.9,wb_constant,standard
LAO,1984,SH.DYN.MORT,179.8,wb_constant,standard
LAO,1985,SH.DYN.MORT,174.8,wb_constant,standard
LAO,1986,SH.DYN.MORT,169.7,wb_constant,standard
LAO,1987,SH.DYN.MORT,164.7,wb_constant,standard
LAO,1988,SH.DYN.MORT,159.5,wb_constant,standard
LAO,1989,SH.DYN.MORT,154.3,wb_constant,standard
LAO,1990,SH.DYN.MORT,148.9,wb_constant,standard
LAO,1991,SH.DYN.MORT,143.6,wb_constant,standard
LAO,1992,SH.DYN.MORT,138.2,wb_constant,standard
LAO,1993,SH.DYN.MORT,133.0,wb_constant,standard
LAO,1994,SH.DYN.MORT,127.8,wb_constant,standard
LAO,1995,SH.DYN.MORT,123.0,wb_constant,standard
LAO,1996,SH.DYN.MORT,118.1,wb_constant,standard
LAO,1997,SH.DYN.MORT,113.5,wb_constant,standard
LAO,1998,SH.DYN.MORT,109.0,wb_constant,standard
LAO,1999,SH.DYN.MORT,104.5,wb_constant,standard
LAO,2000,SH.DYN.MORT,100.1,wb_constant,standard
LAO,2001,SH.DYN.MORT,95.6,wb_constant,standard
LAO,2002,SH.DYN.MORT,91.1,wb_constant,standard
LAO,2003,SH.DYN.MORT,86.6,wb_constant,standard
LAO,2004,SH.DYN.MORT,82.1,wb_constant,standard
LAO,2005,SH.DYN.MORT,77.7,wb_constant,standard
LAO,2006,SH.DYN.MORT,73.5,wb_constant,standard
LAO,2007,SH.DYN.MORT,69.5,wb_constant,standard
LAO,2008,SH.DYN.MORT,65.5,wb_constant,standard
LAO,2009,SH.DYN.MORT,61.8,wb_constant,standard
LAO,2010,SH.DYN.MORT,58.4,wb_constant,standard
LAO,2011,SH.DYN.MORT,55.1,wb_constant,standard
LAO,2012,SH.DYN.MORT,52.1,wb_constant,standard
LAO,2013,SH.DYN.MORT,49.4,wb_constant,standard
LAO,2014,SH.DYN.MORT,46.8,wb_constant,standard
LAO,2015,SH.DYN.MORT,44.4,wb_constant,standard
LAO,2016,SH.DYN.MORT,42.2,wb_constant,standard
LAO,2017,SH.DYN.MORT,40.2,wb_constant,standard
LAO,2018,SH.DYN.MORT,38.3,wb_constant,standard
LAO,2019,SH.DYN.MORT,36.5,wb_constant,standard
LAO,2020,SH.DYN.MORT,34.8,wb_constant,standard
LAO,2021,SH.DYN.MORT,33.2,wb_constant,standard
LAO,2022,SH.DYN.MORT,31.8,wb_constant,standard
LAO,2023,SH.DYN.MORT,30.5,wb_constant,standard
LAO,2024,SH.DYN.MORT,29.4,wb_constant,standard
MMR,1960,SH.DYN.MORT,,wb_constant,low
MMR,1961,SH.DYN.MORT,,wb_constant,low
MMR,1962,SH.DYN.MORT,,wb_constant,low
MMR,1963,SH.DYN.MORT,,wb_constant,low
MMR,1964,SH.DYN.MORT,,wb_constant,low
MMR,1965,SH.DYN.MORT,,wb_constant,low
MMR,1966,SH.DYN.MORT,,wb_constant,low
MMR,1967,SH.DYN.MORT,,wb_constant,low
MMR,1968,SH.DYN.MORT,179.9,wb_constant,low
MMR,1969,SH.DYN.MORT,176.4,wb_constant,low
MMR,1970,SH.DYN.MORT,173.0,wb_constant,low
MMR,1971,SH.DYN.MORT,169.6,wb_constant,low
MMR,1972,SH.DYN.MORT,166.1,wb_constant,low
MMR,1973,SH.DYN.MORT,162.5,wb_constant,low
MMR,1974,SH.DYN.MORT,159.1,wb_constant,low
MMR,1975,SH.DYN.MORT,155.5,wb_constant,low
MMR,1976,SH.DYN.MORT,151.7,wb_constant,low
MMR,1977,SH.DYN.MORT,148.3,wb_constant,low
MMR,1978,SH.DYN.MORT,145.0,wb_constant,low
MMR,1979,SH.DYN.MORT,141.7,wb_constant,low
MMR,1980,SH.DYN.MORT,138.7,wb_constant,low
MMR,1981,SH.DYN.MORT,135.9,wb_constant,low
MMR,1982,SH.DYN.MORT,133.1,wb_constant,low
MMR,1983,SH.DYN.MORT,130.5,wb_constant,low
MMR,1984,SH.DYN.MORT,128.2,wb_constant,low
MMR,1985,SH.DYN.MORT,126.0,wb_constant,low
MMR,1986,SH.DYN.MORT,123.9,wb_constant,low
MMR,1987,SH.DYN.MORT,121.7,wb_constant,low
MMR,1988,SH.DYN.MORT,119.4,wb_constant,low
MMR,1989,SH.DYN.MORT,117.0,wb_constant,low
MMR,1990,SH.DYN.MORT,114.6,wb_constant,standard
MMR,1991,SH.DYN.MORT,112.1,wb_constant,standard
MMR,1992,SH.DYN.MORT,109.4,wb_constant,standard
MMR,1993,SH.DYN.MORT,106.8,wb_constant,standard
MMR,1994,SH.DYN.MORT,104.1,wb_constant,standard
MMR,1995,SH.DYN.MORT,101.5,wb_constant,standard
MMR,1996,SH.DYN.MORT,98.8,wb_constant,standard
MMR,1997,SH.DYN.MORT,96.3,wb_constant,standard
MMR,1998,SH.DYN.MORT,93.8,wb_constant,standard
MMR,1999,SH.DYN.MORT,91.4,wb_constant,standard
MMR,2000,SH.DYN.MORT,88.9,wb_constant,standard
MMR,2001,SH.DYN.MORT,86.5,wb_constant,standard
MMR,2002,SH.DYN.MORT,84.1,wb_constant,standard
MMR,2003,SH.DYN.MORT,81.6,wb_constant,standard
MMR,2004,SH.DYN.MORT,79.1,wb_constant,standard
MMR,2005,SH.DYN.MORT,76.3,wb_constant,standard
MMR,2006,SH.DYN.MORT,73.6,wb_constant,standard
MMR,2007,SH.DYN.MORT,70.8,wb_constant,standard
MMR,2008,SH.DYN.MORT,101.7,wb_constant,standard
MMR,2009,SH.DYN.MORT,65.1,wb_constant,standard
MMR,2010,SH.DYN.MORT,62.4,wb_constant,standard
MMR,2011,SH.DYN.MORT,59.7,wb_constant,standard
MMR,2012,SH.DYN.MORT,57.0,wb_constant,standard
MMR,2013,SH.DYN.MORT,54.6,wb_constant,standard
MMR,2014,SH.DYN.MORT,52.4,wb_constant,standard
MMR,2015,SH.DYN.MORT,50.5,wb_constant,standard
MMR,2016,SH.DYN.MORT,48.7,wb_constant,standard
MMR,2017,SH.DYN.MORT,46.8,wb_constant,standard
MMR,2018,SH.DYN.MORT,45.2,wb_constant,standard
MMR,2019,SH.DYN.MORT,43.6,wb_constant,standard
MMR,2020,SH.DYN.MORT,42.1,wb_constant,standard
MMR,2021,SH.DYN.MORT,40.8,wb_constant,standard
MMR,2022,SH.DYN.MORT,39.5,wb_constant,standard
MMR,2023,SH.DYN.MORT,38.1,wb_constant,standard
MMR,2024,SH.DYN.MORT,36.9,wb_constant,standard
NPL,1960,SH.DYN.MORT,329.5,wb_constant,standard
NPL,1961,SH.DYN.MORT,325.4,wb_constant,standard
NPL,1962,SH.DYN.MORT,320.4,wb_constant,standard
NPL,1963,SH.DYN.MORT,314.7,wb_constant,standard
NPL,1964,SH.DYN.MORT,308.2,wb_constant,standard
NPL,1965,SH.DYN.MORT,301.3,wb_constant,standard
NPL,1966,SH.DYN.MORT,294.3,wb_constant,standard
NPL,1967,SH.DYN.MORT,287.4,wb_constant,standard
NPL,1968,SH.DYN.MORT,280.6,wb_constant,standard
NPL,1969,SH.DYN.MORT,274.1,wb_constant,standard
NPL,1970,SH.DYN.MORT,267.8,wb_constant,standard
NPL,1971,SH.DYN.MORT,261.8,wb_constant,standard
NPL,1972,SH.DYN.MORT,256.0,wb_constant,standard
NPL,1973,SH.DYN.MORT,250.3,wb_constant,standard
NPL,1974,SH.DYN.MORT,244.7,wb_constant,standard
NPL,1975,SH.DYN.MORT,239.0,wb_constant,standard
NPL,1976,SH.DYN.MORT,233.3,wb_constant,standard
NPL,1977,SH.DYN.MORT,227.3,wb_constant,standard
NPL,1978,SH.DYN.MORT,221.2,wb_constant,standard
NPL,1979,SH.DYN.MORT,214.7,wb_constant,standard
NPL,1980,SH.DYN.MORT,208.1,wb_constant,standard
NPL,1981,SH.DYN.MORT,201.4,wb_constant,standard
NPL,1982,SH.DYN.MORT,194.7,wb_constant,standard
NPL,1983,SH.DYN.MORT,188.0,wb_constant,standard
NPL,1984,SH.DYN.MORT,181.3,wb_constant,standard
NPL,1985,SH.DYN.MORT,174.5,wb_constant,standard
NPL,1986,SH.DYN.MORT,167.4,wb_constant,standard
NPL,1987,SH.DYN.MORT,160.2,wb_constant,standard
NPL,1988,SH.DYN.MORT,153.0,wb_constant,standard
NPL,1989,SH.DYN.MORT,145.7,wb_constant,standard
NPL,1990,SH.DYN.MORT,138.4,wb_constant,standard
NPL,1991,SH.DYN.MORT,131.3,wb_constant,standard
NPL,1992,SH.DYN.MORT,124.3,wb_constant,standard
NPL,1993,SH.DYN.MORT,117.7,wb_constant,standard
NPL,1994,SH.DYN.MORT,111.4,wb_constant,standard
NPL,1995,SH.DYN.MORT,105.3,wb_constant,standard
NPL,1996,SH.DYN.MORT,99.5,wb_constant,standard
NPL,1997,SH.DYN.MORT,94.0,wb_constant,standard
NPL,1998,SH.DYN.MORT,88.7,wb_constant,standard
NPL,1999,SH.DYN.MORT,83.6,wb_constant,standard
NPL,2000,SH.DYN.MORT,78.7,wb_constant,standard
NPL,2001,SH.DYN.MORT,74.3,wb_constant,standard
NPL,2002,SH.DYN.MORT,70.2,wb_constant,standard
NPL,2003,SH.DYN.MORT,66.5,wb_constant,standard
NPL,2004,SH.DYN.MORT,63.1,wb_constant,standard
NPL,2005,SH.DYN.MORT,60.0,wb_constant,standard
NPL,2006,SH.DYN.MORT,57.3,wb_constant,standard
NPL,2007,SH.DYN.MORT,54.7,wb_constant,standard
NPL,2008,SH.DYN.MORT,52.4,wb_constant,standard
NPL,2009,SH.DYN.MORT,50.1,wb_constant,standard
NPL,2010,SH.DYN.MORT,47.9,wb_constant,standard
NPL,2011,SH.DYN.MORT,45.8,wb_constant,standard
NPL,2012,SH.DYN.MORT,43.7,wb_constant,standard
NPL,2013,SH.DYN.MORT,41.7,wb_constant,standard
NPL,2014,SH.DYN.MORT,39.7,wb_constant,standard
NPL,2015,SH.DYN.MORT,37.8,wb_constant,standard
NPL,2016,SH.DYN.MORT,36.0,wb_constant,standard
NPL,2017,SH.DYN.MORT,34.2,wb_constant,standard
NPL,2018,SH.DYN.MORT,32.6,wb_constant,standard
NPL,2019,SH.DYN.MORT,31.0,wb_constant,standard
NPL,2020,SH.DYN.MORT,29.6,wb_constant,standard
NPL,2021,SH.DYN.MORT,28.3,wb_constant,standard
NPL,2022,SH.DYN.MORT,27.1,wb_constant,standard
NPL,2023,SH.DYN.MORT,26.1,wb_constant,standard
NPL,2024,SH.DYN.MORT,25.1,wb_constant,standard
THA,1960,SH.DYN.MORT,147.5,wb_constant,standard
THA,1961,SH.DYN.MORT,142.5,wb_constant,standard
THA,1962,SH.DYN.MORT,137.5,wb_constant,standard
THA,1963,SH.DYN.MORT,132.7,wb_constant,standard
THA,1964,SH.DYN.MORT,128.0,wb_constant,standard
THA,1965,SH.DYN.MORT,123.4,wb_constant,standard
THA,1966,SH.DYN.MORT,118.8,wb_constant,standard
THA,1967,SH.DYN.MORT,114.0,wb_constant,standard
THA,1968,SH.DYN.MORT,109.3,wb_constant,standard
THA,1969,SH.DYN.MORT,104.6,wb_constant,standard
THA,1970,SH.DYN.MORT,99.8,wb_constant,standard
THA,1971,SH.DYN.MORT,95.0,wb_constant,standard
THA,1972,SH.DYN.MORT,90.4,wb_constant,standard
THA,1973,SH.DYN.MORT,85.8,wb_constant,standard
THA,1974,SH.DYN.MORT,81.6,wb_constant,standard
THA,1975,SH.DYN.MORT,77.5,wb_constant,standard
THA,1976,SH.DYN.MORT,73.8,wb_constant,standard
THA,1977,SH.DYN.MORT,70.2,wb_constant,standard
THA,1978,SH.DYN.MORT,66.9,wb_constant,standard
THA,1979,SH.DYN.MORT,63.8,wb_constant,standard
THA,1980,SH.DYN.MORT,60.8,wb_constant,standard
THA,1981,SH.DYN.MORT,58.0,wb_constant,standard
THA,1982,SH.DYN.MORT,55.4,wb_constant,standard
THA,1983,SH.DYN.MORT,52.9,wb_constant,standard
THA,1984,SH.DYN.MORT,50.4,wb_constant,standard
THA,1985,SH.DYN.MORT,48.0,wb_constant,standard
THA,1986,SH.DYN.MORT,45.7,wb_constant,standard
THA,1987,SH.DYN.MORT,43.4,wb_constant,standard
THA,1988,SH.DYN.MORT,41.2,wb_constant,standard
THA,1989,SH.DYN.MORT,39.0,wb_constant,standard
THA,1990,SH.DYN.MORT,36.9,wb_constant,standard
THA,1991,SH.DYN.MORT,34.8,wb_constant,standard
THA,1992,SH.DYN.MORT,32.9,wb_constant,standard
THA,1993,SH.DYN.MORT,31.1,wb_constant,standard
THA,1994,SH.DYN.MORT,29.5,wb_constant,standard
THA,1995,SH.DYN.MORT,28.0,wb_constant,standard
THA,1996,SH.DYN.MORT,26.6,wb_constant,standard
THA,1997,SH.DYN.MORT,25.2,wb_constant,standard
THA,1998,SH.DYN.MORT,24.0,wb_constant,standard
THA,1999,SH.DYN.MORT,22.8,wb_constant,standard
THA,2000,SH.DYN.MORT,21.7,wb_constant,standard
THA,2001,SH.DYN.MORT,20.7,wb_constant,standard
THA,2002,SH.DYN.MORT,19.7,wb_constant,standard
THA,2003,SH.DYN.MORT,18.9,wb_constant,standard
THA,2004,SH.DYN.MORT,18.0,wb_constant,standard
THA,2005,SH.DYN.MORT,17.2,wb_constant,standard
THA,2006,SH.DYN.MORT,16.5,wb_constant,standard
THA,2007,SH.DYN.MORT,15.9,wb_constant,standard
THA,2008,SH.DYN.MORT,15.2,wb_constant,standard
THA,2009,SH.DYN.MORT,14.7,wb_constant,standard
THA,2010,SH.DYN.MORT,14.1,wb_constant,standard
THA,2011,SH.DYN.MORT,13.6,wb_constant,standard
THA,2012,SH.DYN.MORT,13.1,wb_constant,standard
THA,2013,SH.DYN.MORT,12.7,wb_constant,standard
THA,2014,SH.DYN.MORT,12.3,wb_constant,standard
THA,2015,SH.DYN.MORT,11.9,wb_constant,standard
THA,2016,SH.DYN.MORT,11.5,wb_constant,standard
THA,2017,SH.DYN.MORT,11.1,wb_constant,standard
THA,2018,SH.DYN.MORT,10.8,wb_constant,standard
THA,2019,SH.DYN.MORT,10.4,wb_constant,standard
THA,2020,SH.DYN.MORT,10.1,wb_constant,standard
THA,2021,SH.DYN.MORT,9.8,wb_constant,standard
THA,2022,SH.DYN.MORT,9.5,wb_constant,standard
THA,2023,SH.DYN.MORT,9.2,wb_constant,standard
THA,2024,SH.DYN.MORT,9.0,wb_constant,standard
VNM,1960,SH.DYN.MORT,,wb_constant,standard
VNM,1961,SH.DYN.MORT,,wb_constant,standard
VNM,1962,SH.DYN.MORT,,wb_constant,standard
VNM,1963,SH.DYN.MORT,,wb_constant,standard
VNM,1964,SH.DYN.MORT,99.4,wb_constant,standard
VNM,1965,SH.DYN.MORT,102.9,wb_constant,standard
VNM,1966,SH.DYN.MORT,103.3,wb_constant,standard
VNM,1967,SH.DYN.MORT,103.9,wb_constant,standard
VNM,1968,SH.DYN.MORT,120.1,wb_constant,standard
VNM,1969,SH.DYN.MORT,111.3,wb_constant,standard
VNM,1970,SH.DYN.MORT,110.4,wb_constant,standard
VNM,1971,SH.DYN.MORT,107.6,wb_constant,standard
VNM,1972,SH.DYN.MORT,122.4,wb_constant,standard
VNM,1973,SH.DYN.MORT,106.6,wb_constant,standard
VNM,1974,SH.DYN.MORT,109.9,wb_constant,standard
VNM,1975,SH.DYN.MORT,78.5,wb_constant,standard
VNM,1976,SH.DYN.MORT,76.9,wb_constant,standard
VNM,1977,SH.DYN.MORT,75.2,wb_constant,standard
VNM,1978,SH.DYN.MORT,73.4,wb_constant,standard
VNM,1979,SH.DYN.MORT,71.6,wb_constant,standard
VNM,1980,SH.DYN.MORT,69.9,wb_constant,standard
VNM,1981,SH.DYN.MORT,68.2,wb_constant,standard
VNM,1982,SH.DYN.MORT,66.7,wb_constant,standard
VNM,1983,SH.DYN.MORT,65.2,wb_constant,standard
VNM,1984,SH.DYN.MORT,63.8,wb_constant,standard
VNM,1985,SH.DYN.MORT,62.2,wb_constant,standard
VNM,1986,SH.DYN.MORT,60.4,wb_constant,standard
VNM,1987,SH.DYN.MORT,58.5,wb_constant,standard
VNM,1988,SH.DYN.MORT,56.3,wb_constant,standard
VNM,1989,SH.DYN.MORT,54.0,wb_constant,standard
VNM,1990,SH.DYN.MORT,51.6,wb_constant,standard
VNM,1991,SH.DYN.MORT,49.1,wb_constant,standard
VNM,1992,SH.DYN.MORT,46.6,wb_constant,standard
VNM,1993,SH.DYN.MORT,44.1,wb_constant,standard
VNM,1994,SH.DYN.MORT,41.7,wb_constant,standard
VNM,1995,SH.DYN.MORT,39.4,wb_constant,standard
VNM,1996,SH.DYN.MORT,37.2,wb_constant,standard
VNM,1997,SH.DYN.MORT,35.2,wb_constant,standard
VNM,1998,SH.DYN.MORT,33.4,wb_constant,standard
VNM,1999,SH.DYN.MORT,31.8,wb_constant,standard
VNM,2000,SH.DYN.MORT,30.3,wb_constant,standard
VNM,2001,SH.DYN.MORT,29.0,wb_constant,standard
VNM,2002,SH.DYN.MORT,27.9,wb_constant,standard
VNM,2003,SH.DYN.MORT,26.9,wb_constant,standard
VNM,2004,SH.DYN.MORT,26.1,wb_constant,standard
VNM,2005,SH.DYN.MORT,25.4,wb_constant,standard
VNM,2006,SH.DYN.MORT,24.8,wb_constant,standard
VNM,2007,SH.DYN.MORT,24.3,wb_constant,standard
VNM,2008,SH.DYN.MORT,23.8,wb_constant,standard
VNM,2009,SH.DYN.MORT,23.4,wb_constant,standard
VNM,2010,SH.DYN.MORT,23.1,wb_constant,standard
VNM,2011,SH.DYN.MORT,22.8,wb_constant,standard
VNM,2012,SH.DYN.MORT,22.5,wb_constant,standard
VNM,2013,SH.DYN.MORT,22.3,wb_constant,standard
VNM,2014,SH.DYN.MORT,22.0,wb_constant,standard
VNM,2015,SH.DYN.MORT,21.6,wb_constant,standard
VNM,2016,SH.DYN.MORT,21.3,wb_constant,standard
VNM,2017,SH.DYN.MORT,20.9,wb_constant,standard
VNM,2018,SH.DYN.MORT,20.5,wb_constant,standard
VNM,2019,SH.DYN.MORT,20.0,wb_constant,standard
VNM,2020,SH.DYN.MORT,19.5,wb_constant,standard
VNM,2021,SH.DYN.MORT,18.9,wb_constant,standard
VNM,2022,SH.DYN.MORT,18.4,wb_constant,standard
VNM,2023,SH.DYN.MORT,17.8,wb_constant,standard
VNM,2024,SH.DYN.MORT,17.3,wb_constant,standard
BGD,1960,SP.DYN.LE00.IN,43.98,wb_constant,standard
BGD,1961,SP.DYN.LE00.IN,44.887,wb_constant,standard
BGD,1962,SP.DYN.LE00.IN,45.765,wb_constant,standard
BGD,1963,SP.DYN.LE00.IN,45.722,wb_constant,standard
BGD,1964,SP.DYN.LE00.IN,46.752,wb_constant,standard
BGD,1965,SP.DYN.LE00.IN,46.046,wb_constant,standard
BGD,1966,SP.DYN.LE00.IN,47.644,wb_constant,standard
BGD,1967,SP.DYN.LE00.IN,48.066,wb_constant,standard
BGD,1968,SP.DYN.LE00.IN,48.4,wb_constant,standard
BGD,1969,SP.DYN.LE00.IN,48.686,wb_constant,standard
BGD,1970,SP.DYN.LE00.IN,42.667,wb_constant,standard
BGD,1971,SP.DYN.LE00.IN,26.522,wb_constant,standard
BGD,1972,SP.DYN.LE00.IN,49.647,wb_constant,standard
BGD,1973,SP.DYN.LE00.IN,49.914,wb_constant,standard
BGD,1974,SP.DYN.LE00.IN,49.589,wb_constant,standard
BGD,1975,SP.DYN.LE00.IN,50.627,wb_constant,standard
BGD,1976,SP.DYN.LE00.IN,50.951,wb_constant,standard
BGD,1977,SP.DYN.LE00.IN,51.265,wb_constant,standard
BGD,1978,SP.DYN.LE00.IN,51.596,wb_constant,standard
BGD,1979,SP.DYN.LE00.IN,51.959,wb_constant,standard
BGD,1980,SP.DYN.LE00.IN,52.278,wb_constant,standard
BGD,1981,SP.DYN.LE00.IN,52.638,wb_constant,standard
BGD,1982,SP.DYN.LE00.IN,53.012,wb_constant,standard
BGD,1983,SP.DYN.LE00.IN,53.441,wb_constant,standard
BGD,1984,SP.DYN.LE00.IN,53.826,wb_constant,standard
BGD,1985,SP.DYN.LE00.IN,53.937,wb_constant,standard
BGD,1986,SP.DYN.LE00.IN,54.592,wb_constant,standard
BGD,1987,SP.DYN.LE00.IN,54.899,wb_constant,standard
BGD,1988,SP.DYN.LE00.IN,55.174,wb_constant,standard
BGD,1989,SP.DYN.LE00.IN,55.514,wb_constant,standard
BGD,1990,SP.DYN.LE00.IN,55.822,wb_constant,standard
BGD,1991,SP.DYN.LE00.IN,53.781,wb_constant,standard
BGD,1992,SP.DYN.LE00.IN,56.592,wb_constant,standard
BGD,1993,SP.DYN.LE00.IN,57.073,wb_constant,standard
BGD,1994,SP.DYN.LE00.IN,57.64,wb_constant,standard
BGD,1995,SP.DYN.LE00.IN,58.244,wb_constant,standard
BGD,1996,SP.DYN.LE00.IN,58.94,wb_constant,standard
BGD,1997,SP.DYN.LE00.IN,59.671,wb_constant,standard
BGD,1998,SP.DYN.LE00.IN,60.429,wb_constant,standard
BGD,1999,SP.DYN.LE00.IN,61.244,wb_constant,standard
BGD,2000,SP.DYN.LE00.IN,62.049,wb_constant,standard
BGD,2001,SP.DYN.LE00.IN,62.836,wb_constant,standard
BGD,2002,SP.DYN.LE00.IN,63.591,wb_constant,standard
BGD,2003,SP.DYN.LE00.IN,64.288,wb_constant,standard
BGD,2004,SP.DYN.LE00.IN,64.912,wb_constant,standard
BGD,2005,SP.DYN.LE00.IN,65.509,wb_constant,standard
BGD,2006,SP.DYN.LE00.IN,66.048,wb_constant,standard
BGD,2007,SP.DYN.LE00.IN,66.458,wb_constant,standard
BGD,2008,SP.DYN.LE00.IN,67.047,wb_constant,standard
BGD,2009,SP.DYN.LE00.IN,67.527,wb_constant,standard
BGD,2010,SP.DYN.LE00.IN,68.009,wb_constant,standard
BGD,2011,SP.DYN.LE00.IN,68.499,wb_constant,standard
BGD,2012,SP.DYN.LE00.IN,68.989,wb_constant,standard
BGD,2013,SP.DYN.LE00.IN,69.487,wb_constant,standard
BGD,2014,SP.DYN.LE00.IN,70.016,wb_constant,standard
BGD,2015,SP.DYN.LE00.IN,70.543,wb_constant,standard
BGD,2016,SP.DYN.LE00.IN,71.075,wb_constant,standard
BGD,2017,SP.DYN.LE00.IN,71.606,wb_constant,standard
BGD,2018,SP.DYN.LE00.IN,72.122,wb_constant,standard
BGD,2019,SP.DYN.LE00.IN,72.625,wb_constant,standard
BGD,2020,SP.DYN.LE00.IN,71.421,wb_constant,standard
BGD,2021,SP.DYN.LE00.IN,71.103,wb_constant,standard
BGD,2022,SP.DYN.LE00.IN,74.265,wb_constant,standard
BGD,2023,SP.DYN.LE00.IN,74.672,wb_constant,standard
BGD,2024,SP.DYN.LE00.IN,74.93,wb_constant,standard
IDN,1960,SP.DYN.LE00.IN,46.835,wb_constant,standard
IDN,1961,SP.DYN.LE00.IN,47.385,wb_constant,standard
IDN,1962,SP.DYN.LE00.IN,48.141,wb_constant,standard
IDN,1963,SP.DYN.LE00.IN,48.742,wb_constant,standard
IDN,1964,SP.DYN.LE00.IN,49.44,wb_constant,standard
IDN,1965,SP.DYN.LE00.IN,42.762,wb_constant,standard
IDN,1966,SP.DYN.LE00.IN,48.406,wb_constant,standard
IDN,1967,SP.DYN.LE00.IN,51.309,wb_constant,standard
IDN,1968,SP.DYN.LE00.IN,51.888,wb_constant,standard
IDN,1969,SP.DYN.LE00.IN,52.588,wb_constant,standard
IDN,1970,SP.DYN.LE00.IN,53.254,wb_constant,standard
IDN,1971,SP.DYN.LE00.IN,53.823,wb_constant,standard
IDN,1972,SP.DYN.LE00.IN,54.364,wb_constant,standard
IDN,1973,SP.DYN.LE00.IN,54.916,wb_constant,standard
IDN,1974,SP.DYN.LE00.IN,55.443,wb_constant,standard
IDN,1975,SP.DYN.LE00.IN,55.998,wb_constant,standard
IDN,1976,SP.DYN.LE00.IN,56.445,wb_constant,standard
IDN,1977,SP.DYN.LE00.IN,57.09,wb_constant,standard
IDN,1978,SP.DYN.LE00.IN,57.607,wb_constant,standard
IDN,1979,SP.DYN.LE00.IN,58.18,wb_constant,standard
IDN,1980,SP.DYN.LE00.IN,58.701,wb_constant,standard
IDN,1981,SP.DYN.LE00.IN,59.096,wb_constant,standard
IDN,1982,SP.DYN.LE00.IN,59.7,wb_constant,standard
IDN,1983,SP.DYN.LE00.IN,60.343,wb_constant,standard
IDN,1984,SP.DYN.LE00.IN,60.891,wb_constant,standard
IDN,1985,SP.DYN.LE00.IN,61.387,wb_constant,standard
IDN,1986,SP.DYN.LE00.IN,61.736,wb_constant,standard
IDN,1987,SP.DYN.LE00.IN,62.087,wb_constant,standard
IDN,1988,SP.DYN.LE00.IN,62.386,wb_constant,standard
IDN,1989,SP.DYN.LE00.IN,62.883,wb_constant,standard
IDN,1990,SP.DYN.LE00.IN,63.249,wb_constant,standard
IDN,1991,SP.DYN.LE00.IN,63.703,wb_constant,standard
IDN,1992,SP.DYN.LE00.IN,64.182,wb_constant,standard
IDN,1993,SP.DYN.LE00.IN,64.851,wb_constant,standard
IDN,1994,SP.DYN.LE00.IN,65.041,wb_constant,standard
IDN,1995,SP.DYN.LE00.IN,65.263,wb_constant,standard
IDN,1996,SP.DYN.LE00.IN,65.465,wb_constant,standard
IDN,1997,SP.DYN.LE00.IN,65.774,wb_constant,standard
IDN,1998,SP.DYN.LE00.IN,65.942,wb_constant,standard
IDN,1999,SP.DYN.LE00.IN,66.001,wb_constant,standard
IDN,2000,SP.DYN.LE00.IN,66.292,wb_constant,standard
IDN,2001,SP.DYN.LE00.IN,66.583,wb_constant,standard
IDN,2002,SP.DYN.LE00.IN,66.954,wb_constant,standard
IDN,2003,SP.DYN.LE00.IN,67.134,wb_constant,standard
IDN,2004,SP.DYN.LE00.IN,65.521,wb_constant,standard
IDN,2005,SP.DYN.LE00.IN,67.531,wb_constant,standard
IDN,2006,SP.DYN.LE00.IN,67.664,wb_constant,standard
IDN,2007,SP.DYN.LE00.IN,67.914,wb_constant,standard
IDN,2008,SP.DYN.LE00.IN,68.085,wb_constant,standard
IDN,2009,SP.DYN.LE00.IN,68.267,wb_constant,standard
IDN,2010,SP.DYN.LE00.IN,68.364,wb_constant,standard
IDN,2011,SP.DYN.LE00.IN,68.629,wb_constant,standard
IDN,2012,SP.DYN.LE00.IN,68.862,wb_constant,standard
IDN,2013,SP.DYN.LE00.IN,69.064,wb_constant,standard
IDN,2014,SP.DYN.LE00.IN,69.292,wb_constant,standard
IDN,2015,SP.DYN.LE00.IN,69.52,wb_constant,standard
IDN,2016,SP.DYN.LE00.IN,69.733,wb_constant,standard
IDN,2017,SP.DYN.LE00.IN,69.953,wb_constant,standard
IDN,2018,SP.DYN.LE00.IN,70.08,wb_constant,standard
IDN,2019,SP.DYN.LE00.IN,70.349,wb_constant,standard
IDN,2020,SP.DYN.LE00.IN,68.817,wb_constant,standard
IDN,2021,SP.DYN.LE00.IN,67.452,wb_constant,standard
IDN,2022,SP.DYN.LE00.IN,70.925,wb_constant,standard
IDN,2023,SP.DYN.LE00.IN,71.146,wb_constant,standard
IDN,2024,SP.DYN.LE00.IN,71.288,wb_constant,standard
KHM,1960,SP.DYN.LE00.IN,42.134,wb_constant,standard
KHM,1961,SP.DYN.LE00.IN,42.588,wb_constant,standard
KHM,1962,SP.DYN.LE00.IN,43.079,wb_constant,standard
KHM,1963,SP.DYN.LE00.IN,43.612,wb_constant,standard
KHM,1964,SP.DYN.LE00.IN,44.044,wb_constant,standard
KHM,1965,SP.DYN.LE00.IN,44.497,wb_constant,standard
KHM,1966,SP.DYN.LE00.IN,44.948,wb_constant,standard
KHM,1967,SP.DYN.LE00.IN,45.193,wb_constant,standard
KHM,1968,SP.DYN.LE00.IN,45.586,wb_constant,standard
KHM,1969,SP.DYN.LE00.IN,45.935,wb_constant,standard
KHM,1970,SP.DYN.LE00.IN,38.628,wb_constant,standard
KHM,1971,SP.DYN.LE00.IN,38.7,wb_constant,standard
KHM,1972,SP.DYN.LE00.IN,38.909,wb_constant,standard
KHM,1973,SP.DYN.LE00.IN,39.078,wb_constant,standard
KHM,1974,SP.DYN.LE00.IN,39.296,wb_constant,standard
KHM,1975,SP.DYN.LE00.IN,12.784,wb_constant,standard
KHM,1976,SP.DYN.LE00.IN,11.632,wb_constant,standard
KHM,1977,SP.DYN.LE00.IN,11.295,wb_constant,standard
KHM,1978,SP.DYN.LE00.IN,11.573,wb_constant,standard
KHM,1979,SP.DYN.LE00.IN,41.072,wb_constant,standard
KHM,1980,SP.DYN.LE00.IN,47.498,wb_constant,standard
KHM,1981,SP.DYN.LE00.IN,48.035,wb_constant,standard
KHM,1982,SP.DYN.LE00.IN,48.755,wb_constant,standard
KHM,1983,SP.DYN.LE00.IN,49.383,wb_constant,standard
KHM,1984,SP.DYN.LE00.IN,50.089,wb_constant,standard
KHM,1985,SP.DYN.LE00.IN,50.799,wb_constant,standard
KHM,1986,SP.DYN.LE00.IN,51.555,wb_constant,standard
KHM,1987,SP.DYN.LE00.IN,53.674,wb_constant,standard
KHM,1988,SP.DYN.LE00.IN,54.433,wb_constant,standard
KHM,1989,SP.DYN.LE00.IN,54.768,wb_constant,standard
KHM,1990,SP.DYN.LE00.IN,55.205,wb_constant,standard
KHM,1991,SP.DYN.LE00.IN,55.582,wb_constant,standard
KHM,1992,SP.DYN.LE00.IN,55.747,wb_constant,standard
KHM,1993,SP.DYN.LE00.IN,56.036,wb_constant,standard
KHM,1994,SP.DYN.LE00.IN,56.221,wb_constant,standard
KHM,1995,SP.DYN.LE00.IN,56.562,wb_constant,standard
KHM,1996,SP.DYN.LE00.IN,56.832,wb_constant,standard
KHM,1997,SP.DYN.LE00.IN,57.266,wb_constant,standard
KHM,1998,SP.DYN.LE00.IN,57.859,wb_constant,standard
KHM,1999,SP.DYN.LE00.IN,58.611,wb_constant,standard
KHM,2000,SP.DYN.LE00.IN,59.491,wb_constant,standard
KHM,2001,SP.DYN.LE00.IN,60.457,wb_constant,standard
KHM,2002,SP.DYN.LE00.IN,61.395,wb_constant,standard
KHM,2003,SP.DYN.LE00.IN,62.345,wb_constant,standard
KHM,2004,SP.DYN.LE00.IN,63.256,wb_constant,standard
KHM,2005,SP.DYN.LE00.IN,64.113,wb_constant,standard
KHM,2006,SP.DYN.LE00.IN,64.886,wb_constant,standard
KHM,2007,SP.DYN.LE00.IN,65.549,wb_constant,standard
KHM,2008,SP.DYN.LE00.IN,66.147,wb_constant,standard
KHM,2009,SP.DYN.LE00.IN,66.747,wb_constant,standard
KHM,2010,SP.DYN.LE00.IN,67.311,wb_constant,standard
KHM,2011,SP.DYN.LE00.IN,67.869,wb_constant,standard
KHM,2012,SP.DYN.LE00.IN,68.371,wb_constant,standard
KHM,2013,SP.DYN.LE00.IN,68.755,wb_constant,standard
KHM,2014,SP.DYN.LE00.IN,69.117,wb_constant,standard
KHM,2015,SP.DYN.LE00.IN,69.398,wb_constant,standard
KHM,2016,SP.DYN.LE00.IN,69.635,wb_constant,standard
KHM,2017,SP.DYN.LE00.IN,69.842,wb_constant,standard
KHM,2018,SP.DYN.LE00.IN,69.993,wb_constant,standard
KHM,2019,SP.DYN.LE00.IN,70.127,wb_constant,standard
KHM,2020,SP.DYN.LE00.IN,70.059,wb_constant,standard
KHM,2021,SP.DYN.LE00.IN,69.301,wb_constant,standard
KHM,2022,SP.DYN.LE00.IN,70.528,wb_constant,standard
KHM,2023,SP.DYN.LE00.IN,70.668,wb_constant,standard
KHM,2024,SP.DYN.LE00.IN,70.817,wb_constant,standard
LAO,1960,SP.DYN.LE00.IN,41.036,wb_constant,standard
LAO,1961,SP.DYN.LE00.IN,41.344,wb_constant,standard
LAO,1962,SP.DYN.LE00.IN,42.272,wb_constant,standard
LAO,1963,SP.DYN.LE00.IN,41.544,wb_constant,standard
LAO,1964,SP.DYN.LE00.IN,41.859,wb_constant,standard
LAO,1965,SP.DYN.LE00.IN,42.222,wb_constant,standard
LAO,1966,SP.DYN.LE00.IN,42.347,wb_constant,standard
LAO,1967,SP.DYN.LE00.IN,42.869,wb_constant,standard
LAO,1968,SP.DYN.LE00.IN,43.183,wb_constant,standard
LAO,1969,SP.DYN.LE00.IN,43.46,wb_constant,standard
LAO,1970,SP.DYN.LE00.IN,43.776,wb_constant,standard
LAO,1971,SP.DYN.LE00.IN,44.122,wb_constant,standard
LAO,1972,SP.DYN.LE00.IN,44.416,wb_constant,standard
LAO,1973,SP.DYN.LE00.IN,44.728,wb_constant,standard
LAO,1974,SP.DYN.LE00.IN,45.886,wb_constant,standard
LAO,1975,SP.DYN.LE00.IN,46.15,wb_constant,standard
LAO,1976,SP.DYN.LE00.IN,46.012,wb_constant,standard
LAO,1977,SP.DYN.LE00.IN,46.408,wb_constant,standard
LAO,1978,SP.DYN.LE00.IN,46.832,wb_constant,standard
LAO,1979,SP.DYN.LE00.IN,47.46,wb_constant,standard
LAO,1980,SP.DYN.LE00.IN,48.56,wb_constant,standard
LAO,1981,SP.DYN.LE00.IN,49.237,wb_constant,standard
LAO,1982,SP.DYN.LE00.IN,49.931,wb_constant,standard
LAO,1983,SP.DYN.LE00.IN,50.485,wb_constant,standard
LAO,1984,SP.DYN.LE00.IN,51.014,wb_constant,standard
LAO,1985,SP.DYN.LE00.IN,51.579,wb_constant,standard
LAO,1986,SP.DYN.LE00.IN,52.144,wb_constant,standard
LAO,1987,SP.DYN.LE00.IN,52.597,wb_constant,standard
LAO,1988,SP.DYN.LE00.IN,53.077,wb_constant,standard
LAO,1989,SP.DYN.LE00.IN,53.589,wb_constant,standard
LAO,1990,SP.DYN.LE00.IN,54.035,wb_constant,standard
LAO,1991,SP.DYN.LE00.IN,54.7,wb_constant,standard
LAO,1992,SP.DYN.LE00.IN,55.098,wb_constant,standard
LAO,1993,SP.DYN.LE00.IN,55.583,wb_constant,standard
LAO,1994,SP.DYN.LE00.IN,55.81,wb_constant,standard
LAO,1995,SP.DYN.LE00.IN,56.344,wb_constant,standard
LAO,1996,SP.DYN.LE00.IN,56.821,wb_constant,standard
LAO,1997,SP.DYN.LE00.IN,57.302,wb_constant,standard
LAO,1998,SP.DYN.LE00.IN,57.549,wb_constant,standard
LAO,1999,SP.DYN.LE00.IN,57.866,wb_constant,standard
LAO,2000,SP.DYN.LE00.IN,58.317,wb_constant,standard
LAO,2001,SP.DYN.LE00.IN,58.887,wb_constant,standard
LAO,2002,SP.DYN.LE00.IN,59.302,wb_constant,standard
LAO,2003,SP.DYN.LE00.IN,59.643,wb_constant,standard
LAO,2004,SP.DYN.LE00.IN,60.08,wb_constant,standard
LAO,2005,SP.DYN.LE00.IN,60.688,wb_constant,standard
LAO,2006,SP.DYN.LE00.IN,61.074,wb_constant,standard
LAO,2007,SP.DYN.LE00.IN,61.694,wb_constant,standard
LAO,2008,SP.DYN.LE00.IN,62.248,wb_constant,standard
LAO,2009,SP.DYN.LE00.IN,63.023,wb_constant,standard
LAO,2010,SP.DYN.LE00.IN,63.69,wb_constant,standard
LAO,2011,SP.DYN.LE00.IN,64.505,wb_constant,standard
LAO,2012,SP.DYN.LE00.IN,65.126,wb_constant,standard
LAO,2013,SP.DYN.LE00.IN,65.723,wb_constant,standard
LAO,2014,SP.DYN.LE00.IN,66.35,wb_constant,standard
LAO,2015,SP.DYN.LE00.IN,66.688,wb_constant,standard
LAO,2016,SP.DYN.LE00.IN,67.014,wb_constant,standard
LAO,2017,SP.DYN.LE00.IN,67.345,wb_constant,standard
LAO,2018,SP.DYN.LE00.IN,67.594,wb_constant,standard
LAO,2019,SP.DYN.LE00.IN,67.911,wb_constant,standard
LAO,2020,SP.DYN.LE00.IN,68.339,wb_constant,standard
LAO,2021,SP.DYN.LE00.IN,67.807,wb_constant,standard
LAO,2022,SP.DYN.LE00.IN,68.715,wb_constant,standard
LAO,2023,SP.DYN.LE00.IN,68.964,wb_constant,standard
LAO,2024,SP.DYN.LE00.IN,69.225,wb_constant,standard
MMR,1960,SP.DYN.LE00.IN,44.086,wb_constant,low
MMR,1961,SP.DYN.LE00.IN,44.603,wb_constant,low
MMR,1962,SP.DYN.LE00.IN,45.264,wb_constant,low
MMR,1963,SP.DYN.LE00.IN,45.951,wb_constant,low
MMR,1964,SP.DYN.LE00.IN,46.653,wb_constant,low
MMR,1965,SP.DYN.LE00.IN,47.405,wb_constant,low
MMR,1966,SP.DYN.LE00.IN,48.181,wb_constant,low
MMR,1967,SP.DYN.LE00.IN,48.86,wb_constant,low
MMR,1968,SP.DYN.LE00.IN,49.4,wb_constant,low
MMR,1969,SP.DYN.LE00.IN,50.02,wb_constant,low
MMR,1970,SP.DYN.LE00.IN,50.47,wb_constant,low
MMR,1971,SP.DYN.LE00.IN,51.027,wb_constant,low
MMR,1972,SP.DYN.LE00.IN,51.397,wb_constant,low
MMR,1973,SP.DYN.LE00.IN,51.763,wb_constant,low
MMR,1974,SP.DYN.LE00.IN,52.092,wb_constant,low
MMR,1975,SP.DYN.LE00.IN,52.493,wb_constant,low
MMR,1976,SP.DYN.LE00.IN,52.908,wb_constant,low
MMR,1977,SP.DYN.LE00.IN,53.266,wb_constant,low
MMR,1978,SP.DYN.LE00.IN,53.522,wb_constant,low
MMR,1979,SP.DYN.LE00.IN,54.026,wb_constant,low
MMR,1980,SP.DYN.LE00.IN,54.374,wb_constant,low
MMR,1981,SP.DYN.LE00.IN,54.699,wb_constant,low
MMR,1982,SP.DYN.LE00.IN,55.033,wb_constant,low
MMR,1983,SP.DYN.LE00.IN,55.308,wb_constant,low
MMR,1984,SP.DYN.LE00.IN,55.596,wb_constant,low
MMR,1985,SP.DYN.LE00.IN,55.816,wb_constant,low
MMR,1986,SP.DYN.LE00.IN,56.084,wb_constant,low
MMR,1987,SP.DYN.LE00.IN,56.353,wb_constant,low
MMR,1988,SP.DYN.LE00.IN,56.57,wb_constant,low
MMR,1989,SP.DYN.LE00.IN,56.889,wb_constant,low
MMR,1990,SP.DYN.LE00.IN,57.159,wb_constant,standard
MMR,1991,SP.DYN.LE00.IN,57.395,wb_constant,standard
MMR,1992,SP.DYN.LE00.IN,57.681,wb_constant,standard
MMR,1993,SP.DYN.LE00.IN,58.032,wb_constant,standard
MMR,1994,SP.DYN.LE00.IN,58.326,wb_constant,standard
MMR,1995,SP.DYN.LE00.IN,58.671,wb_constant,standard
MMR,1996,SP.DYN.LE00.IN,59.169,wb_constant,standard
MMR,1997,SP.DYN.LE00.IN,59.523,wb_constant,standard
MMR,1998,SP.DYN.LE00.IN,59.896,wb_constant,standard
MMR,1999,SP.DYN.LE00.IN,60.107,wb_constant,standard
MMR,2000,SP.DYN.LE00.IN,60.357,wb_constant,standard
MMR,2001,SP.DYN.LE00.IN,60.64,wb_constant,standard
MMR,2002,SP.DYN.LE00.IN,60.925,wb_constant,standard
MMR,2003,SP.DYN.LE00.IN,61.196,wb_constant,standard
MMR,2004,SP.DYN.LE00.IN,61.443,wb_constant,standard
MMR,2005,SP.DYN.LE00.IN,61.72,wb_constant,standard
MMR,2006,SP.DYN.LE00.IN,62.026,wb_constant,standard
MMR,2007,SP.DYN.LE00.IN,62.367,wb_constant,standard
MMR,2008,SP.DYN.LE00.IN,56.364,wb_constant,standard
MMR,2009,SP.DYN.LE00.IN,63.095,wb_constant,standard
MMR,2010,SP.DYN.LE00.IN,63.479,wb_constant,standard
MMR,2011,SP.DYN.LE00.IN,63.859,wb_constant,standard
MMR,2012,SP.DYN.LE00.IN,64.251,wb_constant,standard
MMR,2013,SP.DYN.LE00.IN,64.617,wb_constant,standard
MMR,2014,SP.DYN.LE00.IN,64.994,wb_constant,standard
MMR,2015,SP.DYN.LE00.IN,65.288,wb_constant,standard
MMR,2016,SP.DYN.LE00.IN,65.64,wb_constant,standard
MMR,2017,SP.DYN.LE00.IN,65.909,wb_constant,standard
MMR,2018,SP.DYN.LE00.IN,66.232,wb_constant,standard
MMR,2019,SP.DYN.LE00.IN,66.457,wb_constant,standard
MMR,2020,SP.DYN.LE00.IN,66.612,wb_constant,standard
MMR,2021,SP.DYN.LE00.IN,65.553,wb_constant,standard
MMR,2022,SP.DYN.LE00.IN,66.506,wb_constant,standard
MMR,2023,SP.DYN.LE00.IN,66.889,wb_constant,standard
MMR,2024,SP.DYN.LE00.IN,67.095,wb_constant,standard
NPL,1960,SP.DYN.LE00.IN,38.652,wb_constant,standard
NPL,1961,SP.DYN.LE00.IN,38.966,wb_constant,standard
NPL,1962,SP.DYN.LE00.IN,39.333,wb_constant,standard
NPL,1963,SP.DYN.LE00.IN,39.608,wb_constant,standard
NPL,1964,SP.DYN.LE00.IN,40.229,wb_constant,standard
NPL,1965,SP.DYN.LE00.IN,40.688,wb_constant,standard
NPL,1966,SP.DYN.LE00.IN,41.239,wb_constant,standard
NPL,1967,SP.DYN.LE00.IN,41.71,wb_constant,standard
NPL,1968,SP.DYN.LE00.IN,42.173,wb_constant,standard
NPL,1969,SP.DYN.LE00.IN,42.722,wb_constant,standard
NPL,1970,SP.DYN.LE00.IN,43.151,wb_constant,standard
NPL,1971,SP.DYN.LE00.IN,43.616,wb_constant,standard
NPL,1972,SP.DYN.LE00.IN,44.068,wb_constant,standard
NPL,1973,SP.DYN.LE00.IN,44.485,wb_constant,standard
NPL,1974,SP.DYN.LE00.IN,44.919,wb_constant,standard
NPL,1975,SP.DYN.LE00.IN,45.499,wb_constant,standard
NPL,1976,SP.DYN.LE00.IN,45.991,wb_constant,standard
NPL,1977,SP.DYN.LE00.IN,46.628,wb_constant,standard
NPL,1978,SP.DYN.LE00.IN,47.202,wb_constant,standard
NPL,1979,SP.DYN.LE00.IN,47.766,wb_constant,standard
NPL,1980,SP.DYN.LE00.IN,48.333,wb_constant,standard
NPL,1981,SP.DYN.LE00.IN,48.662,wb_constant,standard
NPL,1982,SP.DYN.LE00.IN,49.181,wb_constant,standard
NPL,1983,SP.DYN.LE00.IN,49.676,wb_constant,standard
NPL,1984,SP.DYN.LE00.IN,50.227,wb_constant,standard
NPL,1985,SP.DYN.LE00.IN,50.922,wb_constant,standard
NPL,1986,SP.DYN.LE00.IN,51.594,wb_constant,standard
NPL,1987,SP.DYN.LE00.IN,52.382,wb_constant,standard
NPL,1988,SP.DYN.LE00.IN,53.109,wb_constant,standard
NPL,1989,SP.DYN.LE00.IN,54.013,wb_constant,standard
NPL,1990,SP.DYN.LE00.IN,54.771,wb_constant,standard
NPL,1991,SP.DYN.LE00.IN,55.65,wb_constant,standard
NPL,1992,SP.DYN.LE00.IN,56.686,wb_constant,standard
NPL,1993,SP.DYN.LE00.IN,57.597,wb_constant,standard
NPL,1994,SP.DYN.LE00.IN,58.631,wb_constant,standard
NPL,1995,SP.DYN.LE00.IN,59.323,wb_constant,standard
NPL,1996,SP.DYN.LE00.IN,60.044,wb_constant,standard
NPL,1997,SP.DYN.LE00.IN,60.823,wb_constant,standard
NPL,1998,SP.DYN.LE00.IN,61.532,wb_constant,standard
NPL,1999,SP.DYN.LE00.IN,62.035,wb_constant,standard
NPL,2000,SP.DYN.LE00.IN,62.642,wb_constant,standard
NPL,2001,SP.DYN.LE00.IN,63.288,wb_constant,standard
NPL,2002,SP.DYN.LE00.IN,63.507,wb_constant,standard
NPL,2003,SP.DYN.LE00.IN,64.229,wb_constant,standard
NPL,2004,SP.DYN.LE00.IN,64.744,wb_constant,standard
NPL,2005,SP.DYN.LE00.IN,65.275,wb_constant,standard
NPL,2006,SP.DYN.LE00.IN,65.891,wb_constant,standard
NPL,2007,SP.DYN.LE00.IN,66.169,wb_constant,standard
NPL,2008,SP.DYN.LE00.IN,66.442,wb_constant,standard
NPL,2009,SP.DYN.LE00.IN,66.6,wb_constant,standard
NPL,2010,SP.DYN.LE00.IN,66.772,wb_constant,standard
NPL,2011,SP.DYN.LE00.IN,67.123,wb_constant,standard
NPL,2012,SP.DYN.LE00.IN,67.364,wb_constant,standard
NPL,2013,SP.DYN.LE00.IN,67.598,wb_constant,standard
NPL,2014,SP.DYN.LE00.IN,67.812,wb_constant,standard
NPL,2015,SP.DYN.LE00.IN,67.374,wb_constant,standard
NPL,2016,SP.DYN.LE00.IN,68.444,wb_constant,standard
NPL,2017,SP.DYN.LE00.IN,68.74,wb_constant,standard
NPL,2018,SP.DYN.LE00.IN,69.036,wb_constant,standard
NPL,2019,SP.DYN.LE00.IN,69.299,wb_constant,standard
NPL,2020,SP.DYN.LE00.IN,69.106,wb_constant,standard
NPL,2021,SP.DYN.LE00.IN,68.385,wb_constant,standard
NPL,2022,SP.DYN.LE00.IN,70.087,wb_constant,standard
NPL,2023,SP.DYN.LE00.IN,70.354,wb_constant,standard
NPL,2024,SP.DYN.LE00.IN,70.636,wb_constant,standard
THA,1960,SP.DYN.LE00.IN,50.608,wb_constant,standard
THA,1961,SP.DYN.LE00.IN,51.065,wb_constant,standard
THA,1962,SP.DYN.LE00.IN,51.444,wb_constant,standard
THA,1963,SP.DYN.LE00.IN,51.988,wb_constant,standard
THA,1964,SP.DYN.LE00.IN,52.539,wb_constant,standard
THA,1965,SP.DYN.LE00.IN,53.131,wb_constant,standard
THA,1966,SP.DYN.LE00.IN,53.729,wb_constant,standard
THA,1967,SP.DYN.LE00.IN,54.316,wb_constant,standard
THA,1968,SP.DYN.LE00.IN,54.977,wb_constant,standard
THA,1969,SP.DYN.LE00.IN,55.705,wb_constant,standard
THA,1970,SP.DYN.LE00.IN,56.47,wb_constant,standard
THA,1971,SP.DYN.LE00.IN,57.1,wb_constant,standard
THA,1972,SP.DYN.LE00.IN,57.746,wb_constant,standard
THA,1973,SP.DYN.LE00.IN,58.323,wb_constant,standard
THA,1974,SP.DYN.LE00.IN,59.031,wb_constant,standard
THA,1975,SP.DYN.LE00.IN,59.713,wb_constant,standard
THA,1976,SP.DYN.LE00.IN,60.371,wb_constant,standard
THA,1977,SP.DYN.LE00.IN,60.906,wb_constant,standard
THA,1978,SP.DYN.LE00.IN,61.266,wb_constant,standard
THA,1979,SP.DYN.LE00.IN,61.696,wb_constant,standard
THA,1980,SP.DYN.LE00.IN,62.186,wb_constant,standard
THA,1981,SP.DYN.LE00.IN,62.856,wb_constant,standard
THA,1982,SP.DYN.LE00.IN,63.603,wb_constant,standard
THA,1983,SP.DYN.LE00.IN,64.5,wb_constant,standard
THA,1984,SP.DYN.LE00.IN,65.55,wb_constant,standard
THA,1985,SP.DYN.LE00.IN,66.543,wb_constant,standard
THA,1986,SP.DYN.LE00.IN,67.308,wb_constant,standard
THA,1987,SP.DYN.LE00.IN,67.833,wb_constant,standard
THA,1988,SP.DYN.LE00.IN,68.194,wb_constant,standard
THA,1989,SP.DYN.LE00.IN,68.557,wb_constant,standard
THA,1990,SP.DYN.LE00.IN,68.924,wb_constant,standard
THA,1991,SP.DYN.LE00.IN,69.132,wb_constant,standard
THA,1992,SP.DYN.LE00.IN,69.353,wb_constant,standard
THA,1993,SP.DYN.LE00.IN,69.568,wb_constant,standard
THA,1994,SP.DYN.LE00.IN,69.661,wb_constant,standard
THA,1995,SP.DYN.LE00.IN,69.757,wb_constant,standard
THA,1996,SP.DYN.LE00.IN,69.94,wb_constant,standard
THA,1997,SP.DYN.LE00.IN,70.362,wb_constant,standard
THA,1998,SP.DYN.LE00.IN,70.703,wb_constant,standard
THA,1999,SP.DYN.LE00.IN,70.979,wb_constant,standard
THA,2000,SP.DYN.LE00.IN,71.205,wb_constant,standard
THA,2001,SP.DYN.LE00.IN,71.52,wb_constant,standard
THA,2002,SP.DYN.LE00.IN,71.775,wb_constant,standard
THA,2003,SP.DYN.LE00.IN,72.101,wb_constant,standard
THA,2004,SP.DYN.LE00.IN,72.1,wb_constant,standard
THA,2005,SP.DYN.LE00.IN,72.894,wb_constant,standard
THA,2006,SP.DYN.LE00.IN,73.341,wb_constant,standard
THA,2007,SP.DYN.LE00.IN,73.779,wb_constant,standard
THA,2008,SP.DYN.LE00.IN,74.221,wb_constant,standard
THA,2009,SP.DYN.LE00.IN,74.669,wb_constant,standard
THA,2010,SP.DYN.LE00.IN,75.012,wb_constant,standard
THA,2011,SP.DYN.LE00.IN,75.302,wb_constant,standard
THA,2012,SP.DYN.LE00.IN,75.59,wb_constant,standard
THA,2013,SP.DYN.LE00.IN,75.96,wb_constant,standard
THA,2014,SP.DYN.LE00.IN,76.279,wb_constant,standard
THA,2015,SP.DYN.LE00.IN,76.563,wb_constant,standard
THA,2016,SP.DYN.LE00.IN,76.769,wb_constant,standard
THA,2017,SP.DYN.LE00.IN,76.989,wb_constant,standard
THA,2018,SP.DYN.LE00.IN,77.19,wb_constant,standard
THA,2019,SP.DYN.LE00.IN,77.197,wb_constant,standard
THA,2020,SP.DYN.LE00.IN,77.331,wb_constant,standard
THA,2021,SP.DYN.LE00.IN,77.606,wb_constant,standard
THA,2022,SP.DYN.LE00.IN,75.291,wb_constant,standard
THA,2023,SP.DYN.LE00.IN,76.412,wb_constant,standard
THA,2024,SP.DYN.LE00.IN,76.564,wb_constant,standard
VNM,1960,SP.DYN.LE00.IN,58.046,wb_constant,standard
VNM,1961,SP.DYN.LE00.IN,58.461,wb_constant,standard
VNM,1962,SP.DYN.LE00.IN,58.204,wb_constant,standard
VNM,1963,SP.DYN.LE00.IN,56.897,wb_constant,standard
VNM,1964,SP.DYN.LE00.IN,57.473,wb_constant,standard
VNM,1965,SP.DYN.LE00.IN,56.967,wb_constant,standard
VNM,1966,SP.DYN.LE00.IN,56.914,wb_constant,standard
VNM,1967,SP.DYN.LE00.IN,56.745,wb_constant,standard
VNM,1968,SP.DYN.LE00.IN,52.668,wb_constant,standard
VNM,1969,SP.DYN.LE00.IN,54.791,wb_constant,standard
VNM,1970,SP.DYN.LE00.IN,54.93,wb_constant,standard
VNM,1971,SP.DYN.LE00.IN,55.585,wb_constant,standard
VNM,1972,SP.DYN.LE00.IN,51.913,wb_constant,standard
VNM,1973,SP.DYN.LE00.IN,55.677,wb_constant,standard
VNM,1974,SP.DYN.LE00.IN,54.751,wb_constant,standard
VNM,1975,SP.DYN.LE00.IN,61.865,wb_constant,standard
VNM,1976,SP.DYN.LE00.IN,63.669,wb_constant,standard
VNM,1977,SP.DYN.LE00.IN,64.07,wb_constant,standard
VNM,1978,SP.DYN.LE00.IN,64.529,wb_constant,standard
VNM,1979,SP.DYN.LE00.IN,64.986,wb_constant,standard
VNM,1980,SP.DYN.LE00.IN,65.338,wb_constant,standard
VNM,1981,SP.DYN.LE00.IN,65.779,wb_constant,standard
VNM,1982,SP.DYN.LE00.IN,66.212,wb_constant,standard
VNM,1983,SP.DYN.LE00.IN,66.545,wb_constant,standard
VNM,1984,SP.DYN.LE00.IN,66.929,wb_constant,standard
VNM,1985,SP.DYN.LE00.IN,67.192,wb_constant,standard
VNM,1986,SP.DYN.LE00.IN,67.55,wb_constant,standard
VNM,1987,SP.DYN.LE00.IN,68.005,wb_constant,standard
VNM,1988,SP.DYN.LE00.IN,68.585,wb_constant,standard
VNM,1989,SP.DYN.LE00.IN,68.805,wb_constant,standard
VNM,1990,SP.DYN.LE00.IN,69.027,wb_constant,standard
VNM,1991,SP.DYN.LE00.IN,69.303,wb_constant,standard
VNM,1992,SP.DYN.LE00.IN,69.62,wb_constant,standard
VNM,1993,SP.DYN.LE00.IN,69.957,wb_constant,standard
VNM,1994,SP.DYN.LE00.IN,70.379,wb_constant,standard
VNM,1995,SP.DYN.LE00.IN,70.871,wb_constant,standard
VNM,1996,SP.DYN.LE00.IN,71.296,wb_constant,standard
VNM,1997,SP.DYN.LE00.IN,71.67,wb_constant,standard
VNM,1998,SP.DYN.LE00.IN,72.283,wb_constant,standard
VNM,1999,SP.DYN.LE00.IN,72.575,wb_constant,standard
VNM,2000,SP.DYN.LE00.IN,72.746,wb_constant,standard
VNM,2001,SP.DYN.LE00.IN,72.984,wb_constant,standard
VNM,2002,SP.DYN.LE00.IN,73.138,wb_constant,standard
VNM,2003,SP.DYN.LE00.IN,73.236,wb_constant,standard
VNM,2004,SP.DYN.LE00.IN,73.062,wb_constant,standard
VNM,2005,SP.DYN.LE00.IN,73.198,wb_constant,standard
VNM,2006,SP.DYN.LE00.IN,73.293,wb_constant,standard
VNM,2007,SP.DYN.LE00.IN,73.385,wb_constant,standard
VNM,2008,SP.DYN.LE00.IN,73.455,wb_constant,standard
VNM,2009,SP.DYN.LE00.IN,73.525,wb_constant,standard
VNM,2010,SP.DYN.LE00.IN,73.611,wb_constant,standard
VNM,2011,SP.DYN.LE00.IN,73.713,wb_constant,standard
VNM,2012,SP.DYN.LE00.IN,73.762,wb_constant,standard
VNM,2013,SP.DYN.LE00.IN,73.821,wb_constant,standard
VNM,2014,SP.DYN.LE00.IN,73.886,wb_constant,standard
VNM,2015,SP.DYN.LE00.IN,73.955,wb_constant,standard
VNM,2016,SP.DYN.LE00.IN,73.984,wb_constant,standard
VNM,2017,SP.DYN.LE00.IN,74.026,wb_constant,standard
VNM,2018,SP.DYN.LE00.IN,74.1,wb_constant,standard
VNM,2019,SP.DYN.LE00.IN,74.211,wb_constant,standard
VNM,2020,SP.DYN.LE00.IN,75.383,wb_constant,standard
VNM,2021,SP.DYN.LE00.IN,74.145,wb_constant,standard
VNM,2022,SP.DYN.LE00.IN,74.502,wb_constant,standard
VNM,2023,SP.DYN.LE00.IN,74.588,wb_constant,standard
VNM,2024,SP.DYN.LE00.IN,74.736,wb_constant,standard
BGD,1960,SP.POP.TOTL,51828660.0,wb_constant,standard
BGD,1961,SP.POP.TOTL,53310348.0,wb_constant,standard
BGD,1962,SP.POP.TOTL,54881146.0,wb_constant,standard
BGD,1963,SP.POP.TOTL,56504402.0,wb_constant,standard
BGD,1964,SP.POP.TOTL,58178374.0,wb_constant,standard
BGD,1965,SP.POP.TOTL,59902519.0,wb_constant,standard
BGD,1966,SP.POP.TOTL,61669806.0,wb_constant,standard
BGD,1967,SP.POP.TOTL,63510929.0,wb_constant,standard
BGD,1968,SP.POP.TOTL,65408276.0,wb_constant,standard
BGD,1969,SP.POP.TOTL,67294133.0,wb_constant,standard
BGD,1970,SP.POP.TOTL,69058894.0,wb_constant,standard
BGD,1971,SP.POP.TOTL,70276758.0,wb_constant,standard
BGD,1972,SP.POP.TOTL,71641519.0,wb_constant,standard
BGD,1973,SP.POP.TOTL,73722294.0,wb_constant,standard
BGD,1974,SP.POP.TOTL,75839348.0,wb_constant,standard
BGD,1975,SP.POP.TOTL,77854351.0,wb_constant,standard
BGD,1976,SP.POP.TOTL,79855318.0,wb_constant,standard
BGD,1977,SP.POP.TOTL,81867264.0,wb_constant,standard
BGD,1978,SP.POP.TOTL,83889655.0,wb_constant,standard
BGD,1979,SP.POP.TOTL,85935072.0,wb_constant,standard
BGD,1980,SP.POP.TOTL,88016432.0,wb_constant,standard
BGD,1981,SP.POP.TOTL,90303105.0,wb_constant,standard
BGD,1982,SP.POP.TOTL,92814507.0,wb_constant,standard
BGD,1983,SP.POP.TOTL,95335155.0,wb_constant,standard
BGD,1984,SP.POP.TOTL,97814966.0,wb_constant,standard
BGD,1985,SP.POP.TOTL,100253825.0,wb_constant,standard
BGD,1986,SP.POP.TOTL,102635572.0,wb_constant,standard
BGD,1987,SP.POP.TOTL,104959291.0,wb_constant,standard
BGD,1988,SP.POP.TOTL,107216008.0,wb_constant,standard
BGD,1989,SP.POP.TOTL,109433799.0,wb_constant,standard
BGD,1990,SP.POP.TOTL,111633717.0,wb_constant,standard
BGD,1991,SP.POP.TOTL,113787109.0,wb_constant,standard
BGD,1992,SP.POP.TOTL,115952192.0,wb_constant,standard
BGD,1993,SP.POP.TOTL,118132360.0,wb_constant,standard
BGD,1994,SP.POP.TOTL,120343179.0,wb_constant,standard
BGD,1995,SP.POP.TOTL,122600370.0,wb_constant,standard
BGD,1996,SP.POP.TOTL,124862179.0,wb_constant,standard
BGD,1997,SP.POP.TOTL,127198069.0,wb_constant,standard
BGD,1998,SP.POP.TOTL,129622332.0,wb_constant,standard
BGD,1999,SP.POP.TOTL,132108065.0,wb_constant,standard
BGD,2000,SP.POP.TOTL,134544304.0,wb_constant,standard
BGD,2001,SP.POP.TOTL,136805810.0,wb_constant,standard
BGD,2002,SP.POP.TOTL,138933658.0,wb_constant,standard
BGD,2003,SP.POP.TOTL,140970351.0,wb_constant,standard
BGD,2004,SP.POP.TOTL,142902856.0,wb_constant,standard
BGD,2005,SP.POP.TOTL,144715786.0,wb_constant,standard
BGD,2006,SP.POP.TOTL,146405973.0,wb_constant,standard
BGD,2007,SP.POP.TOTL,147989278.0,wb_constant,standard
BGD,2008,SP.POP.TOTL,149474264.0,wb_constant,standard
BGD,2009,SP.POP.TOTL,150873714.0,wb_constant,standard
BGD,2010,SP.POP.TOTL,152201981.0,wb_constant,standard
BGD,2011,SP.POP.TOTL,153591076.0,wb_constant,standard
BGD,2012,SP.POP.TOTL,155070101.0,wb_constant,standard
BGD,2013,SP.POP.TOTL,156532141.0,wb_constant,standard
BGD,2014,SP.POP.TOTL,157964929.0,wb_constant,standard
BGD,2015,SP.POP.TOTL,159383179.0,wb_constant,standard
BGD,2016,SP.POP.TOTL,160811932.0,wb_constant,standard
BGD,2017,SP.POP.TOTL,162186147.0,wb_constant,standard
BGD,2018,SP.POP.TOTL,163523103.0,wb_constant,standard
BGD,2019,SP.POP.TOTL,164913055.0,wb_constant,standard
BGD,2020,SP.POP.TOTL,166298024.0,wb_constant,standard
BGD,2021,SP.POP.TOTL,167658854.0,wb_constant,standard
BGD,2022,SP.POP.TOTL,169384897.0,wb_constant,standard
BGD,2023,SP.POP.TOTL,171466990.0,wb_constant,standard
BGD,2024,SP.POP.TOTL,173562364.0,wb_constant,standard
IDN,1960,SP.POP.TOTL,88296070.0,wb_constant,standard
IDN,1961,SP.POP.TOTL,90791249.0,wb_constant,standard
IDN,1962,SP.POP.TOTL,93375850.0,wb_constant,standard
IDN,1963,SP.POP.TOTL,96051424.0,wb_constant,standard
IDN,1964,SP.POP.TOTL,98833749.0,wb_constant,standard
IDN,1965,SP.POP.TOTL,101365130.0,wb_constant,standard
IDN,1966,SP.POP.TOTL,103792754.0,wb_constant,standard
IDN,1967,SP.POP.TOTL,106526393.0,wb_constant,standard
IDN,1968,SP.POP.TOTL,109450006.0,wb_constant,standard
IDN,1969,SP.POP.TOTL,112517639.0,wb_constant,standard
IDN,1970,SP.POP.TOTL,115657495.0,wb_constant,standard
IDN,1971,SP.POP.TOTL,118833702.0,wb_constant,standard
IDN,1972,SP.POP.TOTL,122039841.0,wb_constant,standard
IDN,1973,SP.POP.TOTL,125288515.0,wb_constant,standard
IDN,1974,SP.POP.TOTL,128555045.0,wb_constant,standard
IDN,1975,SP.POP.TOTL,131843848.0,wb_constant,standard
IDN,1976,SP.POP.TOTL,135173655.0,wb_constant,standard
IDN,1977,SP.POP.TOTL,138533541.0,wb_constant,standard
IDN,1978,SP.POP.TOTL,141953163.0,wb_constant,standard
IDN,1979,SP.POP.TOTL,145434834.0,wb_constant,standard
IDN,1980,SP.POP.TOTL,148950540.0,wb_constant,standard
IDN,1981,SP.POP.TOTL,152485035.0,wb_constant,standard
IDN,1982,SP.POP.TOTL,156052152.0,wb_constant,standard
IDN,1983,SP.POP.TOTL,159651381.0,wb_constant,standard
IDN,1984,SP.POP.TOTL,163251124.0,wb_constant,standard
IDN,1985,SP.POP.TOTL,166776185.0,wb_constant,standard
IDN,1986,SP.POP.TOTL,170175065.0,wb_constant,standard
IDN,1987,SP.POP.TOTL,173511154.0,wb_constant,standard
IDN,1988,SP.POP.TOTL,176855065.0,wb_constant,standard
IDN,1989,SP.POP.TOTL,180201630.0,wb_constant,standard
IDN,1990,SP.POP.TOTL,183501098.0,wb_constant,standard
IDN,1991,SP.POP.TOTL,186778238.0,wb_constant,standard
IDN,1992,SP.POP.TOTL,190043744.0,wb_constant,standard
IDN,1993,SP.POP.TOTL,193305168.0,wb_constant,standard
IDN,1994,SP.POP.TOTL,196591828.0,wb_constant,standard
IDN,1995,SP.POP.TOTL,199888057.0,wb_constant,standard
IDN,1996,SP.POP.TOTL,203204348.0,wb_constant,standard
IDN,1997,SP.POP.TOTL,206536095.0,wb_constant,standard
IDN,1998,SP.POP.TOTL,209826788.0,wb_constant,standard
IDN,1999,SP.POP.TOTL,213004668.0,wb_constant,standard
IDN,2000,SP.POP.TOTL,216077790.0,wb_constant,standard
IDN,2001,SP.POP.TOTL,219097902.0,wb_constant,standard
IDN,2002,SP.POP.TOTL,222088495.0,wb_constant,standard
IDN,2003,SP.POP.TOTL,225048008.0,wb_constant,standard
IDN,2004,SP.POP.TOTL,227926649.0,wb_constant,standard
IDN,2005,SP.POP.TOTL,230871650.0,wb_constant,standard
IDN,2006,SP.POP.TOTL,233951652.0,wb_constant,standard
IDN,2007,SP.POP.TOTL,237062337.0,wb_constant,standard
IDN,2008,SP.POP.TOTL,240157903.0,wb_constant,standard
IDN,2009,SP.POP.TOTL,243220028.0,wb_constant,standard
IDN,2010,SP.POP.TOTL,246305322.0,wb_constant,standard
IDN,2011,SP.POP.TOTL,249470032.0,wb_constant,standard
IDN,2012,SP.POP.TOTL,252698525.0,wb_constant,standard
IDN,2013,SP.POP.TOTL,255852467.0,wb_constant,standard
IDN,2014,SP.POP.TOTL,258877399.0,wb_constant,standard
IDN,2015,SP.POP.TOTL,261799249.0,wb_constant,standard
IDN,2016,SP.POP.TOTL,264627418.0,wb_constant,standard
IDN,2017,SP.POP.TOTL,267346658.0,wb_constant,standard
IDN,2018,SP.POP.TOTL,269951846.0,wb_constant,standard
IDN,2019,SP.POP.TOTL,272489381.0,wb_constant,standard
IDN,2020,SP.POP.TOTL,274814866.0,wb_constant,standard
IDN,2021,SP.POP.TOTL,276758053.0,wb_constant,standard
IDN,2022,SP.POP.TOTL,278830529.0,wb_constant,standard
IDN,2023,SP.POP.TOTL,281190067.0,wb_constant,standard
IDN,2024,SP.POP.TOTL,283487931.0,wb_constant,standard
KHM,1960,SP.POP.TOTL,5449966.0,wb_constant,standard
KHM,1961,SP.POP.TOTL,5571168.0,wb_constant,standard
KHM,1962,SP.POP.TOTL,5697558.0,wb_constant,standard
KHM,1963,SP.POP.TOTL,5823010.0,wb_constant,standard
KHM,1964,SP.POP.TOTL,5946178.0,wb_constant,standard
KHM,1965,SP.POP.TOTL,6072289.0,wb_constant,standard
KHM,1966,SP.POP.TOTL,6201232.0,wb_constant,standard
KHM,1967,SP.POP.TOTL,6332944.0,wb_constant,standard
KHM,1968,SP.POP.TOTL,6467324.0,wb_constant,standard
KHM,1969,SP.POP.TOTL,6604725.0,wb_constant,standard
KHM,1970,SP.POP.TOTL,6639182.0,wb_constant,standard
KHM,1971,SP.POP.TOTL,6620880.0,wb_constant,standard
KHM,1972,SP.POP.TOTL,6673886.0,wb_constant,standard
KHM,1973,SP.POP.TOTL,6739726.0,wb_constant,standard
KHM,1974,SP.POP.TOTL,6783240.0,wb_constant,standard
KHM,1975,SP.POP.TOTL,6581371.0,wb_constant,standard
KHM,1976,SP.POP.TOTL,6134991.0,wb_constant,standard
KHM,1977,SP.POP.TOTL,5668551.0,wb_constant,standard
KHM,1978,SP.POP.TOTL,5211653.0,wb_constant,standard
KHM,1979,SP.POP.TOTL,5088808.0,wb_constant,standard
KHM,1980,SP.POP.TOTL,5199872.0,wb_constant,standard
KHM,1981,SP.POP.TOTL,5284495.0,wb_constant,standard
KHM,1982,SP.POP.TOTL,5436432.0,wb_constant,standard
KHM,1983,SP.POP.TOTL,5636203.0,wb_constant,standard
KHM,1984,SP.POP.TOTL,5845117.0,wb_constant,standard
KHM,1985,SP.POP.TOTL,6043783.0,wb_constant,standard
KHM,1986,SP.POP.TOTL,6285693.0,wb_constant,standard
KHM,1987,SP.POP.TOTL,6557970.0,wb_constant,standard
KHM,1988,SP.POP.TOTL,6812014.0,wb_constant,standard
KHM,1989,SP.POP.TOTL,7073473.0,wb_constant,standard
KHM,1990,SP.POP.TOTL,7374752.0,wb_constant,standard
KHM,1991,SP.POP.TOTL,7686850.0,wb_constant,standard
KHM,1992,SP.POP.TOTL,8113083.0,wb_constant,standard
KHM,1993,SP.POP.TOTL,8616381.0,wb_constant,standard
KHM,1994,SP.POP.TOTL,9239162.0,wb_constant,standard
KHM,1995,SP.POP.TOTL,10018497.0,wb_constant,standard
KHM,1996,SP.POP.TOTL,10801270.0,wb_constant,standard
KHM,1997,SP.POP.TOTL,11570982.0,wb_constant,standard
KHM,1998,SP.POP.TOTL,12058173.0,wb_constant,standard
KHM,1999,SP.POP.TOTL,12265731.0,wb_constant,standard
KHM,2000,SP.POP.TOTL,12462336.0,wb_constant,standard
KHM,2001,SP.POP.TOTL,12658484.0,wb_constant,standard
KHM,2002,SP.POP.TOTL,12855241.0,wb_constant,standard
KHM,2003,SP.POP.TOTL,13050968.0,wb_constant,standard
KHM,2004,SP.POP.TOTL,13244731.0,wb_constant,standard
KHM,2005,SP.POP.TOTL,13439202.0,wb_constant,standard
KHM,2006,SP.POP.TOTL,13639028.0,wb_constant,standard
KHM,2007,SP.POP.TOTL,13841770.0,wb_constant,standard
KHM,2008,SP.POP.TOTL,14053479.0,wb_constant,standard
KHM,2009,SP.POP.TOTL,14276810.0,wb_constant,standard
KHM,2010,SP.POP.TOTL,14500726.0,wb_constant,standard
KHM,2011,SP.POP.TOTL,14722584.0,wb_constant,standard
KHM,2012,SP.POP.TOTL,14945085.0,wb_constant,standard
KHM,2013,SP.POP.TOTL,15170208.0,wb_constant,standard
KHM,2014,SP.POP.TOTL,15396772.0,wb_constant,standard
KHM,2015,SP.POP.TOTL,15623251.0,wb_constant,standard
KHM,2016,SP.POP.TOTL,15852803.0,wb_constant,standard
KHM,2017,SP.POP.TOTL,16073372.0,wb_constant,standard
KHM,2018,SP.POP.TOTL,16274522.0,wb_constant,standard
KHM,2019,SP.POP.TOTL,16481304.0,wb_constant,standard
KHM,2020,SP.POP.TOTL,16725474.0,wb_constant,standard
KHM,2021,SP.POP.TOTL,16974305.0,wb_constant,standard
KHM,2022,SP.POP.TOTL,17201724.0,wb_constant,standard
KHM,2023,SP.POP.TOTL,17423880.0,wb_constant,standard
KHM,2024,SP.POP.TOTL,17638801.0,wb_constant,standard
LAO,1960,SP.POP.TOTL,2121514.0,wb_constant,standard
LAO,1961,SP.POP.TOTL,2169796.0,wb_constant,standard
LAO,1962,SP.POP.TOTL,2219910.0,wb_constant,standard
LAO,1963,SP.POP.TOTL,2271061.0,wb_constant,standard
LAO,1964,SP.POP.TOTL,2322826.0,wb_constant,standard
LAO,1965,SP.POP.TOTL,2376200.0,wb_constant,standard
LAO,1966,SP.POP.TOTL,2431084.0,wb_constant,standard
LAO,1967,SP.POP.TOTL,2487715.0,wb_constant,standard
LAO,1968,SP.POP.TOTL,2546377.0,wb_constant,standard
LAO,1969,SP.POP.TOTL,2606959.0,wb_constant,standard
LAO,1970,SP.POP.TOTL,2669702.0,wb_constant,standard
LAO,1971,SP.POP.TOTL,2734628.0,wb_constant,standard
LAO,1972,SP.POP.TOTL,2801660.0,wb_constant,standard
LAO,1973,SP.POP.TOTL,2870573.0,wb_constant,standard
LAO,1974,SP.POP.TOTL,2939761.0,wb_constant,standard
LAO,1975,SP.POP.TOTL,3005521.0,wb_constant,standard
LAO,1976,SP.POP.TOTL,3064876.0,wb_constant,standard
LAO,1977,SP.POP.TOTL,3118923.0,wb_constant,standard
LAO,1978,SP.POP.TOTL,3171740.0,wb_constant,standard
LAO,1979,SP.POP.TOTL,3228202.0,wb_constant,standard
LAO,1980,SP.POP.TOTL,3292573.0,wb_constant,standard
LAO,1981,SP.POP.TOTL,3366631.0,wb_constant,standard
LAO,1982,SP.POP.TOTL,3450026.0,wb_constant,standard
LAO,1983,SP.POP.TOTL,3541001.0,wb_constant,standard
LAO,1984,SP.POP.TOTL,3637843.0,wb_constant,standard
LAO,1985,SP.POP.TOTL,3739985.0,wb_constant,standard
LAO,1986,SP.POP.TOTL,3846715.0,wb_constant,standard
LAO,1987,SP.POP.TOTL,3957612.0,wb_constant,standard
LAO,1988,SP.POP.TOTL,4072601.0,wb_constant,standard
LAO,1989,SP.POP.TOTL,4190974.0,wb_constant,standard
LAO,1990,SP.POP.TOTL,4311955.0,wb_constant,standard
LAO,1991,SP.POP.TOTL,4435118.0,wb_constant,standard
LAO,1992,SP.POP.TOTL,4559646.0,wb_constant,standard
LAO,1993,SP.POP.TOTL,4685060.0,wb_constant,standard
LAO,1994,SP.POP.TOTL,4809220.0,wb_constant,standard
LAO,1995,SP.POP.TOTL,4929409.0,wb_constant,standard
LAO,1996,SP.POP.TOTL,5045678.0,wb_constant,standard
LAO,1997,SP.POP.TOTL,5152011.0,wb_constant,standard
LAO,1998,SP.POP.TOTL,5248266.0,wb_constant,standard
LAO,1999,SP.POP.TOTL,5340784.0,wb_constant,standard
LAO,2000,SP.POP.TOTL,5431212.0,wb_constant,standard
LAO,2001,SP.POP.TOTL,5521482.0,wb_constant,standard
LAO,2002,SP.POP.TOTL,5610889.0,wb_constant,standard
LAO,2003,SP.POP.TOTL,5697945.0,wb_constant,standard
LAO,2004,SP.POP.TOTL,5781626.0,wb_constant,standard
LAO,2005,SP.POP.TOTL,5869523.0,wb_constant,standard
LAO,2006,SP.POP.TOTL,5963200.0,wb_constant,standard
LAO,2007,SP.POP.TOTL,6056236.0,wb_constant,standard
LAO,2008,SP.POP.TOTL,6148969.0,wb_constant,standard
LAO,2009,SP.POP.TOTL,6241642.0,wb_constant,standard
LAO,2010,SP.POP.TOTL,6334194.0,wb_constant,standard
LAO,2011,SP.POP.TOTL,6426590.0,wb_constant,standard
LAO,2012,SP.POP.TOTL,6518978.0,wb_constant,standard
LAO,2013,SP.POP.TOTL,6611385.0,wb_constant,standard
LAO,2014,SP.POP.TOTL,6703172.0,wb_constant,standard
LAO,2015,SP.POP.TOTL,6801645.0,wb_constant,standard
LAO,2016,SP.POP.TOTL,6908802.0,wb_constant,standard
LAO,2017,SP.POP.TOTL,7018147.0,wb_constant,standard
LAO,2018,SP.POP.TOTL,7128045.0,wb_constant,standard
LAO,2019,SP.POP.TOTL,7237636.0,wb_constant,standard
LAO,2020,SP.POP.TOTL,7346533.0,wb_constant,standard
LAO,2021,SP.POP.TOTL,7453194.0,wb_constant,standard
LAO,2022,SP.POP.TOTL,7559007.0,wb_constant,standard
LAO,2023,SP.POP.TOTL,7664993.0,wb_constant,standard
LAO,2024,SP.POP.TOTL,7769819.0,wb_constant,standard
MMR,1960,SP.POP.TOTL,21730250.0,wb_constant,low
MMR,1961,SP.POP.TOTL,22210581.0,wb_constant,low
MMR,1962,SP.POP.TOTL,22704719.0,wb_constant,low
MMR,1963,SP.POP.TOTL,23213408.0,wb_constant,low
MMR,1964,SP.POP.TOTL,23737315.0,wb_constant,low
MMR,1965,SP.POP.TOTL,24279431.0,wb_constant,low
MMR,1966,SP.POP.TOTL,24836496.0,wb_constant,low
MMR,1967,SP.POP.TOTL,25406429.0,wb_constant,low
MMR,1968,SP.POP.TOTL,25989662.0,wb_constant,low
MMR,1969,SP.POP.TOTL,26585112.0,wb_constant,low
MMR,1970,SP.POP.TOTL,27193016.0,wb_constant,low
MMR,1971,SP.POP.TOTL,27807219.0,wb_constant,low
MMR,1972,SP.POP.TOTL,28428324.0,wb_constant,low
MMR,1973,SP.POP.TOTL,29026388.0,wb_constant,low
MMR,1974,SP.POP.TOTL,29598167.0,wb_constant,low
MMR,1975,SP.POP.TOTL,30176565.0,wb_constant,low
MMR,1976,SP.POP.TOTL,30758811.0,wb_constant,low
MMR,1977,SP.POP.TOTL,31355966.0,wb_constant,low
MMR,1978,SP.POP.TOTL,31972976.0,wb_constant,low
MMR,1979,SP.POP.TOTL,32596550.0,wb_constant,low
MMR,1980,SP.POP.TOTL,33227204.0,wb_constant,low
MMR,1981,SP.POP.TOTL,33858783.0,wb_constant,low
MMR,1982,SP.POP.TOTL,34482965.0,wb_constant,low
MMR,1983,SP.POP.TOTL,35162715.0,wb_constant,low
MMR,1984,SP.POP.TOTL,35899313.0,wb_constant,low
MMR,1985,SP.POP.TOTL,36622827.0,wb_constant,low
MMR,1986,SP.POP.TOTL,37314878.0,wb_constant,low
MMR,1987,SP.POP.TOTL,37971594.0,wb_constant,low
MMR,1988,SP.POP.TOTL,38600927.0,wb_constant,low
MMR,1989,SP.POP.TOTL,39214618.0,wb_constant,low
MMR,1990,SP.POP.TOTL,39817251.0,wb_constant,standard
MMR,1991,SP.POP.TOTL,40394154.0,wb_constant,standard
MMR,1992,SP.POP.TOTL,40950342.0,wb_constant,standard
MMR,1993,SP.POP.TOTL,41502429.0,wb_constant,standard
MMR,1994,SP.POP.TOTL,42055143.0,wb_constant,standard
MMR,1995,SP.POP.TOTL,42605338.0,wb_constant,standard
MMR,1996,SP.POP.TOTL,43154860.0,wb_constant,standard
MMR,1997,SP.POP.TOTL,43708798.0,wb_constant,standard
MMR,1998,SP.POP.TOTL,44257793.0,wb_constant,standard
MMR,1999,SP.POP.TOTL,44787724.0,wb_constant,standard
MMR,2000,SP.POP.TOTL,45290841.0,wb_constant,standard
MMR,2001,SP.POP.TOTL,45771139.0,wb_constant,standard
MMR,2002,SP.POP.TOTL,46232653.0,wb_constant,standard
MMR,2003,SP.POP.TOTL,46667192.0,wb_constant,standard
MMR,2004,SP.POP.TOTL,47068772.0,wb_constant,standard
MMR,2005,SP.POP.TOTL,47438365.0,wb_constant,standard
MMR,2006,SP.POP.TOTL,47785135.0,wb_constant,standard
MMR,2007,SP.POP.TOTL,48125043.0,wb_constant,standard
MMR,2008,SP.POP.TOTL,48390793.0,wb_constant,standard
MMR,2009,SP.POP.TOTL,48660459.0,wb_constant,standard
MMR,2010,SP.POP.TOTL,49024382.0,wb_constant,standard
MMR,2011,SP.POP.TOTL,49419820.0,wb_constant,standard
MMR,2012,SP.POP.TOTL,49837446.0,wb_constant,standard
MMR,2013,SP.POP.TOTL,50262658.0,wb_constant,standard
MMR,2014,SP.POP.TOTL,50681634.0,wb_constant,standard
MMR,2015,SP.POP.TOTL,51089056.0,wb_constant,standard
MMR,2016,SP.POP.TOTL,51495696.0,wb_constant,standard
MMR,2017,SP.POP.TOTL,51894938.0,wb_constant,standard
MMR,2018,SP.POP.TOTL,52272247.0,wb_constant,standard
MMR,2019,SP.POP.TOTL,52640713.0,wb_constant,standard
MMR,2020,SP.POP.TOTL,53016522.0,wb_constant,standard
MMR,2021,SP.POP.TOTL,53387102.0,wb_constant,standard
MMR,2022,SP.POP.TOTL,53756787.0,wb_constant,standard
MMR,2023,SP.POP.TOTL,54133798.0,wb_constant,standard
MMR,2024,SP.POP.TOTL,54500091.0,wb_constant,standard
NPL,1960,SP.POP.TOTL,10123658.0,wb_constant,standard
NPL,1961,SP.POP.TOTL,10318396.0,wb_constant,standard
NPL,1962,SP.POP.TOTL,10521116.0,wb_constant,standard
NPL,1963,SP.POP.TOTL,10729818.0,wb_constant,standard
NPL,1964,SP.POP.TOTL,10946392.0,wb_constant,standard
NPL,1965,SP.POP.TOTL,11173411.0,wb_constant,standard
NPL,1966,SP.POP.TOTL,11408710.0,wb_constant,standard
NPL,1967,SP.POP.TOTL,11652716.0,wb_constant,standard
NPL,1968,SP.POP.TOTL,11906266.0,wb_constant,standard
NPL,1969,SP.POP.TOTL,12167036.0,wb_constant,standard
NPL,1970,SP.POP.TOTL,12436190.0,wb_constant,standard
NPL,1971,SP.POP.TOTL,12710061.0,wb_constant,standard
NPL,1972,SP.POP.TOTL,12989099.0,wb_constant,standard
NPL,1973,SP.POP.TOTL,13275239.0,wb_constant,standard
NPL,1974,SP.POP.TOTL,13568435.0,wb_constant,standard
NPL,1975,SP.POP.TOTL,13870695.0,wb_constant,standard
NPL,1976,SP.POP.TOTL,14177649.0,wb_constant,standard
NPL,1977,SP.POP.TOTL,14499175.0,wb_constant,standard
NPL,1978,SP.POP.TOTL,14839695.0,wb_constant,standard
NPL,1979,SP.POP.TOTL,15190590.0,wb_constant,standard
NPL,1980,SP.POP.TOTL,15553105.0,wb_constant,standard
NPL,1981,SP.POP.TOTL,15922423.0,wb_constant,standard
NPL,1982,SP.POP.TOTL,16297987.0,wb_constant,standard
NPL,1983,SP.POP.TOTL,16689119.0,wb_constant,standard
NPL,1984,SP.POP.TOTL,17085242.0,wb_constant,standard
NPL,1985,SP.POP.TOTL,17477692.0,wb_constant,standard
NPL,1986,SP.POP.TOTL,17868124.0,wb_constant,standard
NPL,1987,SP.POP.TOTL,18250505.0,wb_constant,standard
NPL,1988,SP.POP.TOTL,18638661.0,wb_constant,standard
NPL,1989,SP.POP.TOTL,19057807.0,wb_constant,standard
NPL,1990,SP.POP.TOTL,19524573.0,wb_constant,standard
NPL,1991,SP.POP.TOTL,20036500.0,wb_constant,standard
NPL,1992,SP.POP.TOTL,20609707.0,wb_constant,standard
NPL,1993,SP.POP.TOTL,21180159.0,wb_constant,standard
NPL,1994,SP.POP.TOTL,21717479.0,wb_constant,standard
NPL,1995,SP.POP.TOTL,22245439.0,wb_constant,standard
NPL,1996,SP.POP.TOTL,22741862.0,wb_constant,standard
NPL,1997,SP.POP.TOTL,23219463.0,wb_constant,standard
NPL,1998,SP.POP.TOTL,23680357.0,wb_constant,standard
NPL,1999,SP.POP.TOTL,24125199.0,wb_constant,standard
NPL,2000,SP.POP.TOTL,24546509.0,wb_constant,standard
NPL,2001,SP.POP.TOTL,24946748.0,wb_constant,standard
NPL,2002,SP.POP.TOTL,25328981.0,wb_constant,standard
NPL,2003,SP.POP.TOTL,25688758.0,wb_constant,standard
NPL,2004,SP.POP.TOTL,26016656.0,wb_constant,standard
NPL,2005,SP.POP.TOTL,26309458.0,wb_constant,standard
NPL,2006,SP.POP.TOTL,26565425.0,wb_constant,standard
NPL,2007,SP.POP.TOTL,26788492.0,wb_constant,standard
NPL,2008,SP.POP.TOTL,26990037.0,wb_constant,standard
NPL,2009,SP.POP.TOTL,27173035.0,wb_constant,standard
NPL,2010,SP.POP.TOTL,27341952.0,wb_constant,standard
NPL,2011,SP.POP.TOTL,27464494.0,wb_constant,standard
NPL,2012,SP.POP.TOTL,27534915.0,wb_constant,standard
NPL,2013,SP.POP.TOTL,27589996.0,wb_constant,standard
NPL,2014,SP.POP.TOTL,27672370.0,wb_constant,standard
NPL,2015,SP.POP.TOTL,27823629.0,wb_constant,standard
NPL,2016,SP.POP.TOTL,27955462.0,wb_constant,standard
NPL,2017,SP.POP.TOTL,28011258.0,wb_constant,standard
NPL,2018,SP.POP.TOTL,28079689.0,wb_constant,standard
NPL,2019,SP.POP.TOTL,28414064.0,wb_constant,standard
NPL,2020,SP.POP.TOTL,28966574.0,wb_constant,standard
NPL,2021,SP.POP.TOTL,29475010.0,wb_constant,standard
NPL,2022,SP.POP.TOTL,29715436.0,wb_constant,standard
NPL,2023,SP.POP.TOTL,29694614.0,wb_constant,standard
NPL,2024,SP.POP.TOTL,29651054.0,wb_constant,standard
THA,1960,SP.POP.TOTL,26851747.0,wb_constant,standard
THA,1961,SP.POP.TOTL,27650334.0,wb_constant,standard
THA,1962,SP.POP.TOTL,28481040.0,wb_constant,standard
THA,1963,SP.POP.TOTL,29342322.0,wb_constant,standard
THA,1964,SP.POP.TOTL,30232141.0,wb_constant,standard
THA,1965,SP.POP.TOTL,31149337.0,wb_constant,standard
THA,1966,SP.POP.TOTL,32086071.0,wb_constant,standard
THA,1967,SP.POP.TOTL,33037801.0,wb_constant,standard
THA,1968,SP.POP.TOTL,34002560.0,wb_constant,standard
THA,1969,SP.POP.TOTL,34973782.0,wb_constant,standard
THA,1970,SP.POP.TOTL,35954408.0,wb_constant,standard
THA,1971,SP.POP.TOTL,36937387.0,wb_constant,standard
THA,1972,SP.POP.TOTL,37933929.0,wb_constant,standard
THA,1973,SP.POP.TOTL,38947787.0,wb_constant,standard
THA,1974,SP.POP.TOTL,39952891.0,wb_constant,standard
THA,1975,SP.POP.TOTL,40940005.0,wb_constant,standard
THA,1976,SP.POP.TOTL,41896504.0,wb_constant,standard
THA,1977,SP.POP.TOTL,42843974.0,wb_constant,standard
THA,1978,SP.POP.TOTL,43788976.0,wb_constant,standard
THA,1979,SP.POP.TOTL,44718434.0,wb_constant,standard
THA,1980,SP.POP.TOTL,45650022.0,wb_constant,standard
THA,1981,SP.POP.TOTL,46575855.0,wb_constant,standard
THA,1982,SP.POP.TOTL,47494577.0,wb_constant,standard
THA,1983,SP.POP.TOTL,48423309.0,wb_constant,standard
THA,1984,SP.POP.TOTL,49351708.0,wb_constant,standard
THA,1985,SP.POP.TOTL,50270753.0,wb_constant,standard
THA,1986,SP.POP.TOTL,51177834.0,wb_constant,standard
THA,1987,SP.POP.TOTL,52074105.0,wb_constant,standard
THA,1988,SP.POP.TOTL,52969595.0,wb_constant,standard
THA,1989,SP.POP.TOTL,53848956.0,wb_constant,standard
THA,1990,SP.POP.TOTL,54738329.0,wb_constant,standard
THA,1991,SP.POP.TOTL,55637434.0,wb_constant,standard
THA,1992,SP.POP.TOTL,56528834.0,wb_constant,standard
THA,1993,SP.POP.TOTL,57408198.0,wb_constant,standard
THA,1994,SP.POP.TOTL,58260854.0,wb_constant,standard
THA,1995,SP.POP.TOTL,59098232.0,wb_constant,standard
THA,1996,SP.POP.TOTL,59920064.0,wb_constant,standard
THA,1997,SP.POP.TOTL,60724584.0,wb_constant,standard
THA,1998,SP.POP.TOTL,61522630.0,wb_constant,standard
THA,1999,SP.POP.TOTL,62299043.0,wb_constant,standard
THA,2000,SP.POP.TOTL,63007815.0,wb_constant,standard
THA,2001,SP.POP.TOTL,63651141.0,wb_constant,standard
THA,2002,SP.POP.TOTL,64266437.0,wb_constant,standard
THA,2003,SP.POP.TOTL,64868166.0,wb_constant,standard
THA,2004,SP.POP.TOTL,65452047.0,wb_constant,standard
THA,2005,SP.POP.TOTL,66017420.0,wb_constant,standard
THA,2006,SP.POP.TOTL,66567687.0,wb_constant,standard
THA,2007,SP.POP.TOTL,67102394.0,wb_constant,standard
THA,2008,SP.POP.TOTL,67619830.0,wb_constant,standard
THA,2009,SP.POP.TOTL,68121080.0,wb_constant,standard
THA,2010,SP.POP.TOTL,68579447.0,wb_constant,standard
THA,2011,SP.POP.TOTL,69007208.0,wb_constant,standard
THA,2012,SP.POP.TOTL,69436098.0,wb_constant,standard
THA,2013,SP.POP.TOTL,69845114.0,wb_constant,standard
THA,2014,SP.POP.TOTL,70216367.0,wb_constant,standard
THA,2015,SP.POP.TOTL,70540795.0,wb_constant,standard
THA,2016,SP.POP.TOTL,70859841.0,wb_constant,standard
THA,2017,SP.POP.TOTL,71160187.0,wb_constant,standard
THA,2018,SP.POP.TOTL,71376079.0,wb_constant,standard
THA,2019,SP.POP.TOTL,71522271.0,wb_constant,standard
THA,2020,SP.POP.TOTL,71641484.0,wb_constant,standard
THA,2021,SP.POP.TOTL,71727332.0,wb_constant,standard
THA,2022,SP.POP.TOTL,71735329.0,wb_constant,standard
THA,2023,SP.POP.TOTL,71702435.0,wb_constant,standard
THA,2024,SP.POP.TOTL,71668011.0,wb_constant,standard
VNM,1960,SP.POP.TOTL,32531933.0,wb_constant,standard
VNM,1961,SP.POP.TOTL,33409059.0,wb_constant,standard
VNM,1962,SP.POP.TOTL,34288560.0,wb_constant,standard
VNM,1963,SP.POP.TOTL,35249101.0,wb_constant,standard
VNM,1964,SP.POP.TOTL,36201563.0,wb_constant,standard
VNM,1965,SP.POP.TOTL,37129656.0,wb_constant,standard
VNM,1966,SP.POP.TOTL,38024836.0,wb_constant,standard
VNM,1967,SP.POP.TOTL,38895080.0,wb_constant,standard
VNM,1968,SP.POP.TOTL,39734609.0,wb_constant,standard
VNM,1969,SP.POP.TOTL,40582096.0,wb_constant,standard
VNM,1970,SP.POP.TOTL,41475230.0,wb_constant,standard
VNM,1971,SP.POP.TOTL,42449276.0,wb_constant,standard
VNM,1972,SP.POP.TOTL,43429168.0,wb_constant,standard
VNM,1973,SP.POP.TOTL,44409861.0,wb_constant,standard
VNM,1974,SP.POP.TOTL,45413537.0,wb_constant,standard
VNM,1975,SP.POP.TOTL,46482903.0,wb_constant,standard
VNM,1976,SP.POP.TOTL,47684931.0,wb_constant,standard
VNM,1977,SP.POP.TOTL,48954872.0,wb_constant,standard
VNM,1978,SP.POP.TOTL,50249552.0,wb_constant,standard
VNM,1979,SP.POP.TOTL,51378211.0,wb_constant,standard
VNM,1980,SP.POP.TOTL,52490101.0,wb_constant,standard
VNM,1981,SP.POP.TOTL,53738141.0,wb_constant,standard
VNM,1982,SP.POP.TOTL,55011289.0,wb_constant,standard
VNM,1983,SP.POP.TOTL,56337921.0,wb_constant,standard
VNM,1984,SP.POP.TOTL,57706067.0,wb_constant,standard
VNM,1985,SP.POP.TOTL,59060622.0,wb_constant,standard
VNM,1986,SP.POP.TOTL,60347048.0,wb_constant,standard
VNM,1987,SP.POP.TOTL,61584651.0,wb_constant,standard
VNM,1988,SP.POP.TOTL,62843228.0,wb_constant,standard
VNM,1989,SP.POP.TOTL,64147348.0,wb_constant,standard
VNM,1990,SP.POP.TOTL,65504552.0,wb_constant,standard
VNM,1991,SP.POP.TOTL,66891775.0,wb_constant,standard
VNM,1992,SP.POP.TOTL,68260337.0,wb_constant,standard
VNM,1993,SP.POP.TOTL,69586384.0,wb_constant,standard
VNM,1994,SP.POP.TOTL,70854391.0,wb_constant,standard
VNM,1995,SP.POP.TOTL,72049940.0,wb_constant,standard
VNM,1996,SP.POP.TOTL,73156447.0,wb_constant,standard
VNM,1997,SP.POP.TOTL,74226889.0,wb_constant,standard
VNM,1998,SP.POP.TOTL,75299660.0,wb_constant,standard
VNM,1999,SP.POP.TOTL,76287452.0,wb_constant,standard
VNM,2000,SP.POP.TOTL,77154011.0,wb_constant,standard
VNM,2001,SP.POP.TOTL,77969361.0,wb_constant,standard
VNM,2002,SP.POP.TOTL,78772224.0,wb_constant,standard
VNM,2003,SP.POP.TOTL,79563777.0,wb_constant,standard
VNM,2004,SP.POP.TOTL,80338971.0,wb_constant,standard
VNM,2005,SP.POP.TOTL,81088313.0,wb_constant,standard
VNM,2006,SP.POP.TOTL,82167897.0,wb_constant,standard
VNM,2007,SP.POP.TOTL,83633375.0,wb_constant,standard
VNM,2008,SP.POP.TOTL,85175788.0,wb_constant,standard
VNM,2009,SP.POP.TOTL,86460018.0,wb_constant,standard
VNM,2010,SP.POP.TOTL,87455152.0,wb_constant,standard
VNM,2011,SP.POP.TOTL,88468314.0,wb_constant,standard
VNM,2012,SP.POP.TOTL,89510356.0,wb_constant,standard
VNM,2013,SP.POP.TOTL,90573104.0,wb_constant,standard
VNM,2014,SP.POP.TOTL,91679578.0,wb_constant,standard
VNM,2015,SP.POP.TOTL,92823254.0,wb_constant,standard
VNM,2016,SP.POP.TOTL,94000117.0,wb_constant,standard
VNM,2017,SP.POP.TOTL,95176977.0,wb_constant,standard
VNM,2018,SP.POP.TOTL,96237319.0,wb_constant,standard
VNM,2019,SP.POP.TOTL,97173776.0,wb_constant,standard
VNM,2020,SP.POP.TOTL,98079191.0,wb_constant,standard
VNM,2021,SP.POP.TOTL,98935098.0,wb_constant,standard
VNM,2022,SP.POP.TOTL,99680655.0,wb_constant,standard
VNM,2023,SP.POP.TOTL,100352192.0,wb_constant,standard
VNM,2024,SP.POP.TOTL,100987686.0,wb_constant,standard
