indicator_id,indicator_name,pillar,country_iso3,country_name,year,value,pre_2011,imputed
BX.KLT.DINV.WD.GD.ZS,FDI net inflows (% of GDP),economy,BGD,Bangladesh,2000,0.525362089236087,True,False
BX.KLT.DINV.WD.GD.ZS,FDI net inflows (% of GDP),economy,BGD,Bangladesh,2001,0.145443904569924,True,False
BX.KLT.DINV.WD.GD.ZS,FDI net inflows (% of GDP),economy,BGD,Bangladesh,2002,0.0955793676464671,True,False
BX.KLT.DINV.WD.GD.ZS,FDI net inflows (% of GDP),economy,BGD,Bangladesh,2003,0.44596078329809,True,False
BX.KLT.DINV.WD.GD.ZS,FDI net inflows (% of GDP),economy,BGD,Bangladesh,2004,0.689472335587339,True,False
BX.KLT.DINV.WD.GD.ZS,FDI net inflows (% of GDP),economy,BGD,Bangladesh,2005,1.17065167448603,True,False
BX.KLT.DINV.WD.GD.ZS,FDI net inflows (% of GDP),economy,BGD,Bangladesh,2006,0.635863899506714,True,False
BX.KLT.DINV.WD.GD.ZS,FDI net inflows (% of GDP),economy,BGD,Bangladesh,2007,0.817756922700044,True,False
BX.KLT.DINV.WD.GD.ZS,FDI net inflows (% of GDP),economy,BGD,Bangladesh,2008,1.4496579161576,True,False
BX.KLT.DINV.WD.GD.ZS,FDI net inflows (% of GDP),economy,BGD,Bangladesh,2009,0.879517142536145,True,False
BX.KLT.DINV.WD.GD.ZS,FDI net inflows (% of GDP),economy,BGD,Bangladesh,2010,1.06896766308322,True,False
BX.KLT.DINV.WD.GD.ZS,FDI net inflows (% of GDP),economy,BGD,Bangladesh,2011,0.983399364184761,False,False
BX.KLT.DINV.WD.GD.ZS,FDI net inflows (% of GDP),economy,BGD,Bangladesh,2012,1.18850391920183,False,False
BX.KLT.DINV.WD.GD.ZS,FDI net inflows (% of GDP),economy,BGD,Bangladesh,2013,1.73532012481503,False,False
BX.KLT.DINV.WD.GD.ZS,FDI net inflows (% of GDP),economy,BGD,Bangladesh,2014,1.46870305074204,False,False
BX.KLT.DINV.WD.GD.ZS,FDI net inflows (% of GDP),economy,BGD,Bangladesh,2015,1.4507824552936,False,False
BX.KLT.DINV.WD.GD.ZS,FDI net inflows (% of GDP),economy,BGD,Bangladesh,2016,0.879528340271998,False,False
BX.KLT.DINV.WD.GD.ZS,FDI net inflows (% of GDP),economy,BGD,Bangladesh,2017,0.616341784631384,False,False
BX.KLT.DINV.WD.GD.ZS,FDI net inflows (% of GDP),economy,BGD,Bangladesh,2018,0.75354913412869,False,False
BX.KLT.DINV.WD.GD.ZS,FDI net inflows (% of GDP),economy,BGD,Bangladesh,2019,0.543244141585063,False,False
BX.KLT.DINV.WD.GD.ZS,FDI net inflows (% of GDP),economy,BGD,Bangladesh,2020,0.407859894856915,False,False
BX.KLT.DINV.WD.GD.ZS,FDI net inflows (% of GDP),economy,BGD,Bangladesh,2021,0.414118154040593,False,False
BX.KLT.DINV.WD.GD.ZS,FDI net inflows (% of GDP),economy,BGD,Bangladesh,2022,0.347960024540439,False,False
BX.KLT.DINV.WD.GD.ZS,FDI net inflows (% of GDP),economy,BGD,Bangladesh,2023,0.335721505298968,False,False
BX.KLT.DINV.WD.GD.ZS,FDI net inflows (% of GDP),economy,BGD,Bangladesh,2024,0.283870773350074,False,False
BX.KLT.DINV.WD.GD.ZS,FDI net inflows (% of GDP),economy,IDN,Indonesia,2000,-2.75743993350903,True,False
BX.KLT.DINV.WD.GD.ZS,FDI net inflows (% of GDP),economy,IDN,Indonesia,2001,-1.85568619300523,True,False
BX.KLT.DINV.WD.GD.ZS,FDI net inflows (% of GDP),economy,IDN,Indonesia,2002,0.0741516383181159,True,False
BX.KLT.DINV.WD.GD.ZS,FDI net inflows (% of GDP),economy,IDN,Indonesia,2003,-0.254256320381005,True,False
BX.KLT.DINV.WD.GD.ZS,FDI net inflows (% of GDP),economy,IDN,Indonesia,2004,0.738243979887563,True,False
BX.KLT.DINV.WD.GD.ZS,FDI net inflows (% of GDP),economy,IDN,Indonesia,2005,2.91611483313067,True,False
BX.KLT.DINV.WD.GD.ZS,FDI net inflows (% of GDP),economy,IDN,Indonesia,2006,1.34794264068931,True,False
BX.KLT.DINV.WD.GD.ZS,FDI net inflows (% of GDP),economy,IDN,Indonesia,2007,1.6030105718879,True,False
BX.KLT.DINV.WD.GD.ZS,FDI net inflows (% of GDP),economy,IDN,Indonesia,2008,1.82632902403998,True,False
BX.KLT.DINV.WD.GD.ZS,FDI net inflows (% of GDP),economy,IDN,Indonesia,2009,0.90391941965406,True,False
BX.KLT.DINV.WD.GD.ZS,FDI net inflows (% of GDP),economy,IDN,Indonesia,2010,2.02517914569356,True,False
BX.KLT.DINV.WD.GD.ZS,FDI net inflows (% of GDP),economy,IDN,Indonesia,2011,2.30298429381592,False,False
BX.KLT.DINV.WD.GD.ZS,FDI net inflows (% of GDP),economy,IDN,Indonesia,2012,2.30978031853073,False,False
BX.KLT.DINV.WD.GD.ZS,FDI net inflows (% of GDP),economy,IDN,Indonesia,2013,2.55135633401058,False,False
BX.KLT.DINV.WD.GD.ZS,FDI net inflows (% of GDP),economy,IDN,Indonesia,2014,2.81997260412102,False,False
BX.KLT.DINV.WD.GD.ZS,FDI net inflows (% of GDP),economy,IDN,Indonesia,2015,2.29761639380441,False,False
BX.KLT.DINV.WD.GD.ZS,FDI net inflows (% of GDP),economy,IDN,Indonesia,2016,0.487372471368879,False,False
BX.KLT.DINV.WD.GD.ZS,FDI net inflows (% of GDP),economy,IDN,Indonesia,2017,2.01948919812582,False,False
BX.KLT.DINV.WD.GD.ZS,FDI net inflows (% of GDP),economy,IDN,Indonesia,2018,1.81428979349441,False,False
BX.KLT.DINV.WD.GD.ZS,FDI net inflows (% of GDP),economy,IDN,Indonesia,2019,2.23336204282241,False,False
BX.KLT.DINV.WD.GD.ZS,FDI net inflows (% of GDP),economy,IDN,Indonesia,2020,1.81058402027127,False,False
BX.KLT.DINV.WD.GD.ZS,FDI net inflows (% of GDP),economy,IDN,Indonesia,2021,1.7878556314554,False,False
BX.KLT.DINV.WD.GD.ZS,FDI net inflows (% of GDP),economy,IDN,Indonesia,2022,1.87264100861425,False,False
BX.KLT.DINV.WD.GD.ZS,FDI net inflows (% of GDP),economy,IDN,Indonesia,2023,1.57116966408747,False,False
BX.KLT.DINV.WD.GD.ZS,FDI net inflows (% of GDP),economy,IDN,Indonesia,2024,1.73855290316368,False,False
BX.KLT.DINV.WD.GD.ZS,FDI net inflows (% of GDP),economy,KHM,Cambodia,2000,3.20257592365608,True,False
BX.KLT.DINV.WD.GD.ZS,FDI net inflows (% of GDP),economy,KHM,Cambodia,2001,3.53337669089546,True,False
BX.KLT.DINV.WD.GD.ZS,FDI net inflows (% of GDP),economy,KHM,Cambodia,2002,2.90934773211661,True,False
BX.KLT.DINV.WD.GD.ZS,FDI net inflows (% of GDP),economy,KHM,Cambodia,2003,1.61651685032136,True,False
BX.KLT.DINV.WD.GD.ZS,FDI net inflows (% of GDP),economy,KHM,Cambodia,2004,2.2337173477841,True,False
BX.KLT.DINV.WD.GD.ZS,FDI net inflows (% of GDP),economy,KHM,Cambodia,2005,5.36603852621255,True,False
BX.KLT.DINV.WD.GD.ZS,FDI net inflows (% of GDP),economy,KHM,Cambodia,2006,5.78657071926189,True,False
BX.KLT.DINV.WD.GD.ZS,FDI net inflows (% of GDP),economy,KHM,Cambodia,2007,8.56334609470361,True,False
BX.KLT.DINV.WD.GD.ZS,FDI net inflows (% of GDP),economy,KHM,Cambodia,2008,6.69590818514056,True,False
BX.KLT.DINV.WD.GD.ZS,FDI net inflows (% of GDP),economy,KHM,Cambodia,2009,7.42542554520067,True,False
BX.KLT.DINV.WD.GD.ZS,FDI net inflows (% of GDP),economy,KHM,Cambodia,2010,10.169807189939,True,False
BX.KLT.DINV.WD.GD.ZS,FDI net inflows (% of GDP),economy,KHM,Cambodia,2011,9.59845134883877,False,False
BX.KLT.DINV.WD.GD.ZS,FDI net inflows (% of GDP),economy,KHM,Cambodia,2012,11.1524912445112,False,False
BX.KLT.DINV.WD.GD.ZS,FDI net inflows (% of GDP),economy,KHM,Cambodia,2013,10.4430587644193,False,False
BX.KLT.DINV.WD.GD.ZS,FDI net inflows (% of GDP),economy,KHM,Cambodia,2014,8.40902020300656,False,False
BX.KLT.DINV.WD.GD.ZS,FDI net inflows (% of GDP),economy,KHM,Cambodia,2015,7.54029662001984,False,False
BX.KLT.DINV.WD.GD.ZS,FDI net inflows (% of GDP),economy,KHM,Cambodia,2016,9.32318507305764,False,False
BX.KLT.DINV.WD.GD.ZS,FDI net inflows (% of GDP),economy,KHM,Cambodia,2017,9.49760203098743,False,False
BX.KLT.DINV.WD.GD.ZS,FDI net inflows (% of GDP),economy,KHM,Cambodia,2018,9.69240300027112,False,False
BX.KLT.DINV.WD.GD.ZS,FDI net inflows (% of GDP),economy,KHM,Cambodia,2019,9.98500044202808,False,False
BX.KLT.DINV.WD.GD.ZS,FDI net inflows (% of GDP),economy,KHM,Cambodia,2020,10.410239809326,False,False
BX.KLT.DINV.WD.GD.ZS,FDI net inflows (% of GDP),economy,KHM,Cambodia,2021,9.4684591111041,False,False
BX.KLT.DINV.WD.GD.ZS,FDI net inflows (% of GDP),economy,KHM,Cambodia,2022,8.94830125779534,False,False
BX.KLT.DINV.WD.GD.ZS,FDI net inflows (% of GDP),economy,KHM,Cambodia,2023,9.35096701989758,False,False
BX.KLT.DINV.WD.GD.ZS,FDI net inflows (% of GDP),economy,KHM,Cambodia,2024,9.48089832015712,False,False
BX.KLT.DINV.WD.GD.ZS,FDI net inflows (% of GDP),economy,LAO,Lao PDR,2000,1.95760389973722,True,False
BX.KLT.DINV.WD.GD.ZS,FDI net inflows (% of GDP),economy,LAO,Lao PDR,2001,1.35157901983042,True,False
BX.KLT.DINV.WD.GD.ZS,FDI net inflows (% of GDP),economy,LAO,Lao PDR,2002,0.253176893420544,True,False
BX.KLT.DINV.WD.GD.ZS,FDI net inflows (% of GDP),economy,LAO,Lao PDR,2003,0.962969691363706,True,False
BX.KLT.DINV.WD.GD.ZS,FDI net inflows (% of GDP),economy,LAO,Lao PDR,2004,0.714895049062071,True,False
BX.KLT.DINV.WD.GD.ZS,FDI net inflows (% of GDP),economy,LAO,Lao PDR,2005,1.01332132437858,True,False
BX.KLT.DINV.WD.GD.ZS,FDI net inflows (% of GDP),economy,LAO,Lao PDR,2006,5.42138961728604,True,False
BX.KLT.DINV.WD.GD.ZS,FDI net inflows (% of GDP),economy,LAO,Lao PDR,2007,7.66062749777557,True,False
BX.KLT.DINV.WD.GD.ZS,FDI net inflows (% of GDP),economy,LAO,Lao PDR,2008,4.18200303606929,True,False
BX.KLT.DINV.WD.GD.ZS,FDI net inflows (% of GDP),economy,LAO,Lao PDR,2009,5.45905949594973,True,False
BX.KLT.DINV.WD.GD.ZS,FDI net inflows (% of GDP),economy,LAO,Lao PDR,2010,3.90935018167503,True,False
BX.KLT.DINV.WD.GD.ZS,FDI net inflows (% of GDP),economy,LAO,Lao PDR,2011,3.43702755895922,False,False
BX.KLT.DINV.WD.GD.ZS,FDI net inflows (% of GDP),economy,LAO,Lao PDR,2012,6.06067602678934,False,False
BX.KLT.DINV.WD.GD.ZS,FDI net inflows (% of GDP),economy,LAO,Lao PDR,2013,5.68624628337024,False,False
BX.KLT.DINV.WD.GD.ZS,FDI net inflows (% of GDP),economy,LAO,Lao PDR,2014,6.53385086120159,False,False
BX.KLT.DINV.WD.GD.ZS,FDI net inflows (% of GDP),economy,LAO,Lao PDR,2015,7.47075777292731,False,False
BX.KLT.DINV.WD.GD.ZS,FDI net inflows (% of GDP),economy,LAO,Lao PDR,2016,5.87774436155716,False,False
BX.KLT.DINV.WD.GD.ZS,FDI net inflows (% of GDP),economy,LAO,Lao PDR,2017,9.87799160512334,False,False
BX.KLT.DINV.WD.GD.ZS,FDI net inflows (% of GDP),economy,LAO,Lao PDR,2018,7.4856486219066,False,False
BX.KLT.DINV.WD.GD.ZS,FDI net inflows (% of GDP),economy,LAO,Lao PDR,2019,4.03149139231071,False,False
BX.KLT.DINV.WD.GD.ZS,FDI net inflows (% of GDP),economy,LAO,Lao PDR,2020,5.09807193491087,False,False
BX.KLT.DINV.WD.GD.ZS,FDI net inflows (% of GDP),economy,LAO,Lao PDR,2021,5.69344695957329,False,False
BX.KLT.DINV.WD.GD.ZS,FDI net inflows (% of GDP),economy,LAO,Lao PDR,2022,4.69509225789707,False,False
BX.KLT.DINV.WD.GD.ZS,FDI net inflows (% of GDP),economy,LAO,Lao PDR,2023,11.2425630959408,False,False
BX.KLT.DINV.WD.GD.ZS,FDI net inflows (% of GDP),economy,LAO,Lao PDR,2024,5.98958863567394,False,False
BX.KLT.DINV.WD.GD.ZS,FDI net inflows (% of GDP),economy,MMR,Myanmar,2000,2.86117768008645,True,False
BX.KLT.DINV.WD.GD.ZS,FDI net inflows (% of GDP),economy,MMR,Myanmar,2001,3.21565753506977,True,False
BX.KLT.DINV.WD.GD.ZS,FDI net inflows (% of GDP),economy,MMR,Myanmar,2002,2.22070502562137,True,False
BX.KLT.DINV.WD.GD.ZS,FDI net inflows (% of GDP),economy,MMR,Myanmar,2003,2.3777576671811,True,False
BX.KLT.DINV.WD.GD.ZS,FDI net inflows (% of GDP),economy,MMR,Myanmar,2004,2.0001628964787,True,False
BX.KLT.DINV.WD.GD.ZS,FDI net inflows (% of GDP),economy,MMR,Myanmar,2005,1.95966396539679,True,False
BX.KLT.DINV.WD.GD.ZS,FDI net inflows (% of GDP),economy,MMR,Myanmar,2006,1.90182128285749,True,False
BX.KLT.DINV.WD.GD.ZS,FDI net inflows (% of GDP),economy,MMR,Myanmar,2007,3.5175166973129,True,False
BX.KLT.DINV.WD.GD.ZS,FDI net inflows (% of GDP),economy,MMR,Myanmar,2008,2.71127181000311,True,False
BX.KLT.DINV.WD.GD.ZS,FDI net inflows (% of GDP),economy,MMR,Myanmar,2009,2.92355415980151,True,False
BX.KLT.DINV.WD.GD.ZS,FDI net inflows (% of GDP),economy,MMR,Myanmar,2010,1.81897202342465,True,False
BX.KLT.DINV.WD.GD.ZS,FDI net inflows (% of GDP),economy,MMR,Myanmar,2011,4.20127651183029,False,False
BX.KLT.DINV.WD.GD.ZS,FDI net inflows (% of GDP),economy,MMR,Myanmar,2012,2.22540068514517,False,False
BX.KLT.DINV.WD.GD.ZS,FDI net inflows (% of GDP),economy,MMR,Myanmar,2013,3.74085607932619,False,False
BX.KLT.DINV.WD.GD.ZS,FDI net inflows (% of GDP),economy,MMR,Myanmar,2014,3.31904421407388,False,False
BX.KLT.DINV.WD.GD.ZS,FDI net inflows (% of GDP),economy,MMR,Myanmar,2015,6.85124098710894,False,False
BX.KLT.DINV.WD.GD.ZS,FDI net inflows (% of GDP),economy,MMR,Myanmar,2016,5.17880132517466,False,False
BX.KLT.DINV.WD.GD.ZS,FDI net inflows (% of GDP),economy,MMR,Myanmar,2017,7.27335555212816,False,False
BX.KLT.DINV.WD.GD.ZS,FDI net inflows (% of GDP),economy,MMR,Myanmar,2018,2.60563229851106,False,False
BX.KLT.DINV.WD.GD.ZS,FDI net inflows (% of GDP),economy,MMR,Myanmar,2019,2.31211211194364,False,False
BX.KLT.DINV.WD.GD.ZS,FDI net inflows (% of GDP),economy,MMR,Myanmar,2020,2.41393222885654,False,False
BX.KLT.DINV.WD.GD.ZS,FDI net inflows (% of GDP),economy,MMR,Myanmar,2021,3.11492561696787,False,False
BX.KLT.DINV.WD.GD.ZS,FDI net inflows (% of GDP),economy,MMR,Myanmar,2022,1.98946076080719,False,False
BX.KLT.DINV.WD.GD.ZS,FDI net inflows (% of GDP),economy,MMR,Myanmar,2023,2.27715131661601,False,False
BX.KLT.DINV.WD.GD.ZS,FDI net inflows (% of GDP),economy,MMR,Myanmar,2024,1.47879223317634,False,False
BX.KLT.DINV.WD.GD.ZS,FDI net inflows (% of GDP),economy,NPL,Nepal,2000,-0.00882425294523833,True,False
BX.KLT.DINV.WD.GD.ZS,FDI net inflows (% of GDP),economy,NPL,Nepal,2001,0.347091875363344,True,False
BX.KLT.DINV.WD.GD.ZS,FDI net inflows (% of GDP),economy,NPL,Nepal,2002,-0.0983748686510898,True,False
BX.KLT.DINV.WD.GD.ZS,FDI net inflows (% of GDP),economy,NPL,Nepal,2003,0.233443620739643,True,False
BX.KLT.DINV.WD.GD.ZS,FDI net inflows (% of GDP),economy,NPL,Nepal,2004,-0.00573755737053384,True,False
BX.KLT.DINV.WD.GD.ZS,FDI net inflows (% of GDP),economy,NPL,Nepal,2005,0.030156295078659,True,False
BX.KLT.DINV.WD.GD.ZS,FDI net inflows (% of GDP),economy,NPL,Nepal,2006,-0.073509433259411,True,False
BX.KLT.DINV.WD.GD.ZS,FDI net inflows (% of GDP),economy,NPL,Nepal,2007,0.0556064154566332,True,False
BX.KLT.DINV.WD.GD.ZS,FDI net inflows (% of GDP),economy,NPL,Nepal,2008,0.00793215735192788,True,False
BX.KLT.DINV.WD.GD.ZS,FDI net inflows (% of GDP),economy,NPL,Nepal,2009,0.297715388957693,True,False
BX.KLT.DINV.WD.GD.ZS,FDI net inflows (% of GDP),economy,NPL,Nepal,2010,0.548294665887946,True,False
BX.KLT.DINV.WD.GD.ZS,FDI net inflows (% of GDP),economy,NPL,Nepal,2011,0.435814930594323,False,False
BX.KLT.DINV.WD.GD.ZS,FDI net inflows (% of GDP),economy,NPL,Nepal,2012,0.42369151125933,False,False
BX.KLT.DINV.WD.GD.ZS,FDI net inflows (% of GDP),economy,NPL,Nepal,2013,0.334712330597339,False,False
BX.KLT.DINV.WD.GD.ZS,FDI net inflows (% of GDP),economy,NPL,Nepal,2014,0.133746236524448,False,False
BX.KLT.DINV.WD.GD.ZS,FDI net inflows (% of GDP),economy,NPL,Nepal,2015,0.213029527712984,False,False
BX.KLT.DINV.WD.GD.ZS,FDI net inflows (% of GDP),economy,NPL,Nepal,2016,0.432212944008614,False,False
BX.KLT.DINV.WD.GD.ZS,FDI net inflows (% of GDP),economy,NPL,Nepal,2017,0.677439884182991,False,False
BX.KLT.DINV.WD.GD.ZS,FDI net inflows (% of GDP),economy,NPL,Nepal,2018,0.206157201926214,False,False
BX.KLT.DINV.WD.GD.ZS,FDI net inflows (% of GDP),economy,NPL,Nepal,2019,0.542801979747667,False,False
BX.KLT.DINV.WD.GD.ZS,FDI net inflows (% of GDP),economy,NPL,Nepal,2020,0.378739091402959,False,False
BX.KLT.DINV.WD.GD.ZS,FDI net inflows (% of GDP),economy,NPL,Nepal,2021,0.531690906776232,False,False
BX.KLT.DINV.WD.GD.ZS,FDI net inflows (% of GDP),economy,NPL,Nepal,2022,0.160405405048333,False,False
BX.KLT.DINV.WD.GD.ZS,FDI net inflows (% of GDP),economy,NPL,Nepal,2023,0.18227214989517,False,False
BX.KLT.DINV.WD.GD.ZS,FDI net inflows (% of GDP),economy,NPL,Nepal,2024,0.131412557108071,False,False
BX.KLT.DINV.WD.GD.ZS,FDI net inflows (% of GDP),economy,VNM,Vietnam,2000,4.16392407955693,True,False
BX.KLT.DINV.WD.GD.ZS,FDI net inflows (% of GDP),economy,VNM,Vietnam,2001,3.97733545270572,True,False
BX.KLT.DINV.WD.GD.ZS,FDI net inflows (% of GDP),economy,VNM,Vietnam,2002,3.99268705133996,True,False
BX.KLT.DINV.WD.GD.ZS,FDI net inflows (% of GDP),economy,VNM,Vietnam,2003,3.66601229989583,True,False
BX.KLT.DINV.WD.GD.ZS,FDI net inflows (% of GDP),economy,VNM,Vietnam,2004,3.54408107288199,True,False
BX.KLT.DINV.WD.GD.ZS,FDI net inflows (% of GDP),economy,VNM,Vietnam,2005,3.39040363930871,True,False
BX.KLT.DINV.WD.GD.ZS,FDI net inflows (% of GDP),economy,VNM,Vietnam,2006,3.61600090432522,True,False
BX.KLT.DINV.WD.GD.ZS,FDI net inflows (% of GDP),economy,VNM,Vietnam,2007,8.65471771434805,True,False
BX.KLT.DINV.WD.GD.ZS,FDI net inflows (% of GDP),economy,VNM,Vietnam,2008,9.6630390545572,True,False
BX.KLT.DINV.WD.GD.ZS,FDI net inflows (% of GDP),economy,VNM,Vietnam,2009,7.16881988884276,True,False
BX.KLT.DINV.WD.GD.ZS,FDI net inflows (% of GDP),economy,VNM,Vietnam,2010,5.4347392933443,True,False
BX.KLT.DINV.WD.GD.ZS,FDI net inflows (% of GDP),economy,VNM,Vietnam,2011,4.30487434902161,False,False
BX.KLT.DINV.WD.GD.ZS,FDI net inflows (% of GDP),economy,VNM,Vietnam,2012,4.27832287681174,False,False
BX.KLT.DINV.WD.GD.ZS,FDI net inflows (% of GDP),economy,VNM,Vietnam,2013,4.16454517277325,False,False
BX.KLT.DINV.WD.GD.ZS,FDI net inflows (% of GDP),economy,VNM,Vietnam,2014,3.94086189051961,False,False
BX.KLT.DINV.WD.GD.ZS,FDI net inflows (% of GDP),economy,VNM,Vietnam,2015,4.93190773329022,False,False
BX.KLT.DINV.WD.GD.ZS,FDI net inflows (% of GDP),economy,VNM,Vietnam,2016,4.90089302916746,False,False
BX.KLT.DINV.WD.GD.ZS,FDI net inflows (% of GDP),economy,VNM,Vietnam,2017,5.01148721749681,False,False
BX.KLT.DINV.WD.GD.ZS,FDI net inflows (% of GDP),economy,VNM,Vietnam,2018,4.99828319622328,False,False
BX.KLT.DINV.WD.GD.ZS,FDI net inflows (% of GDP),economy,VNM,Vietnam,2019,4.821074861051,False,False
BX.KLT.DINV.WD.GD.ZS,FDI net inflows (% of GDP),economy,VNM,Vietnam,2020,4.55836196782424,False,False
BX.KLT.DINV.WD.GD.ZS,FDI net inflows (% of GDP),economy,VNM,Vietnam,2021,4.27314566190187,False,False
BX.KLT.DINV.WD.GD.ZS,FDI net inflows (% of GDP),economy,VNM,Vietnam,2022,4.32947308910883,False,False
BX.KLT.DINV.WD.GD.ZS,FDI net inflows (% of GDP),economy,VNM,Vietnam,2023,4.26458856546888,False,False
BX.KLT.DINV.WD.GD.ZS,FDI net inflows (% of GDP),economy,VNM,Vietnam,2024,4.23450755062236,False,False
IT.CEL.SETS.P2,Mobile subscriptions (per 100 people),innovation,BGD,Bangladesh,2000,0.207366638129846,True,False
IT.CEL.SETS.P2,Mobile subscriptions (per 100 people),innovation,BGD,Bangladesh,2001,0.380100815893711,True,False
IT.CEL.SETS.P2,Mobile subscriptions (per 100 people),innovation,BGD,Bangladesh,2002,0.773750591091469,True,False
IT.CEL.SETS.P2,Mobile subscriptions (per 100 people),innovation,BGD,Bangladesh,2003,0.968288714837633,True,False
IT.CEL.SETS.P2,Mobile subscriptions (per 100 people),innovation,BGD,Bangladesh,2004,1.94646914544521,True,False
IT.CEL.SETS.P2,Mobile subscriptions (per 100 people),innovation,BGD,Bangladesh,2005,6.21908656184889,True,False
IT.CEL.SETS.P2,Mobile subscriptions (per 100 people),innovation,BGD,Bangladesh,2006,13.0670782127175,True,False
IT.CEL.SETS.P2,Mobile subscriptions (per 100 people),innovation,BGD,Bangladesh,2007,23.2246555051103,True,False
IT.CEL.SETS.P2,Mobile subscriptions (per 100 people),innovation,BGD,Bangladesh,2008,29.8646728911139,True,False
IT.CEL.SETS.P2,Mobile subscriptions (per 100 people),innovation,BGD,Bangladesh,2009,34.0412611569965,True,False
IT.CEL.SETS.P2,Mobile subscriptions (per 100 people),innovation,BGD,Bangladesh,2010,44.6274657883724,True,False
IT.CEL.SETS.P2,Mobile subscriptions (per 100 people),innovation,BGD,Bangladesh,2011,54.9307304807214,False,False
IT.CEL.SETS.P2,Mobile subscriptions (per 100 people),innovation,BGD,Bangladesh,2012,62.6684314857059,False,False
IT.CEL.SETS.P2,Mobile subscriptions (per 100 people),innovation,BGD,Bangladesh,2013,74.4595169116099,False,False
IT.CEL.SETS.P2,Mobile subscriptions (per 100 people),innovation,BGD,Bangladesh,2014,80.3128212085608,False,False
IT.CEL.SETS.P2,Mobile subscriptions (per 100 people),innovation,BGD,Bangladesh,2015,82.4275967039157,False,False
IT.CEL.SETS.P2,Mobile subscriptions (per 100 people),innovation,BGD,Bangladesh,2016,84.5595499717024,False,False
IT.CEL.SETS.P2,Mobile subscriptions (per 100 people),innovation,BGD,Bangladesh,2017,93.0689844922452,False,False
IT.CEL.SETS.P2,Mobile subscriptions (per 100 people),innovation,BGD,Bangladesh,2018,98.9289060885788,False,False
IT.CEL.SETS.P2,Mobile subscriptions (per 100 people),innovation,BGD,Bangladesh,2019,100.399571155843,False,False
IT.CEL.SETS.P2,Mobile subscriptions (per 100 people),innovation,BGD,Bangladesh,2020,106.002140470412,False,False
IT.CEL.SETS.P2,Mobile subscriptions (per 100 people),innovation,BGD,Bangladesh,2021,110.012054001037,False,False
IT.CEL.SETS.P2,Mobile subscriptions (per 100 people),innovation,BGD,Bangladesh,2022,109.8665408168,False,False
IT.CEL.SETS.P2,Mobile subscriptions (per 100 people),innovation,BGD,Bangladesh,2023,111.280894357567,False,False
IT.CEL.SETS.P2,Mobile subscriptions (per 100 people),innovation,BGD,Bangladesh,2024,108.077037369691,False,False
IT.CEL.SETS.P2,Mobile subscriptions (per 100 people),innovation,IDN,Indonesia,2000,1.69815092981097,True,False
IT.CEL.SETS.P2,Mobile subscriptions (per 100 people),innovation,IDN,Indonesia,2001,2.97627085447856,True,False
IT.CEL.SETS.P2,Mobile subscriptions (per 100 people),innovation,IDN,Indonesia,2002,5.26817023997574,True,False
IT.CEL.SETS.P2,Mobile subscriptions (per 100 people),innovation,IDN,Indonesia,2003,8.21835801363769,True,False
IT.CEL.SETS.P2,Mobile subscriptions (per 100 people),innovation,IDN,Indonesia,2004,13.3098113507561,True,False
IT.CEL.SETS.P2,Mobile subscriptions (per 100 people),innovation,IDN,Indonesia,2005,20.3186367836848,True,False
IT.CEL.SETS.P2,Mobile subscriptions (per 100 people),innovation,IDN,Indonesia,2006,27.2718805165778,True,False
IT.CEL.SETS.P2,Mobile subscriptions (per 100 people),innovation,IDN,Indonesia,2007,39.3933857996178,True,False
IT.CEL.SETS.P2,Mobile subscriptions (per 100 people),innovation,IDN,Indonesia,2008,58.5357555358068,True,False
IT.CEL.SETS.P2,Mobile subscriptions (per 100 people),innovation,IDN,Indonesia,2009,67.2958400448831,True,False
IT.CEL.SETS.P2,Mobile subscriptions (per 100 people),innovation,IDN,Indonesia,2010,85.7838690956097,True,False
IT.CEL.SETS.P2,Mobile subscriptions (per 100 people),innovation,IDN,Indonesia,2011,100.134519965107,False,False
IT.CEL.SETS.P2,Mobile subscriptions (per 100 people),innovation,IDN,Indonesia,2012,111.581048999,False,False
IT.CEL.SETS.P2,Mobile subscriptions (per 100 people),innovation,IDN,Indonesia,2013,122.424816798816,False,False
IT.CEL.SETS.P2,Mobile subscriptions (per 100 people),innovation,IDN,Indonesia,2014,125.767185647597,False,False
IT.CEL.SETS.P2,Mobile subscriptions (per 100 people),innovation,IDN,Indonesia,2015,129.468797674053,False,False
IT.CEL.SETS.P2,Mobile subscriptions (per 100 people),innovation,IDN,Indonesia,2016,145.704251250337,False,False
IT.CEL.SETS.P2,Mobile subscriptions (per 100 people),innovation,IDN,Indonesia,2017,162.782511760443,False,False
IT.CEL.SETS.P2,Mobile subscriptions (per 100 people),innovation,IDN,Indonesia,2018,118.330216938024,False,False
IT.CEL.SETS.P2,Mobile subscriptions (per 100 people),innovation,IDN,Indonesia,2019,125.244348145809,False,False
IT.CEL.SETS.P2,Mobile subscriptions (per 100 people),innovation,IDN,Indonesia,2020,129.40362112725,False,False
IT.CEL.SETS.P2,Mobile subscriptions (per 100 people),innovation,IDN,Indonesia,2021,132.199444256099,False,False
IT.CEL.SETS.P2,Mobile subscriptions (per 100 people),innovation,IDN,Indonesia,2022,122.873012230307,False,False
IT.CEL.SETS.P2,Mobile subscriptions (per 100 people),innovation,IDN,Indonesia,2023,125.238194847046,False,False
IT.CEL.SETS.P2,Mobile subscriptions (per 100 people),innovation,IDN,Indonesia,2024,122.514946500491,False,False
IT.CEL.SETS.P2,Mobile subscriptions (per 100 people),innovation,KHM,Cambodia,2000,1.04753234064625,True,False
IT.CEL.SETS.P2,Mobile subscriptions (per 100 people),innovation,KHM,Cambodia,2001,1.76528247774378,True,False
IT.CEL.SETS.P2,Mobile subscriptions (per 100 people),innovation,KHM,Cambodia,2002,2.95599281258127,True,False
IT.CEL.SETS.P2,Mobile subscriptions (per 100 people),innovation,KHM,Cambodia,2003,3.81878187119913,True,False
IT.CEL.SETS.P2,Mobile subscriptions (per 100 people),innovation,KHM,Cambodia,2004,6.50447336378519,True,False
IT.CEL.SETS.P2,Mobile subscriptions (per 100 people),innovation,KHM,Cambodia,2005,7.90225491067104,True,False
IT.CEL.SETS.P2,Mobile subscriptions (per 100 people),innovation,KHM,Cambodia,2006,12.6229669738929,True,False
IT.CEL.SETS.P2,Mobile subscriptions (per 100 people),innovation,KHM,Cambodia,2007,18.6632056449428,True,False
IT.CEL.SETS.P2,Mobile subscriptions (per 100 people),innovation,KHM,Cambodia,2008,30.1491182361321,True,False
IT.CEL.SETS.P2,Mobile subscriptions (per 100 people),innovation,KHM,Cambodia,2009,43.9033649673842,True,False
IT.CEL.SETS.P2,Mobile subscriptions (per 100 people),innovation,KHM,Cambodia,2010,56.2093511731757,True,False
IT.CEL.SETS.P2,Mobile subscriptions (per 100 people),innovation,KHM,Cambodia,2011,93.4414773928272,False,False
IT.CEL.SETS.P2,Mobile subscriptions (per 100 people),innovation,KHM,Cambodia,2012,127.835438875055,False,False
IT.CEL.SETS.P2,Mobile subscriptions (per 100 people),innovation,KHM,Cambodia,2013,133.580989792625,False,False
IT.CEL.SETS.P2,Mobile subscriptions (per 100 people),innovation,KHM,Cambodia,2014,132.832921082419,False,False
IT.CEL.SETS.P2,Mobile subscriptions (per 100 people),innovation,KHM,Cambodia,2015,133.45841400103,False,False
IT.CEL.SETS.P2,Mobile subscriptions (per 100 people),innovation,KHM,Cambodia,2016,125.627644524442,False,False
IT.CEL.SETS.P2,Mobile subscriptions (per 100 people),innovation,KHM,Cambodia,2017,115.551192369591,False,False
IT.CEL.SETS.P2,Mobile subscriptions (per 100 people),innovation,KHM,Cambodia,2018,119.309943480982,False,False
IT.CEL.SETS.P2,Mobile subscriptions (per 100 people),innovation,KHM,Cambodia,2019,129.957441474291,False,False
IT.CEL.SETS.P2,Mobile subscriptions (per 100 people),innovation,KHM,Cambodia,2020,126.075894769858,False,False
IT.CEL.SETS.P2,Mobile subscriptions (per 100 people),innovation,KHM,Cambodia,2021,117.234785164989,False,False
IT.CEL.SETS.P2,Mobile subscriptions (per 100 people),innovation,KHM,Cambodia,2022,113.391506572248,False,False
IT.CEL.SETS.P2,Mobile subscriptions (per 100 people),innovation,KHM,Cambodia,2023,120.80911943838,False,False
IT.CEL.SETS.P2,Mobile subscriptions (per 100 people),innovation,KHM,Cambodia,2024,116.091961125929,False,False
IT.CEL.SETS.P2,Mobile subscriptions (per 100 people),innovation,LAO,Lao PDR,2000,0.23348379698675,True,False
IT.CEL.SETS.P2,Mobile subscriptions (per 100 people),innovation,LAO,Lao PDR,2001,0.535091846717965,True,False
IT.CEL.SETS.P2,Mobile subscriptions (per 100 people),innovation,LAO,Lao PDR,2002,0.983088419678236,True,False
IT.CEL.SETS.P2,Mobile subscriptions (per 100 people),innovation,LAO,Lao PDR,2003,1.97044724018923,True,False
IT.CEL.SETS.P2,Mobile subscriptions (per 100 people),innovation,LAO,Lao PDR,2004,3.53172273682179,True,False
IT.CEL.SETS.P2,Mobile subscriptions (per 100 people),innovation,LAO,Lao PDR,2005,11.2024094632562,True,False
IT.CEL.SETS.P2,Mobile subscriptions (per 100 people),innovation,LAO,Lao PDR,2006,16.9299201770861,True,False
IT.CEL.SETS.P2,Mobile subscriptions (per 100 people),innovation,LAO,Lao PDR,2007,24.4113505484264,True,False
IT.CEL.SETS.P2,Mobile subscriptions (per 100 people),innovation,LAO,Lao PDR,2008,32.8857244198174,True,False
IT.CEL.SETS.P2,Mobile subscriptions (per 100 people),innovation,LAO,Lao PDR,2009,51.823574629881,True,False
IT.CEL.SETS.P2,Mobile subscriptions (per 100 people),innovation,LAO,Lao PDR,2010,63.2029110570342,True,False
IT.CEL.SETS.P2,Mobile subscriptions (per 100 people),innovation,LAO,Lao PDR,2011,85.2839686365553,False,False
IT.CEL.SETS.P2,Mobile subscriptions (per 100 people),innovation,LAO,Lao PDR,2012,65.961259571669,False,False
IT.CEL.SETS.P2,Mobile subscriptions (per 100 people),innovation,LAO,Lao PDR,2013,69.7677113040611,False,False
IT.CEL.SETS.P2,Mobile subscriptions (per 100 people),innovation,LAO,Lao PDR,2014,68.9014991708403,False,False
IT.CEL.SETS.P2,Mobile subscriptions (per 100 people),innovation,LAO,Lao PDR,2015,54.7979496136596,False,False
IT.CEL.SETS.P2,Mobile subscriptions (per 100 people),innovation,LAO,Lao PDR,2016,57.2966195875928,False,False
IT.CEL.SETS.P2,Mobile subscriptions (per 100 people),innovation,LAO,Lao PDR,2017,52.8887895907566,False,False
IT.CEL.SETS.P2,Mobile subscriptions (per 100 people),innovation,LAO,Lao PDR,2018,51.3792491489602,False,False
IT.CEL.SETS.P2,Mobile subscriptions (per 100 people),innovation,LAO,Lao PDR,2019,64.0668582946144,False,False
IT.CEL.SETS.P2,Mobile subscriptions (per 100 people),innovation,LAO,Lao PDR,2020,63.1139885984314,False,False
IT.CEL.SETS.P2,Mobile subscriptions (per 100 people),innovation,LAO,Lao PDR,2021,64.7101497693472,False,False
IT.CEL.SETS.P2,Mobile subscriptions (per 100 people),innovation,LAO,Lao PDR,2022,63.3546046458219,False,False
IT.CEL.SETS.P2,Mobile subscriptions (per 100 people),innovation,LAO,Lao PDR,2023,64.7588066942788,False,False
IT.CEL.SETS.P2,Mobile subscriptions (per 100 people),innovation,LAO,Lao PDR,2024,,False,False
IT.CEL.SETS.P2,Mobile subscriptions (per 100 people),innovation,MMR,Myanmar,2000,0.0295799320661765,True,False
IT.CEL.SETS.P2,Mobile subscriptions (per 100 people),innovation,MMR,Myanmar,2001,0.04953121223398,True,False
IT.CEL.SETS.P2,Mobile subscriptions (per 100 people),innovation,MMR,Myanmar,2002,0.103783791079435,True,False
IT.CEL.SETS.P2,Mobile subscriptions (per 100 people),innovation,MMR,Myanmar,2003,0.142534824036552,True,False
IT.CEL.SETS.P2,Mobile subscriptions (per 100 people),innovation,MMR,Myanmar,2004,0.196418976046369,True,False
IT.CEL.SETS.P2,Mobile subscriptions (per 100 people),innovation,MMR,Myanmar,2005,0.27129940081198,True,False
IT.CEL.SETS.P2,Mobile subscriptions (per 100 people),innovation,MMR,Myanmar,2006,0.448285852912208,True,False
IT.CEL.SETS.P2,Mobile subscriptions (per 100 people),innovation,MMR,Myanmar,2007,0.514578241519701,True,False
IT.CEL.SETS.P2,Mobile subscriptions (per 100 people),innovation,MMR,Myanmar,2008,0.759210538252597,True,False
IT.CEL.SETS.P2,Mobile subscriptions (per 100 people),innovation,MMR,Myanmar,2009,1.03164871502753,True,False
IT.CEL.SETS.P2,Mobile subscriptions (per 100 people),innovation,MMR,Myanmar,2010,1.21164199479353,True,False
IT.CEL.SETS.P2,Mobile subscriptions (per 100 people),innovation,MMR,Myanmar,2011,2.51643773692417,False,False
IT.CEL.SETS.P2,Mobile subscriptions (per 100 people),innovation,MMR,Myanmar,2012,7.48356366415727,False,False
IT.CEL.SETS.P2,Mobile subscriptions (per 100 people),innovation,MMR,Myanmar,2013,13.5933519472846,False,False
IT.CEL.SETS.P2,Mobile subscriptions (per 100 people),innovation,MMR,Myanmar,2014,57.2778336231227,False,False
IT.CEL.SETS.P2,Mobile subscriptions (per 100 people),innovation,MMR,Myanmar,2015,80.2397229653255,False,False
IT.CEL.SETS.P2,Mobile subscriptions (per 100 people),innovation,MMR,Myanmar,2016,98.2342601991436,False,False
IT.CEL.SETS.P2,Mobile subscriptions (per 100 people),innovation,MMR,Myanmar,2017,92.3917955157784,False,False
IT.CEL.SETS.P2,Mobile subscriptions (per 100 people),innovation,MMR,Myanmar,2018,116.972136284863,False,False
IT.CEL.SETS.P2,Mobile subscriptions (per 100 people),innovation,MMR,Myanmar,2019,155.669416939698,False,False
IT.CEL.SETS.P2,Mobile subscriptions (per 100 people),innovation,MMR,Myanmar,2020,148.158208114821,False,False
IT.CEL.SETS.P2,Mobile subscriptions (per 100 people),innovation,MMR,Myanmar,2021,127.240645128106,False,False
IT.CEL.SETS.P2,Mobile subscriptions (per 100 people),innovation,MMR,Myanmar,2022,107.535089476237,False,False
IT.CEL.SETS.P2,Mobile subscriptions (per 100 people),innovation,MMR,Myanmar,2023,121.027626770248,False,False
IT.CEL.SETS.P2,Mobile subscriptions (per 100 people),innovation,MMR,Myanmar,2024,114.329042129489,False,False
IT.CEL.SETS.P2,Mobile subscriptions (per 100 people),innovation,NPL,Nepal,2000,0.0416596918119803,True,False
IT.CEL.SETS.P2,Mobile subscriptions (per 100 people),innovation,NPL,Nepal,2001,0.0692915966441798,True,False
IT.CEL.SETS.P2,Mobile subscriptions (per 100 people),innovation,NPL,Nepal,2002,0.0863872099710604,True,False
IT.CEL.SETS.P2,Mobile subscriptions (per 100 people),innovation,NPL,Nepal,2003,0.31868804245032,True,False
IT.CEL.SETS.P2,Mobile subscriptions (per 100 people),innovation,NPL,Nepal,2004,0.448858608116278,True,False
IT.CEL.SETS.P2,Mobile subscriptions (per 100 people),innovation,NPL,Nepal,2005,0.864008677031659,True,False
IT.CEL.SETS.P2,Mobile subscriptions (per 100 people),innovation,NPL,Nepal,2006,4.35566906985301,True,False
IT.CEL.SETS.P2,Mobile subscriptions (per 100 people),innovation,NPL,Nepal,2007,12.2026092398184,True,False
IT.CEL.SETS.P2,Mobile subscriptions (per 100 people),innovation,NPL,Nepal,2008,15.5612976743974,True,False
IT.CEL.SETS.P2,Mobile subscriptions (per 100 people),innovation,NPL,Nepal,2009,20.6008640551193,True,False
IT.CEL.SETS.P2,Mobile subscriptions (per 100 people),innovation,NPL,Nepal,2010,33.6316953522558,True,False
IT.CEL.SETS.P2,Mobile subscriptions (per 100 people),innovation,NPL,Nepal,2011,48.6245149828721,False,False
IT.CEL.SETS.P2,Mobile subscriptions (per 100 people),innovation,NPL,Nepal,2012,60.3184066484316,False,False
IT.CEL.SETS.P2,Mobile subscriptions (per 100 people),innovation,NPL,Nepal,2013,77.4276625484107,False,False
IT.CEL.SETS.P2,Mobile subscriptions (per 100 people),innovation,NPL,Nepal,2014,83.1925129650984,False,False
IT.CEL.SETS.P2,Mobile subscriptions (per 100 people),innovation,NPL,Nepal,2015,98.8945582907248,False,False
IT.CEL.SETS.P2,Mobile subscriptions (per 100 people),innovation,NPL,Nepal,2016,114.89813690076,False,False
IT.CEL.SETS.P2,Mobile subscriptions (per 100 people),innovation,NPL,Nepal,2017,128.863887512657,False,False
IT.CEL.SETS.P2,Mobile subscriptions (per 100 people),innovation,NPL,Nepal,2018,139.525943467536,False,False
IT.CEL.SETS.P2,Mobile subscriptions (per 100 people),innovation,NPL,Nepal,2019,136.186080245332,False,False
IT.CEL.SETS.P2,Mobile subscriptions (per 100 people),innovation,NPL,Nepal,2020,131.921020414772,False,False
IT.CEL.SETS.P2,Mobile subscriptions (per 100 people),innovation,NPL,Nepal,2021,129.645418271275,False,False
IT.CEL.SETS.P2,Mobile subscriptions (per 100 people),innovation,NPL,Nepal,2022,121.1144874334,False,False
IT.CEL.SETS.P2,Mobile subscriptions (per 100 people),innovation,NPL,Nepal,2023,117.759577544938,False,False
IT.CEL.SETS.P2,Mobile subscriptions (per 100 people),innovation,NPL,Nepal,2024,99.8471420273964,False,False
IT.CEL.SETS.P2,Mobile subscriptions (per 100 people),innovation,VNM,Vietnam,2000,1.02205833472481,True,False
IT.CEL.SETS.P2,Mobile subscriptions (per 100 people),innovation,VNM,Vietnam,2001,1.60472650276049,True,False
IT.CEL.SETS.P2,Mobile subscriptions (per 100 people),innovation,VNM,Vietnam,2002,2.41504924375374,True,False
IT.CEL.SETS.P2,Mobile subscriptions (per 100 people),innovation,VNM,Vietnam,2003,3.44629189737938,True,False
IT.CEL.SETS.P2,Mobile subscriptions (per 100 people),innovation,VNM,Vietnam,2004,6.17384058852335,True,False
IT.CEL.SETS.P2,Mobile subscriptions (per 100 people),innovation,VNM,Vietnam,2005,11.8305581224757,True,False
IT.CEL.SETS.P2,Mobile subscriptions (per 100 people),innovation,VNM,Vietnam,2006,22.9925319860626,True,False
IT.CEL.SETS.P2,Mobile subscriptions (per 100 people),innovation,VNM,Vietnam,2007,53.8350245939495,True,False
IT.CEL.SETS.P2,Mobile subscriptions (per 100 people),innovation,VNM,Vietnam,2008,87.903278335388,True,False
IT.CEL.SETS.P2,Mobile subscriptions (per 100 people),innovation,VNM,Vietnam,2009,113.606245143275,True,False
IT.CEL.SETS.P2,Mobile subscriptions (per 100 people),innovation,VNM,Vietnam,2010,127.574189111237,True,False
IT.CEL.SETS.P2,Mobile subscriptions (per 100 people),innovation,VNM,Vietnam,2011,143.91372373164,False,False
IT.CEL.SETS.P2,Mobile subscriptions (per 100 people),innovation,VNM,Vietnam,2012,147.104457946743,False,False
IT.CEL.SETS.P2,Mobile subscriptions (per 100 people),innovation,VNM,Vietnam,2013,136.614018439735,False,False
IT.CEL.SETS.P2,Mobile subscriptions (per 100 people),innovation,VNM,Vietnam,2014,148.504309214861,False,False
IT.CEL.SETS.P2,Mobile subscriptions (per 100 people),innovation,VNM,Vietnam,2015,129.627056599416,False,False
IT.CEL.SETS.P2,Mobile subscriptions (per 100 people),innovation,VNM,Vietnam,2016,128.297962650408,False,False
IT.CEL.SETS.P2,Mobile subscriptions (per 100 people),innovation,VNM,Vietnam,2017,126.097912313395,False,False
IT.CEL.SETS.P2,Mobile subscriptions (per 100 people),innovation,VNM,Vietnam,2018,146.137840768403,False,False
IT.CEL.SETS.P2,Mobile subscriptions (per 100 people),innovation,VNM,Vietnam,2019,140.192561828615,False,False
IT.CEL.SETS.P2,Mobile subscriptions (per 100 people),innovation,VNM,Vietnam,2020,141.655558720912,False,False
IT.CEL.SETS.P2,Mobile subscriptions (per 100 people),innovation,VNM,Vietnam,2021,136.806313165021,False,False
IT.CEL.SETS.P2,Mobile subscriptions (per 100 people),innovation,VNM,Vietnam,2022,137.852422819653,False,False
IT.CEL.SETS.P2,Mobile subscriptions (per 100 people),innovation,VNM,Vietnam,2023,130.991428667547,False,False
IT.CEL.SETS.P2,Mobile subscriptions (per 100 people),innovation,VNM,Vietnam,2024,127.606471743496,False,False
IT.NET.USER.ZS,Internet users (% of population),innovation,BGD,Bangladesh,2000,0.0710394230507683,True,False
IT.NET.USER.ZS,Internet users (% of population),innovation,BGD,Bangladesh,2001,0.129807973947512,True,False
IT.NET.USER.ZS,Internet users (% of population),innovation,BGD,Bangladesh,2002,0.13992028850905,True,False
IT.NET.USER.ZS,Internet users (% of population),innovation,BGD,Bangladesh,2003,0.163877665498048,True,False
IT.NET.USER.ZS,Internet users (% of population),innovation,BGD,Bangladesh,2004,0.199036333744363,True,False
IT.NET.USER.ZS,Internet users (% of population),innovation,BGD,Bangladesh,2005,0.241600007,True,False
IT.NET.USER.ZS,Internet users (% of population),innovation,BGD,Bangladesh,2006,1.0,True,False
IT.NET.USER.ZS,Internet users (% of population),innovation,BGD,Bangladesh,2007,1.799999952,True,False
IT.NET.USER.ZS,Internet users (% of population),innovation,BGD,Bangladesh,2008,2.5,True,False
IT.NET.USER.ZS,Internet users (% of population),innovation,BGD,Bangladesh,2009,3.099999905,True,False
IT.NET.USER.ZS,Internet users (% of population),innovation,BGD,Bangladesh,2010,3.700000048,True,False
IT.NET.USER.ZS,Internet users (% of population),innovation,BGD,Bangladesh,2011,4.5,False,False
IT.NET.USER.ZS,Internet users (% of population),innovation,BGD,Bangladesh,2012,5.0,False,False
IT.NET.USER.ZS,Internet users (% of population),innovation,BGD,Bangladesh,2013,6.63,False,False
IT.NET.USER.ZS,Internet users (% of population),innovation,BGD,Bangladesh,2014,9.052900314,False,False
IT.NET.USER.ZS,Internet users (% of population),innovation,BGD,Bangladesh,2015,12.36880016,False,False
IT.NET.USER.ZS,Internet users (% of population),innovation,BGD,Bangladesh,2016,16.89909935,False,False
IT.NET.USER.ZS,Internet users (% of population),innovation,BGD,Bangladesh,2017,21.5,False,False
IT.NET.USER.ZS,Internet users (% of population),innovation,BGD,Bangladesh,2018,25.56509972,False,False
IT.NET.USER.ZS,Internet users (% of population),innovation,BGD,Bangladesh,2019,30.38310051,False,False
IT.NET.USER.ZS,Internet users (% of population),innovation,BGD,Bangladesh,2020,36.10910034,False,False
IT.NET.USER.ZS,Internet users (% of population),innovation,BGD,Bangladesh,2021,38.91744466,False,False
IT.NET.USER.ZS,Internet users (% of population),innovation,BGD,Bangladesh,2022,41.61650085,False,False
IT.NET.USER.ZS,Internet users (% of population),innovation,BGD,Bangladesh,2023,44.50274195,False,False
IT.NET.USER.ZS,Internet users (% of population),innovation,BGD,Bangladesh,2024,53.42171316,False,False
IT.NET.USER.ZS,Internet users (% of population),innovation,IDN,Indonesia,2000,0.925563864466858,True,False
IT.NET.USER.ZS,Internet users (% of population),innovation,IDN,Indonesia,2001,2.01861385948459,True,False
IT.NET.USER.ZS,Internet users (% of population),innovation,IDN,Indonesia,2002,2.13413573295808,True,False
IT.NET.USER.ZS,Internet users (% of population),innovation,IDN,Indonesia,2003,2.38701977959476,True,False
IT.NET.USER.ZS,Internet users (% of population),innovation,IDN,Indonesia,2004,2.60028587633414,True,False
IT.NET.USER.ZS,Internet users (% of population),innovation,IDN,Indonesia,2005,3.60202476259646,True,False
IT.NET.USER.ZS,Internet users (% of population),innovation,IDN,Indonesia,2006,4.76481313366657,True,False
IT.NET.USER.ZS,Internet users (% of population),innovation,IDN,Indonesia,2007,5.78627472934199,True,False
IT.NET.USER.ZS,Internet users (% of population),innovation,IDN,Indonesia,2008,7.917500019,True,False
IT.NET.USER.ZS,Internet users (% of population),innovation,IDN,Indonesia,2009,6.92,True,False
IT.NET.USER.ZS,Internet users (% of population),innovation,IDN,Indonesia,2010,10.92,True,False
IT.NET.USER.ZS,Internet users (% of population),innovation,IDN,Indonesia,2011,12.28,False,False
IT.NET.USER.ZS,Internet users (% of population),innovation,IDN,Indonesia,2012,14.52,False,False
IT.NET.USER.ZS,Internet users (% of population),innovation,IDN,Indonesia,2013,14.94,False,False
IT.NET.USER.ZS,Internet users (% of population),innovation,IDN,Indonesia,2014,17.1431598350566,False,False
IT.NET.USER.ZS,Internet users (% of population),innovation,IDN,Indonesia,2015,22.062742603379,False,False
IT.NET.USER.ZS,Internet users (% of population),innovation,IDN,Indonesia,2016,25.447353701827,False,False
IT.NET.USER.ZS,Internet users (% of population),innovation,IDN,Indonesia,2017,32.335806250688,False,False
IT.NET.USER.ZS,Internet users (% of population),innovation,IDN,Indonesia,2018,39.9046386385762,False,False
IT.NET.USER.ZS,Internet users (% of population),innovation,IDN,Indonesia,2019,47.6906489788375,False,False
IT.NET.USER.ZS,Internet users (% of population),innovation,IDN,Indonesia,2020,53.72649449,False,False
IT.NET.USER.ZS,Internet users (% of population),innovation,IDN,Indonesia,2021,62.10447842,False,False
IT.NET.USER.ZS,Internet users (% of population),innovation,IDN,Indonesia,2022,66.48461277,False,False
IT.NET.USER.ZS,Internet users (% of population),innovation,IDN,Indonesia,2023,69.20836554,False,False
IT.NET.USER.ZS,Internet users (% of population),innovation,IDN,Indonesia,2024,72.78075544,False,False
IT.NET.USER.ZS,Internet users (% of population),innovation,KHM,Cambodia,2000,0.047022640068885,True,False
IT.NET.USER.ZS,Internet users (% of population),innovation,KHM,Cambodia,2001,0.0769560555527296,True,False
IT.NET.USER.ZS,Internet users (% of population),innovation,KHM,Cambodia,2002,0.226983237666204,True,False
IT.NET.USER.ZS,Internet users (% of population),innovation,KHM,Cambodia,2003,0.260570197574002,True,False
IT.NET.USER.ZS,Internet users (% of population),innovation,KHM,Cambodia,2004,0.300436644360101,True,False
IT.NET.USER.ZS,Internet users (% of population),innovation,KHM,Cambodia,2005,0.317321781089656,True,False
IT.NET.USER.ZS,Internet users (% of population),innovation,KHM,Cambodia,2006,0.468400002,True,False
IT.NET.USER.ZS,Internet users (% of population),innovation,KHM,Cambodia,2007,0.49,True,False
IT.NET.USER.ZS,Internet users (% of population),innovation,KHM,Cambodia,2008,0.51,True,False
IT.NET.USER.ZS,Internet users (% of population),innovation,KHM,Cambodia,2009,0.53,True,False
IT.NET.USER.ZS,Internet users (% of population),innovation,KHM,Cambodia,2010,1.26,True,False
IT.NET.USER.ZS,Internet users (% of population),innovation,KHM,Cambodia,2011,3.099999905,False,False
IT.NET.USER.ZS,Internet users (% of population),innovation,KHM,Cambodia,2012,4.94,False,False
IT.NET.USER.ZS,Internet users (% of population),innovation,KHM,Cambodia,2013,6.0,False,False
IT.NET.USER.ZS,Internet users (% of population),innovation,KHM,Cambodia,2014,14.0,False,False
IT.NET.USER.ZS,Internet users (% of population),innovation,KHM,Cambodia,2015,6.43319107021405,False,False
IT.NET.USER.ZS,Internet users (% of population),innovation,KHM,Cambodia,2016,32.3984517141849,False,False
IT.NET.USER.ZS,Internet users (% of population),innovation,KHM,Cambodia,2017,32.9002785437986,False,False
IT.NET.USER.ZS,Internet users (% of population),innovation,KHM,Cambodia,2018,65.0,False,False
IT.NET.USER.ZS,Internet users (% of population),innovation,KHM,Cambodia,2019,52.305878224498,False,False
IT.NET.USER.ZS,Internet users (% of population),innovation,KHM,Cambodia,2020,56.37590027,False,False
IT.NET.USER.ZS,Internet users (% of population),innovation,KHM,Cambodia,2021,60.76269913,False,False
IT.NET.USER.ZS,Internet users (% of population),innovation,KHM,Cambodia,2022,65.49079895,False,False
IT.NET.USER.ZS,Internet users (% of population),innovation,KHM,Cambodia,2023,68.92549896,False,False
IT.NET.USER.ZS,Internet users (% of population),innovation,KHM,Cambodia,2024,68.47530365,False,False
IT.NET.USER.ZS,Internet users (% of population),innovation,LAO,Lao PDR,2000,0.111044032290124,True,False
IT.NET.USER.ZS,Internet users (% of population),innovation,LAO,Lao PDR,2001,0.181664460654566,True,False
IT.NET.USER.ZS,Internet users (% of population),innovation,LAO,Lao PDR,2002,0.267899241309349,True,False
IT.NET.USER.ZS,Internet users (% of population),innovation,LAO,Lao PDR,2003,0.333912466428616,True,False
IT.NET.USER.ZS,Internet users (% of population),innovation,LAO,Lao PDR,2004,0.361434490258043,True,False
IT.NET.USER.ZS,Internet users (% of population),innovation,LAO,Lao PDR,2005,0.850399971,True,False
IT.NET.USER.ZS,Internet users (% of population),innovation,LAO,Lao PDR,2006,1.16989994,True,False
IT.NET.USER.ZS,Internet users (% of population),innovation,LAO,Lao PDR,2007,1.64,True,False
IT.NET.USER.ZS,Internet users (% of population),innovation,LAO,Lao PDR,2008,3.55,True,False
IT.NET.USER.ZS,Internet users (% of population),innovation,LAO,Lao PDR,2009,6.0,True,False
IT.NET.USER.ZS,Internet users (% of population),innovation,LAO,Lao PDR,2010,7.0,True,False
IT.NET.USER.ZS,Internet users (% of population),innovation,LAO,Lao PDR,2011,9.0,False,False
IT.NET.USER.ZS,Internet users (% of population),innovation,LAO,Lao PDR,2012,10.74769974,False,False
IT.NET.USER.ZS,Internet users (% of population),innovation,LAO,Lao PDR,2013,12.5,False,False
IT.NET.USER.ZS,Internet users (% of population),innovation,LAO,Lao PDR,2014,14.26000023,False,False
IT.NET.USER.ZS,Internet users (% of population),innovation,LAO,Lao PDR,2015,18.20000076,False,False
IT.NET.USER.ZS,Internet users (% of population),innovation,LAO,Lao PDR,2016,21.87000084,False,False
IT.NET.USER.ZS,Internet users (% of population),innovation,LAO,Lao PDR,2017,25.51040077,False,False
IT.NET.USER.ZS,Internet users (% of population),innovation,LAO,Lao PDR,2018,36.27130127,False,False
IT.NET.USER.ZS,Internet users (% of population),innovation,LAO,Lao PDR,2019,47.03229904,False,False
IT.NET.USER.ZS,Internet users (% of population),innovation,LAO,Lao PDR,2020,54.0,False,False
IT.NET.USER.ZS,Internet users (% of population),innovation,LAO,Lao PDR,2021,62.0,False,False
IT.NET.USER.ZS,Internet users (% of population),innovation,LAO,Lao PDR,2022,64.54000092,False,False
IT.NET.USER.ZS,Internet users (% of population),innovation,LAO,Lao PDR,2023,64.39800262,False,False
IT.NET.USER.ZS,Internet users (% of population),innovation,LAO,Lao PDR,2024,65.59269714,False,False
IT.NET.USER.ZS,Internet users (% of population),innovation,MMR,Myanmar,2000,,True,False
IT.NET.USER.ZS,Internet users (% of population),innovation,MMR,Myanmar,2001,0.000289277380848561,True,False
IT.NET.USER.ZS,Internet users (% of population),innovation,MMR,Myanmar,2002,0.00042649350636189,True,False
IT.NET.USER.ZS,Internet users (% of population),innovation,MMR,Myanmar,2003,0.0240641491408465,True,False
IT.NET.USER.ZS,Internet users (% of population),innovation,MMR,Myanmar,2004,0.024337392002823,True,False
IT.NET.USER.ZS,Internet users (% of population),innovation,MMR,Myanmar,2005,0.065200001,True,False
IT.NET.USER.ZS,Internet users (% of population),innovation,MMR,Myanmar,2006,0.18204833106115,True,False
IT.NET.USER.ZS,Internet users (% of population),innovation,MMR,Myanmar,2007,0.217128445069958,True,False
IT.NET.USER.ZS,Internet users (% of population),innovation,MMR,Myanmar,2008,0.22,True,False
IT.NET.USER.ZS,Internet users (% of population),innovation,MMR,Myanmar,2009,0.219999999,True,False
IT.NET.USER.ZS,Internet users (% of population),innovation,MMR,Myanmar,2010,0.25,True,False
IT.NET.USER.ZS,Internet users (% of population),innovation,MMR,Myanmar,2011,0.98,False,False
IT.NET.USER.ZS,Internet users (% of population),innovation,MMR,Myanmar,2012,1.399999976,False,False
IT.NET.USER.ZS,Internet users (% of population),innovation,MMR,Myanmar,2013,1.799999952,False,False
IT.NET.USER.ZS,Internet users (% of population),innovation,MMR,Myanmar,2014,7.400000095,False,False
IT.NET.USER.ZS,Internet users (% of population),innovation,MMR,Myanmar,2015,10.89999962,False,False
IT.NET.USER.ZS,Internet users (% of population),innovation,MMR,Myanmar,2016,16.0,False,False
IT.NET.USER.ZS,Internet users (% of population),innovation,MMR,Myanmar,2017,23.621081950267,False,False
IT.NET.USER.ZS,Internet users (% of population),innovation,MMR,Myanmar,2018,29.37899971,False,False
IT.NET.USER.ZS,Internet users (% of population),innovation,MMR,Myanmar,2019,36.54050064,False,False
IT.NET.USER.ZS,Internet users (% of population),innovation,MMR,Myanmar,2020,45.4477005,False,False
IT.NET.USER.ZS,Internet users (% of population),innovation,MMR,Myanmar,2021,,False,False
IT.NET.USER.ZS,Internet users (% of population),innovation,MMR,Myanmar,2022,,False,False
IT.NET.USER.ZS,Internet users (% of population),innovation,MMR,Myanmar,2023,,False,False
IT.NET.USER.ZS,Internet users (% of population),innovation,MMR,Myanmar,2024,,False,False
IT.NET.USER.ZS,Internet users (% of population),innovation,NPL,Nepal,2000,0.204651683653029,True,False
IT.NET.USER.ZS,Internet users (% of population),innovation,NPL,Nepal,2001,0.240015303375743,True,False
IT.NET.USER.ZS,Internet users (% of population),innovation,NPL,Nepal,2002,0.312956060108532,True,False
IT.NET.USER.ZS,Internet users (% of population),innovation,NPL,Nepal,2003,0.382810917017044,True,False
IT.NET.USER.ZS,Internet users (% of population),innovation,NPL,Nepal,2004,0.449843651215974,True,False
IT.NET.USER.ZS,Internet users (% of population),innovation,NPL,Nepal,2005,0.82655126590551,True,False
IT.NET.USER.ZS,Internet users (% of population),innovation,NPL,Nepal,2006,1.14138916388191,True,False
IT.NET.USER.ZS,Internet users (% of population),innovation,NPL,Nepal,2007,1.41,True,False
IT.NET.USER.ZS,Internet users (% of population),innovation,NPL,Nepal,2008,1.73,True,False
IT.NET.USER.ZS,Internet users (% of population),innovation,NPL,Nepal,2009,1.97,True,False
IT.NET.USER.ZS,Internet users (% of population),innovation,NPL,Nepal,2010,7.93,True,False
IT.NET.USER.ZS,Internet users (% of population),innovation,NPL,Nepal,2011,9.0,False,False
IT.NET.USER.ZS,Internet users (% of population),innovation,NPL,Nepal,2012,11.14929962,False,False
IT.NET.USER.ZS,Internet users (% of population),innovation,NPL,Nepal,2013,13.30000019,False,False
IT.NET.USER.ZS,Internet users (% of population),innovation,NPL,Nepal,2014,15.43999958,False,False
IT.NET.USER.ZS,Internet users (% of population),innovation,NPL,Nepal,2015,17.58160019,False,False
IT.NET.USER.ZS,Internet users (% of population),innovation,NPL,Nepal,2016,20.70000076,False,False
IT.NET.USER.ZS,Internet users (% of population),innovation,NPL,Nepal,2017,24.3,False,False
IT.NET.USER.ZS,Internet users (% of population),innovation,NPL,Nepal,2018,28.60000038,False,False
IT.NET.USER.ZS,Internet users (% of population),innovation,NPL,Nepal,2019,33.33660126,False,False
IT.NET.USER.ZS,Internet users (% of population),innovation,NPL,Nepal,2020,36.96530151,False,False
IT.NET.USER.ZS,Internet users (% of population),innovation,NPL,Nepal,2021,40.98910141,False,False
IT.NET.USER.ZS,Internet users (% of population),innovation,NPL,Nepal,2022,45.45080185,False,False
IT.NET.USER.ZS,Internet users (% of population),innovation,NPL,Nepal,2023,45.80680084,False,False
IT.NET.USER.ZS,Internet users (% of population),innovation,NPL,Nepal,2024,46.32189941,False,False
IT.NET.USER.ZS,Internet users (% of population),innovation,VNM,Vietnam,2000,0.254248275754934,True,False
IT.NET.USER.ZS,Internet users (% of population),innovation,VNM,Vietnam,2001,1.26565123612317,True,False
IT.NET.USER.ZS,Internet users (% of population),innovation,VNM,Vietnam,2002,1.85499923592581,True,False
IT.NET.USER.ZS,Internet users (% of population),innovation,VNM,Vietnam,2003,3.78028081370641,True,False
IT.NET.USER.ZS,Internet users (% of population),innovation,VNM,Vietnam,2004,7.64240852842363,True,False
IT.NET.USER.ZS,Internet users (% of population),innovation,VNM,Vietnam,2005,12.7399292907031,True,False
IT.NET.USER.ZS,Internet users (% of population),innovation,VNM,Vietnam,2006,17.2545617186662,True,False
IT.NET.USER.ZS,Internet users (% of population),innovation,VNM,Vietnam,2007,20.7554447679753,True,False
IT.NET.USER.ZS,Internet users (% of population),innovation,VNM,Vietnam,2008,23.92,True,False
IT.NET.USER.ZS,Internet users (% of population),innovation,VNM,Vietnam,2009,26.55,True,False
IT.NET.USER.ZS,Internet users (% of population),innovation,VNM,Vietnam,2010,30.65,True,False
IT.NET.USER.ZS,Internet users (% of population),innovation,VNM,Vietnam,2011,35.07,False,False
IT.NET.USER.ZS,Internet users (% of population),innovation,VNM,Vietnam,2012,36.79999924,False,False
IT.NET.USER.ZS,Internet users (% of population),innovation,VNM,Vietnam,2013,38.5,False,False
IT.NET.USER.ZS,Internet users (% of population),innovation,VNM,Vietnam,2014,41.0,False,False
IT.NET.USER.ZS,Internet users (% of population),innovation,VNM,Vietnam,2015,45.0,False,False
IT.NET.USER.ZS,Internet users (% of population),innovation,VNM,Vietnam,2016,53.0,False,False
IT.NET.USER.ZS,Internet users (% of population),innovation,VNM,Vietnam,2017,58.1400000036297,False,False
IT.NET.USER.ZS,Internet users (% of population),innovation,VNM,Vietnam,2018,69.8479286837965,False,False
IT.NET.USER.ZS,Internet users (% of population),innovation,VNM,Vietnam,2019,68.6615802057338,False,False
IT.NET.USER.ZS,Internet users (% of population),innovation,VNM,Vietnam,2020,70.30000012,False,False
IT.NET.USER.ZS,Internet users (% of population),innovation,VNM,Vietnam,2021,74.20999985,False,False
IT.NET.USER.ZS,Internet users (% of population),innovation,VNM,Vietnam,2022,78.58999918,False,False
IT.NET.USER.ZS,Internet users (% of population),innovation,VNM,Vietnam,2023,78.08,False,False
IT.NET.USER.ZS,Internet users (% of population),innovation,VNM,Vietnam,2024,84.15,False,False
NY.GDP.MKTP.KD.ZG,GDP growth (annual %),economy,BGD,Bangladesh,2000,5.29329471892532,True,False
NY.GDP.MKTP.KD.ZG,GDP growth (annual %),economy,BGD,Bangladesh,2001,5.07728777526728,True,False
NY.GDP.MKTP.KD.ZG,GDP growth (annual %),economy,BGD,Bangladesh,2002,3.83312393993225,True,False
NY.GDP.MKTP.KD.ZG,GDP growth (annual %),economy,BGD,Bangladesh,2003,4.73956739963045,True,False
NY.GDP.MKTP.KD.ZG,GDP growth (annual %),economy,BGD,Bangladesh,2004,5.23953291029852,True,False
NY.GDP.MKTP.KD.ZG,GDP growth (annual %),economy,BGD,Bangladesh,2005,6.53594493875502,True,False
NY.GDP.MKTP.KD.ZG,GDP growth (annual %),economy,BGD,Bangladesh,2006,6.67190498576788,True,False
NY.GDP.MKTP.KD.ZG,GDP growth (annual %),economy,BGD,Bangladesh,2007,7.05859935449848,True,False
NY.GDP.MKTP.KD.ZG,GDP growth (annual %),economy,BGD,Bangladesh,2008,6.01378975738535,True,False
NY.GDP.MKTP.KD.ZG,GDP growth (annual %),economy,BGD,Bangladesh,2009,5.04512479919337,True,False
NY.GDP.MKTP.KD.ZG,GDP growth (annual %),economy,BGD,Bangladesh,2010,5.57178818533122,True,False
NY.GDP.MKTP.KD.ZG,GDP growth (annual %),economy,BGD,Bangladesh,2011,6.46437912497728,False,False
NY.GDP.MKTP.KD.ZG,GDP growth (annual %),economy,BGD,Bangladesh,2012,6.52145877906443,False,False
NY.GDP.MKTP.KD.ZG,GDP growth (annual %),economy,BGD,Bangladesh,2013,6.01360565834344,False,False
NY.GDP.MKTP.KD.ZG,GDP growth (annual %),economy,BGD,Bangladesh,2014,6.0610593588495,False,False
NY.GDP.MKTP.KD.ZG,GDP growth (annual %),economy,BGD,Bangladesh,2015,6.55263987816197,False,False
NY.GDP.MKTP.KD.ZG,GDP growth (annual %),economy,BGD,Bangladesh,2016,7.11347821270093,False,False
NY.GDP.MKTP.KD.ZG,GDP growth (annual %),economy,BGD,Bangladesh,2017,6.59024999794057,False,False
NY.GDP.MKTP.KD.ZG,GDP growth (annual %),economy,BGD,Bangladesh,2018,7.31941263014136,False,False
NY.GDP.MKTP.KD.ZG,GDP growth (annual %),economy,BGD,Bangladesh,2019,7.88191515117722,False,False
NY.GDP.MKTP.KD.ZG,GDP growth (annual %),economy,BGD,Bangladesh,2020,3.44801755122445,False,False
NY.GDP.MKTP.KD.ZG,GDP growth (annual %),economy,BGD,Bangladesh,2021,6.93867912442445,False,False
NY.GDP.MKTP.KD.ZG,GDP growth (annual %),economy,BGD,Bangladesh,2022,7.09982877575158,False,False
NY.GDP.MKTP.KD.ZG,GDP growth (annual %),economy,BGD,Bangladesh,2023,5.77511237007889,False,False
NY.GDP.MKTP.KD.ZG,GDP growth (annual %),economy,BGD,Bangladesh,2024,4.22325911250161,False,False
NY.GDP.MKTP.KD.ZG,GDP growth (annual %),economy,IDN,Indonesia,2000,4.9200677470169,True,False
NY.GDP.MKTP.KD.ZG,GDP growth (annual %),economy,IDN,Indonesia,2001,3.64346644721492,True,False
NY.GDP.MKTP.KD.ZG,GDP growth (annual %),economy,IDN,Indonesia,2002,4.49947539085764,True,False
NY.GDP.MKTP.KD.ZG,GDP growth (annual %),economy,IDN,Indonesia,2003,4.78036912167654,True,False
NY.GDP.MKTP.KD.ZG,GDP growth (annual %),economy,IDN,Indonesia,2004,5.03087394501685,True,False
NY.GDP.MKTP.KD.ZG,GDP growth (annual %),economy,IDN,Indonesia,2005,5.69257130383384,True,False
NY.GDP.MKTP.KD.ZG,GDP growth (annual %),economy,IDN,Indonesia,2006,5.50095178520348,True,False
NY.GDP.MKTP.KD.ZG,GDP growth (annual %),economy,IDN,Indonesia,2007,6.34502222667214,True,False
NY.GDP.MKTP.KD.ZG,GDP growth (annual %),economy,IDN,Indonesia,2008,6.01370360009123,True,False
NY.GDP.MKTP.KD.ZG,GDP growth (annual %),economy,IDN,Indonesia,2009,4.62887118256153,True,False
NY.GDP.MKTP.KD.ZG,GDP growth (annual %),economy,IDN,Indonesia,2010,6.22385418062366,True,False
NY.GDP.MKTP.KD.ZG,GDP growth (annual %),economy,IDN,Indonesia,2011,6.16978420771008,False,False
NY.GDP.MKTP.KD.ZG,GDP growth (annual %),economy,IDN,Indonesia,2012,6.03005065305615,False,False
NY.GDP.MKTP.KD.ZG,GDP growth (annual %),economy,IDN,Indonesia,2013,5.5572636889101,False,False
NY.GDP.MKTP.KD.ZG,GDP growth (annual %),economy,IDN,Indonesia,2014,5.006668425755,False,False
NY.GDP.MKTP.KD.ZG,GDP growth (annual %),economy,IDN,Indonesia,2015,4.87632230022123,False,False
NY.GDP.MKTP.KD.ZG,GDP growth (annual %),economy,IDN,Indonesia,2016,5.03306918280177,False,False
NY.GDP.MKTP.KD.ZG,GDP growth (annual %),economy,IDN,Indonesia,2017,5.06978590134916,False,False
NY.GDP.MKTP.KD.ZG,GDP growth (annual %),economy,IDN,Indonesia,2018,5.17429153955024,False,False
NY.GDP.MKTP.KD.ZG,GDP growth (annual %),economy,IDN,Indonesia,2019,5.01928768046282,False,False
NY.GDP.MKTP.KD.ZG,GDP growth (annual %),economy,IDN,Indonesia,2020,-2.06551182934165,False,False
NY.GDP.MKTP.KD.ZG,GDP growth (annual %),economy,IDN,Indonesia,2021,3.70288562827751,False,False
NY.GDP.MKTP.KD.ZG,GDP growth (annual %),economy,IDN,Indonesia,2022,5.30719722664799,False,False
NY.GDP.MKTP.KD.ZG,GDP growth (annual %),economy,IDN,Indonesia,2023,5.04883117855516,False,False
NY.GDP.MKTP.KD.ZG,GDP growth (annual %),economy,IDN,Indonesia,2024,5.03257477088519,False,False
NY.GDP.MKTP.KD.ZG,GDP growth (annual %),economy,KHM,Cambodia,2000,9.99358032292079,True,False
NY.GDP.MKTP.KD.ZG,GDP growth (annual %),economy,KHM,Cambodia,2001,7.38971065070517,True,False
NY.GDP.MKTP.KD.ZG,GDP growth (annual %),economy,KHM,Cambodia,2002,6.26507280509637,True,False
NY.GDP.MKTP.KD.ZG,GDP growth (annual %),economy,KHM,Cambodia,2003,10.2836813071691,True,False
NY.GDP.MKTP.KD.ZG,GDP growth (annual %),economy,KHM,Cambodia,2004,9.45769481103929,True,False
NY.GDP.MKTP.KD.ZG,GDP growth (annual %),economy,KHM,Cambodia,2005,13.3033338358455,True,False
NY.GDP.MKTP.KD.ZG,GDP growth (annual %),economy,KHM,Cambodia,2006,10.9433600681694,True,False
NY.GDP.MKTP.KD.ZG,GDP growth (annual %),economy,KHM,Cambodia,2007,10.398458101201,True,False
NY.GDP.MKTP.KD.ZG,GDP growth (annual %),economy,KHM,Cambodia,2008,7.47636606631011,True,False
NY.GDP.MKTP.KD.ZG,GDP growth (annual %),economy,KHM,Cambodia,2009,4.07477850599065,True,False
NY.GDP.MKTP.KD.ZG,GDP growth (annual %),economy,KHM,Cambodia,2010,5.07691843229247,True,False
NY.GDP.MKTP.KD.ZG,GDP growth (annual %),economy,KHM,Cambodia,2011,7.28665813879552,False,False
NY.GDP.MKTP.KD.ZG,GDP growth (annual %),economy,KHM,Cambodia,2012,7.65025657870362,False,False
NY.GDP.MKTP.KD.ZG,GDP growth (annual %),economy,KHM,Cambodia,2013,7.8574997554252,False,False
NY.GDP.MKTP.KD.ZG,GDP growth (annual %),economy,KHM,Cambodia,2014,8.00032074618566,False,False
NY.GDP.MKTP.KD.ZG,GDP growth (annual %),economy,KHM,Cambodia,2015,7.20703472529512,False,False
NY.GDP.MKTP.KD.ZG,GDP growth (annual %),economy,KHM,Cambodia,2016,7.90550116130704,False,False
NY.GDP.MKTP.KD.ZG,GDP growth (annual %),economy,KHM,Cambodia,2017,8.07503915535979,False,False
NY.GDP.MKTP.KD.ZG,GDP growth (annual %),economy,KHM,Cambodia,2018,8.77622376224463,False,False
NY.GDP.MKTP.KD.ZG,GDP growth (annual %),economy,KHM,Cambodia,2019,7.93695013588524,False,False
NY.GDP.MKTP.KD.ZG,GDP growth (annual %),economy,KHM,Cambodia,2020,-3.55572193406549,False,False
NY.GDP.MKTP.KD.ZG,GDP growth (annual %),economy,KHM,Cambodia,2021,3.08984284148661,False,False
NY.GDP.MKTP.KD.ZG,GDP growth (annual %),economy,KHM,Cambodia,2022,5.12990110773977,False,False
NY.GDP.MKTP.KD.ZG,GDP growth (annual %),economy,KHM,Cambodia,2023,5.00733043811898,False,False
NY.GDP.MKTP.KD.ZG,GDP growth (annual %),economy,KHM,Cambodia,2024,6.0158145735202,False,False
NY.GDP.MKTP.KD.ZG,GDP growth (annual %),economy,LAO,Lao PDR,2000,5.79878232861959,True,False
NY.GDP.MKTP.KD.ZG,GDP growth (annual %),economy,LAO,Lao PDR,2001,5.75141287983195,True,False
NY.GDP.MKTP.KD.ZG,GDP growth (annual %),economy,LAO,Lao PDR,2002,5.91874368370564,True,False
NY.GDP.MKTP.KD.ZG,GDP growth (annual %),economy,LAO,Lao PDR,2003,6.06700230344272,True,False
NY.GDP.MKTP.KD.ZG,GDP growth (annual %),economy,LAO,Lao PDR,2004,6.35769548008234,True,False
NY.GDP.MKTP.KD.ZG,GDP growth (annual %),economy,LAO,Lao PDR,2005,7.10756836811267,True,False
NY.GDP.MKTP.KD.ZG,GDP growth (annual %),economy,LAO,Lao PDR,2006,8.61926620832807,True,False
NY.GDP.MKTP.KD.ZG,GDP growth (annual %),economy,LAO,Lao PDR,2007,7.59682880054878,True,False
NY.GDP.MKTP.KD.ZG,GDP growth (annual %),economy,LAO,Lao PDR,2008,7.82490276337012,True,False
NY.GDP.MKTP.KD.ZG,GDP growth (annual %),economy,LAO,Lao PDR,2009,7.50177491225853,True,False
NY.GDP.MKTP.KD.ZG,GDP growth (annual %),economy,LAO,Lao PDR,2010,8.52690551739717,True,False
NY.GDP.MKTP.KD.ZG,GDP growth (annual %),economy,LAO,Lao PDR,2011,8.03865268023725,False,False
NY.GDP.MKTP.KD.ZG,GDP growth (annual %),economy,LAO,Lao PDR,2012,8.02609843461283,False,False
NY.GDP.MKTP.KD.ZG,GDP growth (annual %),economy,LAO,Lao PDR,2013,8.02630022699017,False,False
NY.GDP.MKTP.KD.ZG,GDP growth (annual %),economy,LAO,Lao PDR,2014,7.61196343979319,False,False
NY.GDP.MKTP.KD.ZG,GDP growth (annual %),economy,LAO,Lao PDR,2015,7.27006584373785,False,False
NY.GDP.MKTP.KD.ZG,GDP growth (annual %),economy,LAO,Lao PDR,2016,7.02283625501138,False,False
NY.GDP.MKTP.KD.ZG,GDP growth (annual %),economy,LAO,Lao PDR,2017,6.8925308726989,False,False
NY.GDP.MKTP.KD.ZG,GDP growth (annual %),economy,LAO,Lao PDR,2018,6.24796000755872,False,False
NY.GDP.MKTP.KD.ZG,GDP growth (annual %),economy,LAO,Lao PDR,2019,5.4577350924848,False,False
NY.GDP.MKTP.KD.ZG,GDP growth (annual %),economy,LAO,Lao PDR,2020,0.503031829018681,False,False
NY.GDP.MKTP.KD.ZG,GDP growth (annual %),economy,LAO,Lao PDR,2021,2.52835100486102,False,False
NY.GDP.MKTP.KD.ZG,GDP growth (annual %),economy,LAO,Lao PDR,2022,2.70742652643155,False,False
NY.GDP.MKTP.KD.ZG,GDP growth (annual %),economy,LAO,Lao PDR,2023,3.74568140158232,False,False
NY.GDP.MKTP.KD.ZG,GDP growth (annual %),economy,LAO,Lao PDR,2024,4.13019264438475,False,False
NY.GDP.MKTP.KD.ZG,GDP growth (annual %),economy,MMR,Myanmar,2000,13.7459305561226,True,False
NY.GDP.MKTP.KD.ZG,GDP growth (annual %),economy,MMR,Myanmar,2001,11.3439970699605,True,False
NY.GDP.MKTP.KD.ZG,GDP growth (annual %),economy,MMR,Myanmar,2002,12.0255134340315,True,False
NY.GDP.MKTP.KD.ZG,GDP growth (annual %),economy,MMR,Myanmar,2003,13.8439968903798,True,False
NY.GDP.MKTP.KD.ZG,GDP growth (annual %),economy,MMR,Myanmar,2004,13.5646616163416,True,False
NY.GDP.MKTP.KD.ZG,GDP growth (annual %),economy,MMR,Myanmar,2005,13.5689500216456,True,False
NY.GDP.MKTP.KD.ZG,GDP growth (annual %),economy,MMR,Myanmar,2006,13.0761013792372,True,False
NY.GDP.MKTP.KD.ZG,GDP growth (annual %),economy,MMR,Myanmar,2007,11.9914352402146,True,False
NY.GDP.MKTP.KD.ZG,GDP growth (annual %),economy,MMR,Myanmar,2008,10.2553053929808,True,False
NY.GDP.MKTP.KD.ZG,GDP growth (annual %),economy,MMR,Myanmar,2009,10.5500090961932,True,False
NY.GDP.MKTP.KD.ZG,GDP growth (annual %),economy,MMR,Myanmar,2010,9.6344394520444,True,False
NY.GDP.MKTP.KD.ZG,GDP growth (annual %),economy,MMR,Myanmar,2011,5.59148237823661,False,False
NY.GDP.MKTP.KD.ZG,GDP growth (annual %),economy,MMR,Myanmar,2012,7.33267044704149,False,False
NY.GDP.MKTP.KD.ZG,GDP growth (annual %),economy,MMR,Myanmar,2013,8.42600102501767,False,False
NY.GDP.MKTP.KD.ZG,GDP growth (annual %),economy,MMR,Myanmar,2014,8.16990745558277,False,False
NY.GDP.MKTP.KD.ZG,GDP growth (annual %),economy,MMR,Myanmar,2015,6.99284029026121,False,False
NY.GDP.MKTP.KD.ZG,GDP growth (annual %),economy,MMR,Myanmar,2016,5.86247291518572,False,False
NY.GDP.MKTP.KD.ZG,GDP growth (annual %),economy,MMR,Myanmar,2017,6.13610824360305,False,False
NY.GDP.MKTP.KD.ZG,GDP growth (annual %),economy,MMR,Myanmar,2018,6.26886221471075,False,False
NY.GDP.MKTP.KD.ZG,GDP growth (annual %),economy,MMR,Myanmar,2019,6.57911006765414,False,False
NY.GDP.MKTP.KD.ZG,GDP growth (annual %),economy,MMR,Myanmar,2020,-9.04834717984643,False,False
NY.GDP.MKTP.KD.ZG,GDP growth (annual %),economy,MMR,Myanmar,2021,-12.0163724829177,False,False
NY.GDP.MKTP.KD.ZG,GDP growth (annual %),economy,MMR,Myanmar,2022,4.0374934360085,False,False
NY.GDP.MKTP.KD.ZG,GDP growth (annual %),economy,MMR,Myanmar,2023,0.958446625126115,False,False
NY.GDP.MKTP.KD.ZG,GDP growth (annual %),economy,MMR,Myanmar,2024,-0.97204641363362,False,False
NY.GDP.MKTP.KD.ZG,GDP growth (annual %),economy,NPL,Nepal,2000,6.19999998192236,True,False
NY.GDP.MKTP.KD.ZG,GDP growth (annual %),economy,NPL,Nepal,2001,4.79989214255407,True,False
NY.GDP.MKTP.KD.ZG,GDP growth (annual %),economy,NPL,Nepal,2002,0.120143177369414,True,False
NY.GDP.MKTP.KD.ZG,GDP growth (annual %),economy,NPL,Nepal,2003,3.94503776051116,True,False
NY.GDP.MKTP.KD.ZG,GDP growth (annual %),economy,NPL,Nepal,2004,4.68260325152944,True,False
NY.GDP.MKTP.KD.ZG,GDP growth (annual %),economy,NPL,Nepal,2005,3.47918104829496,True,False
NY.GDP.MKTP.KD.ZG,GDP growth (annual %),economy,NPL,Nepal,2006,3.36461478056277,True,False
NY.GDP.MKTP.KD.ZG,GDP growth (annual %),economy,NPL,Nepal,2007,3.41156027980276,True,False
NY.GDP.MKTP.KD.ZG,GDP growth (annual %),economy,NPL,Nepal,2008,6.10463914373472,True,False
NY.GDP.MKTP.KD.ZG,GDP growth (annual %),economy,NPL,Nepal,2009,4.5330787246486,True,False
NY.GDP.MKTP.KD.ZG,GDP growth (annual %),economy,NPL,Nepal,2010,4.81641464694573,True,False
NY.GDP.MKTP.KD.ZG,GDP growth (annual %),economy,NPL,Nepal,2011,3.42180870116162,False,False
NY.GDP.MKTP.KD.ZG,GDP growth (annual %),economy,NPL,Nepal,2012,4.67014192446953,False,False
NY.GDP.MKTP.KD.ZG,GDP growth (annual %),economy,NPL,Nepal,2013,3.52515317129149,False,False
NY.GDP.MKTP.KD.ZG,GDP growth (annual %),economy,NPL,Nepal,2014,6.01148284250441,False,False
NY.GDP.MKTP.KD.ZG,GDP growth (annual %),economy,NPL,Nepal,2015,3.97605327162971,False,False
NY.GDP.MKTP.KD.ZG,GDP growth (annual %),economy,NPL,Nepal,2016,0.433113719381524,False,False
NY.GDP.MKTP.KD.ZG,GDP growth (annual %),economy,NPL,Nepal,2017,8.97727935643466,False,False
NY.GDP.MKTP.KD.ZG,GDP growth (annual %),economy,NPL,Nepal,2018,7.62237610397933,False,False
NY.GDP.MKTP.KD.ZG,GDP growth (annual %),economy,NPL,Nepal,2019,6.65705543110468,False,False
NY.GDP.MKTP.KD.ZG,GDP growth (annual %),economy,NPL,Nepal,2020,-2.3696206292072,False,False
NY.GDP.MKTP.KD.ZG,GDP growth (annual %),economy,NPL,Nepal,2021,4.838149614115,False,False
NY.GDP.MKTP.KD.ZG,GDP growth (annual %),economy,NPL,Nepal,2022,5.6313145568451,False,False
NY.GDP.MKTP.KD.ZG,GDP growth (annual %),economy,NPL,Nepal,2023,1.98254843461849,False,False
NY.GDP.MKTP.KD.ZG,GDP growth (annual %),economy,NPL,Nepal,2024,3.67787459697703,False,False
NY.GDP.MKTP.KD.ZG,GDP growth (annual %),economy,VNM,Vietnam,2000,6.78731640463151,True,False
NY.GDP.MKTP.KD.ZG,GDP growth (annual %),economy,VNM,Vietnam,2001,6.19289331233377,True,False
NY.GDP.MKTP.KD.ZG,GDP growth (annual %),economy,VNM,Vietnam,2002,6.32082099160833,True,False
NY.GDP.MKTP.KD.ZG,GDP growth (annual %),economy,VNM,Vietnam,2003,6.89906349055258,True,False
NY.GDP.MKTP.KD.ZG,GDP growth (annual %),economy,VNM,Vietnam,2004,7.53641060890386,True,False
NY.GDP.MKTP.KD.ZG,GDP growth (annual %),economy,VNM,Vietnam,2005,7.54724772895918,True,False
NY.GDP.MKTP.KD.ZG,GDP growth (annual %),economy,VNM,Vietnam,2006,6.97795481056711,True,False
NY.GDP.MKTP.KD.ZG,GDP growth (annual %),economy,VNM,Vietnam,2007,7.12950448605439,True,False
NY.GDP.MKTP.KD.ZG,GDP growth (annual %),economy,VNM,Vietnam,2008,5.66177120891362,True,False
NY.GDP.MKTP.KD.ZG,GDP growth (annual %),economy,VNM,Vietnam,2009,5.39789754014181,True,False
NY.GDP.MKTP.KD.ZG,GDP growth (annual %),economy,VNM,Vietnam,2010,6.42324482239482,True,False
NY.GDP.MKTP.KD.ZG,GDP growth (annual %),economy,VNM,Vietnam,2011,6.41316889681683,False,False
NY.GDP.MKTP.KD.ZG,GDP growth (annual %),economy,VNM,Vietnam,2012,5.5045447041189,False,False
NY.GDP.MKTP.KD.ZG,GDP growth (annual %),economy,VNM,Vietnam,2013,5.55351081026072,False,False
NY.GDP.MKTP.KD.ZG,GDP growth (annual %),economy,VNM,Vietnam,2014,6.42224312118567,False,False
NY.GDP.MKTP.KD.ZG,GDP growth (annual %),economy,VNM,Vietnam,2015,6.98715430598611,False,False
NY.GDP.MKTP.KD.ZG,GDP growth (annual %),economy,VNM,Vietnam,2016,6.69000892660424,False,False
NY.GDP.MKTP.KD.ZG,GDP growth (annual %),economy,VNM,Vietnam,2017,6.94019037359206,False,False
NY.GDP.MKTP.KD.ZG,GDP growth (annual %),economy,VNM,Vietnam,2018,7.46500685572751,False,False
NY.GDP.MKTP.KD.ZG,GDP growth (annual %),economy,VNM,Vietnam,2019,7.35926270105006,False,False
NY.GDP.MKTP.KD.ZG,GDP growth (annual %),economy,VNM,Vietnam,2020,2.86541320912272,False,False
NY.GDP.MKTP.KD.ZG,GDP growth (annual %),economy,VNM,Vietnam,2021,2.55372852648131,False,False
NY.GDP.MKTP.KD.ZG,GDP growth (annual %),economy,VNM,Vietnam,2022,8.53750041218142,False,False
NY.GDP.MKTP.KD.ZG,GDP growth (annual %),economy,VNM,Vietnam,2023,4.97865959483225,False,False
NY.GDP.MKTP.KD.ZG,GDP growth (annual %),economy,VNM,Vietnam,2024,7.03955197123018,False,False
NY.GDP.PCAP.KD,GDP per capita (constant 2015 US$),economy,BGD,Bangladesh,2000,620.560472822105,True,False
NY.GDP.PCAP.KD,GDP per capita (constant 2015 US$),economy,BGD,Bangladesh,2001,641.288922876274,True,False
NY.GDP.PCAP.KD,GDP per capita (constant 2015 US$),economy,BGD,Bangladesh,2002,655.672139362272,True,False
NY.GDP.PCAP.KD,GDP per capita (constant 2015 US$),economy,BGD,Bangladesh,2003,676.826252046427,True,False
NY.GDP.PCAP.KD,GDP per capita (constant 2015 US$),economy,BGD,Bangladesh,2004,702.656357081873,True,False
NY.GDP.PCAP.KD,GDP per capita (constant 2015 US$),economy,BGD,Bangladesh,2005,739.203718353409,True,False
NY.GDP.PCAP.KD,GDP per capita (constant 2015 US$),economy,BGD,Bangladesh,2006,779.419570444998,True,False
NY.GDP.PCAP.KD,GDP per capita (constant 2015 US$),economy,BGD,Bangladesh,2007,825.508229964537,True,False
NY.GDP.PCAP.KD,GDP per capita (constant 2015 US$),economy,BGD,Bangladesh,2008,866.45815762135,True,False
NY.GDP.PCAP.KD,GDP per capita (constant 2015 US$),economy,BGD,Bangladesh,2009,901.729626251937,True,False
NY.GDP.PCAP.KD,GDP per capita (constant 2015 US$),economy,BGD,Bangladesh,2010,943.66422864236,True,False
NY.GDP.PCAP.KD,GDP per capita (constant 2015 US$),economy,BGD,Bangladesh,2011,995.579947155662,False,False
NY.GDP.PCAP.KD,GDP per capita (constant 2015 US$),economy,BGD,Bangladesh,2012,1050.39140404066,False,False
NY.GDP.PCAP.KD,GDP per capita (constant 2015 US$),economy,BGD,Bangladesh,2013,1103.15695907123,False,False
NY.GDP.PCAP.KD,GDP per capita (constant 2015 US$),economy,BGD,Bangladesh,2014,1159.40753475981,False,False
NY.GDP.PCAP.KD,GDP per capita (constant 2015 US$),economy,BGD,Bangladesh,2015,1224.38647668165,False,False
NY.GDP.PCAP.KD,GDP per capita (constant 2015 US$),economy,BGD,Bangladesh,2016,1299.83091360792,False,False
NY.GDP.PCAP.KD,GDP per capita (constant 2015 US$),economy,BGD,Bangladesh,2017,1373.75363740186,False,False
NY.GDP.PCAP.KD,GDP per capita (constant 2015 US$),economy,BGD,Bangladesh,2018,1462.25050255713,False,False
NY.GDP.PCAP.KD,GDP per capita (constant 2015 US$),economy,BGD,Bangladesh,2019,1564.20802445636,False,False
NY.GDP.PCAP.KD,GDP per capita (constant 2015 US$),economy,BGD,Bangladesh,2020,1604.6659234742,False,False
NY.GDP.PCAP.KD,GDP per capita (constant 2015 US$),economy,BGD,Bangladesh,2021,1702.08028414189,False,False
NY.GDP.PCAP.KD,GDP per capita (constant 2015 US$),economy,BGD,Bangladesh,2022,1804.3493461776,False,False
NY.GDP.PCAP.KD,GDP per capita (constant 2015 US$),economy,BGD,Bangladesh,2023,1885.37733613545,False,False
NY.GDP.PCAP.KD,GDP per capita (constant 2015 US$),economy,BGD,Bangladesh,2024,1941.27874360025,False,False
NY.GDP.PCAP.KD,GDP per capita (constant 2015 US$),economy,IDN,Indonesia,2000,1828.10265968361,True,False
NY.GDP.PCAP.KD,GDP per capita (constant 2015 US$),economy,IDN,Indonesia,2001,1868.59172307292,True,False
NY.GDP.PCAP.KD,GDP per capita (constant 2015 US$),economy,IDN,Indonesia,2002,1926.37435868149,True,False
NY.GDP.PCAP.KD,GDP per capita (constant 2015 US$),economy,IDN,Indonesia,2003,1991.91820506473,True,False
NY.GDP.PCAP.KD,GDP per capita (constant 2015 US$),economy,IDN,Indonesia,2004,2065.70617470842,True,False
NY.GDP.PCAP.KD,GDP per capita (constant 2015 US$),economy,IDN,Indonesia,2005,2155.4478015921,True,False
NY.GDP.PCAP.KD,GDP per capita (constant 2015 US$),economy,IDN,Indonesia,2006,2244.0802226202,True,False
NY.GDP.PCAP.KD,GDP per capita (constant 2015 US$),economy,IDN,Indonesia,2007,2355.1528565328,True,False
NY.GDP.PCAP.KD,GDP per capita (constant 2015 US$),economy,IDN,Indonesia,2008,2464.60193418272,True,False
NY.GDP.PCAP.KD,GDP per capita (constant 2015 US$),economy,IDN,Indonesia,2009,2546.21969707767,True,False
NY.GDP.PCAP.KD,GDP per capita (constant 2015 US$),economy,IDN,Indonesia,2010,2670.8129098953,True,False
NY.GDP.PCAP.KD,GDP per capita (constant 2015 US$),economy,IDN,Indonesia,2011,2799.62468790318,False,False
NY.GDP.PCAP.KD,GDP per capita (constant 2015 US$),economy,IDN,Indonesia,2012,2930.518445323,False,False
NY.GDP.PCAP.KD,GDP per capita (constant 2015 US$),economy,IDN,Indonesia,2013,3055.24246006469,False,False
NY.GDP.PCAP.KD,GDP per capita (constant 2015 US$),economy,IDN,Indonesia,2014,3170.72103011429,False,False
NY.GDP.PCAP.KD,GDP per capita (constant 2015 US$),economy,IDN,Indonesia,2015,3288.22269725538,False,False
NY.GDP.PCAP.KD,GDP per capita (constant 2015 US$),economy,IDN,Indonesia,2016,3416.81005170972,False,False
NY.GDP.PCAP.KD,GDP per capita (constant 2015 US$),economy,IDN,Indonesia,2017,3553.51999262321,False,False
NY.GDP.PCAP.KD,GDP per capita (constant 2015 US$),economy,IDN,Indonesia,2018,3701.32155461912,False,False
NY.GDP.PCAP.KD,GDP per capita (constant 2015 US$),economy,IDN,Indonesia,2019,3850.90321738979,False,False
NY.GDP.PCAP.KD,GDP per capita (constant 2015 US$),economy,IDN,Indonesia,2020,3739.44906563161,False,False
NY.GDP.PCAP.KD,GDP per capita (constant 2015 US$),economy,IDN,Indonesia,2021,3850.68877253903,False,False
NY.GDP.PCAP.KD,GDP per capita (constant 2015 US$),economy,IDN,Indonesia,2022,4024.91225288391,False,False
NY.GDP.PCAP.KD,GDP per capita (constant 2015 US$),economy,IDN,Indonesia,2023,4192.64401034181,False,False
NY.GDP.PCAP.KD,GDP per capita (constant 2015 US$),economy,IDN,Indonesia,2024,4367.94741847938,False,False
NY.GDP.PCAP.KD,GDP per capita (constant 2015 US$),economy,KHM,Cambodia,2000,598.561915252147,True,False
NY.GDP.PCAP.KD,GDP per capita (constant 2015 US$),economy,KHM,Cambodia,2001,632.833573980849,True,False
NY.GDP.PCAP.KD,GDP per capita (constant 2015 US$),economy,KHM,Cambodia,2002,662.188341283454,True,False
NY.GDP.PCAP.KD,GDP per capita (constant 2015 US$),economy,KHM,Cambodia,2003,719.333494240509,True,False
NY.GDP.PCAP.KD,GDP per capita (constant 2015 US$),economy,KHM,Cambodia,2004,775.847139030978,True,False
NY.GDP.PCAP.KD,GDP per capita (constant 2015 US$),economy,KHM,Cambodia,2005,866.340290123209,True,False
NY.GDP.PCAP.KD,GDP per capita (constant 2015 US$),economy,KHM,Cambodia,2006,947.065220050691,True,False
NY.GDP.PCAP.KD,GDP per capita (constant 2015 US$),economy,KHM,Cambodia,2007,1030.23117620792,True,False
NY.GDP.PCAP.KD,GDP per capita (constant 2015 US$),economy,KHM,Cambodia,2008,1090.57475806147,True,False
NY.GDP.PCAP.KD,GDP per capita (constant 2015 US$),economy,KHM,Cambodia,2009,1117.25834194514,True,False
NY.GDP.PCAP.KD,GDP per capita (constant 2015 US$),economy,KHM,Cambodia,2010,1155.85236856699,True,False
NY.GDP.PCAP.KD,GDP per capita (constant 2015 US$),economy,KHM,Cambodia,2011,1221.38839852454,False,False
NY.GDP.PCAP.KD,GDP per capita (constant 2015 US$),economy,KHM,Cambodia,2012,1295.25271477893,False,False
NY.GDP.PCAP.KD,GDP per capita (constant 2015 US$),economy,KHM,Cambodia,2013,1376.29557595926,False,False
NY.GDP.PCAP.KD,GDP per capita (constant 2015 US$),economy,KHM,Cambodia,2014,1464.53115866927,False,False
NY.GDP.PCAP.KD,GDP per capita (constant 2015 US$),economy,KHM,Cambodia,2015,1547.32010444393,False,False
NY.GDP.PCAP.KD,GDP per capita (constant 2015 US$),economy,KHM,Cambodia,2016,1645.46671578126,False,False
NY.GDP.PCAP.KD,GDP per capita (constant 2015 US$),economy,KHM,Cambodia,2017,1753.93530504662,False,False
NY.GDP.PCAP.KD,GDP per capita (constant 2015 US$),economy,KHM,Cambodia,2018,1884.28374817086,False,False
NY.GDP.PCAP.KD,GDP per capita (constant 2015 US$),economy,KHM,Cambodia,2019,2008.32094006706,False,False
NY.GDP.PCAP.KD,GDP per capita (constant 2015 US$),economy,KHM,Cambodia,2020,1908.63427518336,False,False
NY.GDP.PCAP.KD,GDP per capita (constant 2015 US$),economy,KHM,Cambodia,2021,1938.76436741728,False,False
NY.GDP.PCAP.KD,GDP per capita (constant 2015 US$),economy,KHM,Cambodia,2022,2011.27433313262,False,False
NY.GDP.PCAP.KD,GDP per capita (constant 2015 US$),economy,KHM,Cambodia,2023,2085.05748462122,False,False
NY.GDP.PCAP.KD,GDP per capita (constant 2015 US$),economy,KHM,Cambodia,2024,2183.55682401667,False,False
NY.GDP.PCAP.KD,GDP per capita (constant 2015 US$),economy,LAO,Lao PDR,2000,917.228038617529,True,False
NY.GDP.PCAP.KD,GDP per capita (constant 2015 US$),economy,LAO,Lao PDR,2001,954.123505414634,True,False
NY.GDP.PCAP.KD,GDP per capita (constant 2015 US$),economy,LAO,Lao PDR,2002,994.492241963795,True,False
NY.GDP.PCAP.KD,GDP per capita (constant 2015 US$),economy,LAO,Lao PDR,2003,1038.71192767783,True,False
NY.GDP.PCAP.KD,GDP per capita (constant 2015 US$),economy,LAO,Lao PDR,2004,1088.76034728831,True,False
NY.GDP.PCAP.KD,GDP per capita (constant 2015 US$),economy,LAO,Lao PDR,2005,1148.68153852071,True,False
NY.GDP.PCAP.KD,GDP per capita (constant 2015 US$),economy,LAO,Lao PDR,2006,1228.08927619923,True,False
NY.GDP.PCAP.KD,GDP per capita (constant 2015 US$),economy,LAO,Lao PDR,2007,1301.08597549864,True,False
NY.GDP.PCAP.KD,GDP per capita (constant 2015 US$),economy,LAO,Lao PDR,2008,1381.73754223953,True,False
NY.GDP.PCAP.KD,GDP per capita (constant 2015 US$),economy,LAO,Lao PDR,2009,1463.3379666846,True,False
NY.GDP.PCAP.KD,GDP per capita (constant 2015 US$),economy,LAO,Lao PDR,2010,1564.91068311647,True,False
NY.GDP.PCAP.KD,GDP per capita (constant 2015 US$),economy,LAO,Lao PDR,2011,1666.40086189871,False,False
NY.GDP.PCAP.KD,GDP per capita (constant 2015 US$),economy,LAO,Lao PDR,2012,1774.63585203672,False,False
NY.GDP.PCAP.KD,GDP per capita (constant 2015 US$),economy,LAO,Lao PDR,2013,1890.27861294875,False,False
NY.GDP.PCAP.KD,GDP per capita (constant 2015 US$),economy,LAO,Lao PDR,2014,2006.31195444447,False,False
NY.GDP.PCAP.KD,GDP per capita (constant 2015 US$),economy,LAO,Lao PDR,2015,2121.01339097363,False,False
NY.GDP.PCAP.KD,GDP per capita (constant 2015 US$),economy,LAO,Lao PDR,2016,2234.76098741846,False,False
NY.GDP.PCAP.KD,GDP per capita (constant 2015 US$),economy,LAO,Lao PDR,2017,2351.57441747595,False,False
NY.GDP.PCAP.KD,GDP per capita (constant 2015 US$),economy,LAO,Lao PDR,2018,2459.97874636195,False,False
NY.GDP.PCAP.KD,GDP per capita (constant 2015 US$),economy,LAO,Lao PDR,2019,2554.95638019245,False,False
NY.GDP.PCAP.KD,GDP per capita (constant 2015 US$),economy,LAO,Lao PDR,2020,2529.74622698761,False,False
NY.GDP.PCAP.KD,GDP per capita (constant 2015 US$),economy,LAO,Lao PDR,2021,2556.58912640405,False,False
NY.GDP.PCAP.KD,GDP per capita (constant 2015 US$),economy,LAO,Lao PDR,2022,2589.05015191628,False,False
NY.GDP.PCAP.KD,GDP per capita (constant 2015 US$),economy,LAO,Lao PDR,2023,2648.88726608035,False,False
NY.GDP.PCAP.KD,GDP per capita (constant 2015 US$),economy,LAO,Lao PDR,2024,2721.07810663122,False,False
NY.GDP.PCAP.KD,GDP per capita (constant 2015 US$),economy,MMR,Myanmar,2000,298.590464506047,True,False
NY.GDP.PCAP.KD,GDP per capita (constant 2015 US$),economy,MMR,Myanmar,2001,328.973872708996,True,False
NY.GDP.PCAP.KD,GDP per capita (constant 2015 US$),economy,MMR,Myanmar,2002,364.855800192477,True,False
NY.GDP.PCAP.KD,GDP per capita (constant 2015 US$),economy,MMR,Myanmar,2003,411.498764121919,True,False
NY.GDP.PCAP.KD,GDP per capita (constant 2015 US$),economy,MMR,Myanmar,2004,463.330135715332,True,False
NY.GDP.PCAP.KD,GDP per capita (constant 2015 US$),economy,MMR,Myanmar,2005,522.099544784661,True,False
NY.GDP.PCAP.KD,GDP per capita (constant 2015 US$),economy,MMR,Myanmar,2006,586.085579927418,True,False
NY.GDP.PCAP.KD,GDP per capita (constant 2015 US$),economy,MMR,Myanmar,2007,651.729730890268,True,False
NY.GDP.PCAP.KD,GDP per capita (constant 2015 US$),economy,MMR,Myanmar,2008,714.620419017338,True,False
NY.GDP.PCAP.KD,GDP per capita (constant 2015 US$),economy,MMR,Myanmar,2009,785.634853157894,True,False
NY.GDP.PCAP.KD,GDP per capita (constant 2015 US$),economy,MMR,Myanmar,2010,854.932478016035,True,False
NY.GDP.PCAP.KD,GDP per capita (constant 2015 US$),economy,MMR,Myanmar,2011,895.512538750361,False,False
NY.GDP.PCAP.KD,GDP per capita (constant 2015 US$),economy,MMR,Myanmar,2012,953.123081923425,False,False
NY.GDP.PCAP.KD,GDP per capita (constant 2015 US$),economy,MMR,Myanmar,2013,1024.69060473254,False,False
NY.GDP.PCAP.KD,GDP per capita (constant 2015 US$),economy,MMR,Myanmar,2014,1099.24387750099,False,False
NY.GDP.PCAP.KD,GDP per capita (constant 2015 US$),economy,MMR,Myanmar,2015,1166.73305546337,False,False
NY.GDP.PCAP.KD,GDP per capita (constant 2015 US$),economy,MMR,Myanmar,2016,1225.37913970989,False,False
NY.GDP.PCAP.KD,GDP per capita (constant 2015 US$),economy,MMR,Myanmar,2017,1290.5640902569,False,False
NY.GDP.PCAP.KD,GDP per capita (constant 2015 US$),economy,MMR,Myanmar,2018,1361.5683126412,False,False
NY.GDP.PCAP.KD,GDP per capita (constant 2015 US$),economy,MMR,Myanmar,2019,1440.98988236734,False,False
NY.GDP.PCAP.KD,GDP per capita (constant 2015 US$),economy,MMR,Myanmar,2020,1301.31386350667,False,False
NY.GDP.PCAP.KD,GDP per capita (constant 2015 US$),economy,MMR,Myanmar,2021,1136.9956605414,False,False
NY.GDP.PCAP.KD,GDP per capita (constant 2015 US$),economy,MMR,Myanmar,2022,1174.76697945755,False,False
NY.GDP.PCAP.KD,GDP per capita (constant 2015 US$),economy,MMR,Myanmar,2023,1177.76649645563,False,False
NY.GDP.PCAP.KD,GDP per capita (constant 2015 US$),economy,MMR,Myanmar,2024,1158.47928097728,False,False
NY.GDP.PCAP.KD,GDP per capita (constant 2015 US$),economy,NPL,Nepal,2000,547.221082273632,True,False
NY.GDP.PCAP.KD,GDP per capita (constant 2015 US$),economy,NPL,Nepal,2001,564.28622920391,True,False
NY.GDP.PCAP.KD,GDP per capita (constant 2015 US$),economy,NPL,Nepal,2002,556.438454538796,True,False
NY.GDP.PCAP.KD,GDP per capita (constant 2015 US$),economy,NPL,Nepal,2003,570.28967363428,True,False
NY.GDP.PCAP.KD,GDP per capita (constant 2015 US$),economy,NPL,Nepal,2004,589.46992868617,True,False
NY.GDP.PCAP.KD,GDP per capita (constant 2015 US$),economy,NPL,Nepal,2005,603.190108570995,True,False
NY.GDP.PCAP.KD,GDP per capita (constant 2015 US$),economy,NPL,Nepal,2006,617.477638588722,True,False
NY.GDP.PCAP.KD,GDP per capita (constant 2015 US$),economy,NPL,Nepal,2007,633.226129136597,True,False
NY.GDP.PCAP.KD,GDP per capita (constant 2015 US$),economy,NPL,Nepal,2008,666.865095417138,True,False
NY.GDP.PCAP.KD,GDP per capita (constant 2015 US$),economy,NPL,Nepal,2009,692.400000816919,True,False
NY.GDP.PCAP.KD,GDP per capita (constant 2015 US$),economy,NPL,Nepal,2010,721.265221364302,True,False
NY.GDP.PCAP.KD,GDP per capita (constant 2015 US$),economy,NPL,Nepal,2011,742.617252662576,False,False
NY.GDP.PCAP.KD,GDP per capita (constant 2015 US$),economy,NPL,Nepal,2012,775.310578479839,False,False
NY.GDP.PCAP.KD,GDP per capita (constant 2015 US$),economy,NPL,Nepal,2013,801.039060847856,False,False
NY.GDP.PCAP.KD,GDP per capita (constant 2015 US$),economy,NPL,Nepal,2014,846.665541773599,False,False
NY.GDP.PCAP.KD,GDP per capita (constant 2015 US$),economy,NPL,Nepal,2015,875.543635474862,False,False
NY.GDP.PCAP.KD,GDP per capita (constant 2015 US$),economy,NPL,Nepal,2016,875.188943730855,False,False
NY.GDP.PCAP.KD,GDP per capita (constant 2015 US$),economy,NPL,Nepal,2017,951.857298563641,False,False
NY.GDP.PCAP.KD,GDP per capita (constant 2015 US$),economy,NPL,Nepal,2018,1021.91492204011,False,False
NY.GDP.PCAP.KD,GDP per capita (constant 2015 US$),economy,NPL,Nepal,2019,1077.11796498188,False,False
NY.GDP.PCAP.KD,GDP per capita (constant 2015 US$),economy,NPL,Nepal,2020,1031.53618783934,False,False
NY.GDP.PCAP.KD,GDP per capita (constant 2015 US$),economy,NPL,Nepal,2021,1062.7888430629,False,False
NY.GDP.PCAP.KD,GDP per capita (constant 2015 US$),economy,NPL,Nepal,2022,1113.55462341223,False,False
NY.GDP.PCAP.KD,GDP per capita (constant 2015 US$),economy,NPL,Nepal,2023,1136.4276931197,False,False
NY.GDP.PCAP.KD,GDP per capita (constant 2015 US$),economy,NPL,Nepal,2024,1179.95499311034,False,False
NY.GDP.PCAP.KD,GDP per capita (constant 2015 US$),economy,VNM,Vietnam,2000,1212.19657794381,True,False
NY.GDP.PCAP.KD,GDP per capita (constant 2015 US$),economy,VNM,Vietnam,2001,1273.8052690094,True,False
NY.GDP.PCAP.KD,GDP per capita (constant 2015 US$),economy,VNM,Vietnam,2002,1340.51670460271,True,False
NY.GDP.PCAP.KD,GDP per capita (constant 2015 US$),economy,VNM,Vietnam,2003,1418.74337471509,True,False
NY.GDP.PCAP.KD,GDP per capita (constant 2015 US$),economy,VNM,Vietnam,2004,1510.94449049599,True,False
NY.GDP.PCAP.KD,GDP per capita (constant 2015 US$),economy,VNM,Vietnam,2005,1609.96268313651,True,False
NY.GDP.PCAP.KD,GDP per capita (constant 2015 US$),economy,VNM,Vietnam,2006,1699.67620343393,True,False
NY.GDP.PCAP.KD,GDP per capita (constant 2015 US$),economy,VNM,Vietnam,2007,1788.9485028957,True,False
NY.GDP.PCAP.KD,GDP per capita (constant 2015 US$),economy,VNM,Vietnam,2008,1856.00519883979,True,False
NY.GDP.PCAP.KD,GDP per capita (constant 2015 US$),economy,VNM,Vietnam,2009,1927.13427057454,True,False
NY.GDP.PCAP.KD,GDP per capita (constant 2015 US$),economy,VNM,Vietnam,2010,2027.58184375924,True,False
NY.GDP.PCAP.KD,GDP per capita (constant 2015 US$),economy,VNM,Vietnam,2011,2132.90453762087,False,False
NY.GDP.PCAP.KD,GDP per capita (constant 2015 US$),economy,VNM,Vietnam,2012,2224.11404253256,False,False
NY.GDP.PCAP.KD,GDP per capita (constant 2015 US$),economy,VNM,Vietnam,2013,2320.08431444934,False,False
NY.GDP.PCAP.KD,GDP per capita (constant 2015 US$),economy,VNM,Vietnam,2014,2439.28655744423,False,False
NY.GDP.PCAP.KD,GDP per capita (constant 2015 US$),economy,VNM,Vietnam,2015,2577.56885340113,False,False
NY.GDP.PCAP.KD,GDP per capita (constant 2015 US$),economy,VNM,Vietnam,2016,2715.57887431272,False,False
NY.GDP.PCAP.KD,GDP per capita (constant 2015 US$),economy,VNM,Vietnam,2017,2868.13680013379,False,False
NY.GDP.PCAP.KD,GDP per capita (constant 2015 US$),economy,VNM,Vietnam,2018,3048.28327602145,False,False
NY.GDP.PCAP.KD,GDP per capita (constant 2015 US$),economy,VNM,Vietnam,2019,3241.07648966529,False,False
NY.GDP.PCAP.KD,GDP per capita (constant 2015 US$),economy,VNM,Vietnam,2020,3303.16949807493,False,False
NY.GDP.PCAP.KD,GDP per capita (constant 2015 US$),economy,VNM,Vietnam,2021,3358.21734764714,False,False
NY.GDP.PCAP.KD,GDP per capita (constant 2015 US$),economy,VNM,Vietnam,2022,3617.66311280437,False,False
NY.GDP.PCAP.KD,GDP per capita (constant 2015 US$),economy,VNM,Vietnam,2023,3772.36029116103,False,False
NY.GDP.PCAP.KD,GDP per capita (constant 2015 US$),economy,VNM,Vietnam,2024,4012.50779921084,False,False
SE.SEC.ENRR,Secondary school enrollment (% gross),human_development,BGD,Bangladesh,2000,46.7210006713867,True,False
SE.SEC.ENRR,Secondary school enrollment (% gross),human_development,BGD,Bangladesh,2001,48.4609718322754,True,False
SE.SEC.ENRR,Secondary school enrollment (% gross),human_development,BGD,Bangladesh,2002,49.6199493408203,True,False
SE.SEC.ENRR,Secondary school enrollment (% gross),human_development,BGD,Bangladesh,2003,49.5259017944336,True,False
SE.SEC.ENRR,Secondary school enrollment (% gross),human_development,BGD,Bangladesh,2004,46.3084297180176,True,False
SE.SEC.ENRR,Secondary school enrollment (% gross),human_development,BGD,Bangladesh,2005,45.1695098876953,True,False
SE.SEC.ENRR,Secondary school enrollment (% gross),human_development,BGD,Bangladesh,2006,45.7007904052734,True,False
SE.SEC.ENRR,Secondary school enrollment (% gross),human_development,BGD,Bangladesh,2007,46.4658813476562,True,False
SE.SEC.ENRR,Secondary school enrollment (% gross),human_development,BGD,Bangladesh,2008,44.5729598999023,True,False
SE.SEC.ENRR,Secondary school enrollment (% gross),human_development,BGD,Bangladesh,2009,48.1255798339844,True,False
SE.SEC.ENRR,Secondary school enrollment (% gross),human_development,BGD,Bangladesh,2010,49.5031106793162,True,False
SE.SEC.ENRR,Secondary school enrollment (% gross),human_development,BGD,Bangladesh,2011,49.7515496494472,False,False
SE.SEC.ENRR,Secondary school enrollment (% gross),human_development,BGD,Bangladesh,2012,51.6718482971191,False,False
SE.SEC.ENRR,Secondary school enrollment (% gross),human_development,BGD,Bangladesh,2013,55.6214332189314,False,False
SE.SEC.ENRR,Secondary school enrollment (% gross),human_development,BGD,Bangladesh,2014,57.52158735226355,False,True
SE.SEC.ENRR,Secondary school enrollment (% gross),human_development,BGD,Bangladesh,2015,59.4217414855957,False,False
SE.SEC.ENRR,Secondary school enrollment (% gross),human_development,BGD,Bangladesh,2016,64.1664546117285,False,False
SE.SEC.ENRR,Secondary school enrollment (% gross),human_development,BGD,Bangladesh,2017,62.3408639225315,False,False
SE.SEC.ENRR,Secondary school enrollment (% gross),human_development,BGD,Bangladesh,2018,65.2714888764112,False,False
SE.SEC.ENRR,Secondary school enrollment (% gross),human_development,BGD,Bangladesh,2019,65.1185413488915,False,False
SE.SEC.ENRR,Secondary school enrollment (% gross),human_development,BGD,Bangladesh,2020,66.4329548486639,False,False
SE.SEC.ENRR,Secondary school enrollment (% gross),human_development,BGD,Bangladesh,2021,66.8282318620991,False,False
SE.SEC.ENRR,Secondary school enrollment (% gross),human_development,BGD,Bangladesh,2022,67.0384586440383,False,False
SE.SEC.ENRR,Secondary school enrollment (% gross),human_development,BGD,Bangladesh,2023,65.9856598598849,False,False
SE.SEC.ENRR,Secondary school enrollment (% gross),human_development,BGD,Bangladesh,2024,64.2997191043961,False,False
SE.SEC.ENRR,Secondary school enrollment (% gross),human_development,IDN,Indonesia,2000,55.5976295471191,True,False
SE.SEC.ENRR,Secondary school enrollment (% gross),human_development,IDN,Indonesia,2001,56.2273216247559,True,False
SE.SEC.ENRR,Secondary school enrollment (% gross),human_development,IDN,Indonesia,2002,57.646598815918,True,False
SE.SEC.ENRR,Secondary school enrollment (% gross),human_development,IDN,Indonesia,2003,60.7244682312012,True,False
SE.SEC.ENRR,Secondary school enrollment (% gross),human_development,IDN,Indonesia,2004,62.9758682250977,True,False
SE.SEC.ENRR,Secondary school enrollment (% gross),human_development,IDN,Indonesia,2005,61.6382789611816,True,False
SE.SEC.ENRR,Secondary school enrollment (% gross),human_development,IDN,Indonesia,2006,64.6422119140625,True,False
SE.SEC.ENRR,Secondary school enrollment (% gross),human_development,IDN,Indonesia,2007,71.8545074462891,True,False
SE.SEC.ENRR,Secondary school enrollment (% gross),human_development,IDN,Indonesia,2008,70.1684417724609,True,False
SE.SEC.ENRR,Secondary school enrollment (% gross),human_development,IDN,Indonesia,2009,74.5035934448242,True,False
SE.SEC.ENRR,Secondary school enrollment (% gross),human_development,IDN,Indonesia,2010,75.6519088745117,True,False
SE.SEC.ENRR,Secondary school enrollment (% gross),human_development,IDN,Indonesia,2011,78.1330718994141,False,False
SE.SEC.ENRR,Secondary school enrollment (% gross),human_development,IDN,Indonesia,2012,80.0926818847656,False,False
SE.SEC.ENRR,Secondary school enrollment (% gross),human_development,IDN,Indonesia,2013,81.8896974781343,False,False
SE.SEC.ENRR,Secondary school enrollment (% gross),human_development,IDN,Indonesia,2014,83.5559949258569,False,False
SE.SEC.ENRR,Secondary school enrollment (% gross),human_development,IDN,Indonesia,2015,87.8423207929976,False,False
SE.SEC.ENRR,Secondary school enrollment (% gross),human_development,IDN,Indonesia,2016,87.8191791728036,False,False
SE.SEC.ENRR,Secondary school enrollment (% gross),human_development,IDN,Indonesia,2017,90.9455391241064,False,False
SE.SEC.ENRR,Secondary school enrollment (% gross),human_development,IDN,Indonesia,2018,92.8120739600443,False,False
SE.SEC.ENRR,Secondary school enrollment (% gross),human_development,IDN,Indonesia,2019,94.9467044891028,False,False
SE.SEC.ENRR,Secondary school enrollment (% gross),human_development,IDN,Indonesia,2020,96.9345779132931,False,False
SE.SEC.ENRR,Secondary school enrollment (% gross),human_development,IDN,Indonesia,2021,97.8441479813619,False,False
SE.SEC.ENRR,Secondary school enrollment (% gross),human_development,IDN,Indonesia,2022,97.8167602714893,False,False
SE.SEC.ENRR,Secondary school enrollment (% gross),human_development,IDN,Indonesia,2023,96.0002120295081,False,False
SE.SEC.ENRR,Secondary school enrollment (% gross),human_development,IDN,Indonesia,2024,98.836444459078,False,False
SE.SEC.ENRR,Secondary school enrollment (% gross),human_development,KHM,Cambodia,2000,18.1284408569336,True,False
SE.SEC.ENRR,Secondary school enrollment (% gross),human_development,KHM,Cambodia,2001,20.176570892334,True,False
SE.SEC.ENRR,Secondary school enrollment (% gross),human_development,KHM,Cambodia,2002,23.8959407806396,True,False
SE.SEC.ENRR,Secondary school enrollment (% gross),human_development,KHM,Cambodia,2003,27.8392200469971,True,False
SE.SEC.ENRR,Secondary school enrollment (% gross),human_development,KHM,Cambodia,2004,30.9775104522705,True,False
SE.SEC.ENRR,Secondary school enrollment (% gross),human_development,KHM,Cambodia,2005,35.0605249404907,True,True
SE.SEC.ENRR,Secondary school enrollment (% gross),human_development,KHM,Cambodia,2006,39.1435394287109,True,False
SE.SEC.ENRR,Secondary school enrollment (% gross),human_development,KHM,Cambodia,2007,41.7365608215332,True,False
SE.SEC.ENRR,Secondary school enrollment (% gross),human_development,KHM,Cambodia,2008,44.2504997253418,True,False
SE.SEC.ENRR,Secondary school enrollment (% gross),human_development,KHM,Cambodia,2009,44.77182707483013,True,True
SE.SEC.ENRR,Secondary school enrollment (% gross),human_development,KHM,Cambodia,2010,45.293154424318466,True,True
SE.SEC.ENRR,Secondary school enrollment (% gross),human_development,KHM,Cambodia,2011,45.8144817738068,False,True
SE.SEC.ENRR,Secondary school enrollment (% gross),human_development,KHM,Cambodia,2012,46.33580912329513,False,True
SE.SEC.ENRR,Secondary school enrollment (% gross),human_development,KHM,Cambodia,2013,46.857136472783466,False,True
SE.SEC.ENRR,Secondary school enrollment (% gross),human_development,KHM,Cambodia,2014,47.3784638222718,False,True
SE.SEC.ENRR,Secondary school enrollment (% gross),human_development,KHM,Cambodia,2015,47.89979117176013,False,True
SE.SEC.ENRR,Secondary school enrollment (% gross),human_development,KHM,Cambodia,2016,48.42111852124847,False,True
SE.SEC.ENRR,Secondary school enrollment (% gross),human_development,KHM,Cambodia,2017,48.9424458707368,False,False
SE.SEC.ENRR,Secondary school enrollment (% gross),human_development,KHM,Cambodia,2018,50.199099715459,False,False
SE.SEC.ENRR,Secondary school enrollment (% gross),human_development,KHM,Cambodia,2019,49.7344518908574,False,False
SE.SEC.ENRR,Secondary school enrollment (% gross),human_development,KHM,Cambodia,2020,51.8196983337402,False,False
SE.SEC.ENRR,Secondary school enrollment (% gross),human_development,KHM,Cambodia,2021,54.2809323078227,False,False
SE.SEC.ENRR,Secondary school enrollment (% gross),human_development,KHM,Cambodia,2022,55.1346812645406,False,False
SE.SEC.ENRR,Secondary school enrollment (% gross),human_development,KHM,Cambodia,2023,56.7864734981041,False,False
SE.SEC.ENRR,Secondary school enrollment (% gross),human_development,KHM,Cambodia,2024,58.7893230437643,False,False
SE.SEC.ENRR,Secondary school enrollment (% gross),human_development,LAO,Lao PDR,2000,33.2670707702637,True,False
SE.SEC.ENRR,Secondary school enrollment (% gross),human_development,LAO,Lao PDR,2001,35.1896514892578,True,False
SE.SEC.ENRR,Secondary school enrollment (% gross),human_development,LAO,Lao PDR,2002,37.9458808898926,True,False
SE.SEC.ENRR,Secondary school enrollment (% gross),human_development,LAO,Lao PDR,2003,40.6808013916016,True,False
SE.SEC.ENRR,Secondary school enrollment (% gross),human_development,LAO,Lao PDR,2004,42.5078582763672,True,False
SE.SEC.ENRR,Secondary school enrollment (% gross),human_development,LAO,Lao PDR,2005,42.9863014221191,True,False
SE.SEC.ENRR,Secondary school enrollment (% gross),human_development,LAO,Lao PDR,2006,42.2330513000488,True,False
SE.SEC.ENRR,Secondary school enrollment (% gross),human_development,LAO,Lao PDR,2007,43.0343399047852,True,False
SE.SEC.ENRR,Secondary school enrollment (% gross),human_development,LAO,Lao PDR,2008,44.126880645752,True,False
SE.SEC.ENRR,Secondary school enrollment (% gross),human_development,LAO,Lao PDR,2009,45.6930198669434,True,False
SE.SEC.ENRR,Secondary school enrollment (% gross),human_development,LAO,Lao PDR,2010,47.3594398498535,True,False
SE.SEC.ENRR,Secondary school enrollment (% gross),human_development,LAO,Lao PDR,2011,46.3030907447649,False,False
SE.SEC.ENRR,Secondary school enrollment (% gross),human_development,LAO,Lao PDR,2012,49.0350189208984,False,False
SE.SEC.ENRR,Secondary school enrollment (% gross),human_development,LAO,Lao PDR,2013,52.6759359354755,False,False
SE.SEC.ENRR,Secondary school enrollment (% gross),human_development,LAO,Lao PDR,2014,58.0247383117676,False,False
SE.SEC.ENRR,Secondary school enrollment (% gross),human_development,LAO,Lao PDR,2015,62.2967936554274,False,False
SE.SEC.ENRR,Secondary school enrollment (% gross),human_development,LAO,Lao PDR,2016,64.7630026961054,False,False
SE.SEC.ENRR,Secondary school enrollment (% gross),human_development,LAO,Lao PDR,2017,66.0411073482017,False,False
SE.SEC.ENRR,Secondary school enrollment (% gross),human_development,LAO,Lao PDR,2018,66.1528570578416,False,False
SE.SEC.ENRR,Secondary school enrollment (% gross),human_development,LAO,Lao PDR,2019,64.986385458831,False,False
SE.SEC.ENRR,Secondary school enrollment (% gross),human_development,LAO,Lao PDR,2020,62.4493058083911,False,False
SE.SEC.ENRR,Secondary school enrollment (% gross),human_development,LAO,Lao PDR,2021,59.8530595325837,False,False
SE.SEC.ENRR,Secondary school enrollment (% gross),human_development,LAO,Lao PDR,2022,56.8782044614964,False,False
SE.SEC.ENRR,Secondary school enrollment (% gross),human_development,LAO,Lao PDR,2023,54.4330611689851,False,False
SE.SEC.ENRR,Secondary school enrollment (% gross),human_development,LAO,Lao PDR,2024,51.8523602531839,False,False
SE.SEC.ENRR,Secondary school enrollment (% gross),human_development,MMR,Myanmar,2000,39.3193206787109,True,False
SE.SEC.ENRR,Secondary school enrollment (% gross),human_development,MMR,Myanmar,2001,40.303840637207,True,False
SE.SEC.ENRR,Secondary school enrollment (% gross),human_development,MMR,Myanmar,2002,41.8484497070312,True,False
SE.SEC.ENRR,Secondary school enrollment (% gross),human_development,MMR,Myanmar,2003,42.1795806884766,True,False
SE.SEC.ENRR,Secondary school enrollment (% gross),human_development,MMR,Myanmar,2004,45.0282783508301,True,False
SE.SEC.ENRR,Secondary school enrollment (% gross),human_development,MMR,Myanmar,2005,45.6932487487793,True,False
SE.SEC.ENRR,Secondary school enrollment (% gross),human_development,MMR,Myanmar,2006,47.5437698364258,True,False
SE.SEC.ENRR,Secondary school enrollment (% gross),human_development,MMR,Myanmar,2007,47.3708114624023,True,False
SE.SEC.ENRR,Secondary school enrollment (% gross),human_development,MMR,Myanmar,2008,49.9790115356445,True,False
SE.SEC.ENRR,Secondary school enrollment (% gross),human_development,MMR,Myanmar,2009,49.9621315002441,True,False
SE.SEC.ENRR,Secondary school enrollment (% gross),human_development,MMR,Myanmar,2010,50.8663902282715,True,False
SE.SEC.ENRR,Secondary school enrollment (% gross),human_development,MMR,Myanmar,2011,52.429255485534675,False,True
SE.SEC.ENRR,Secondary school enrollment (% gross),human_development,MMR,Myanmar,2012,53.99212074279785,False,True
SE.SEC.ENRR,Secondary school enrollment (% gross),human_development,MMR,Myanmar,2013,55.55498600006102,False,True
SE.SEC.ENRR,Secondary school enrollment (% gross),human_development,MMR,Myanmar,2014,57.1178512573242,False,False
SE.SEC.ENRR,Secondary school enrollment (% gross),human_development,MMR,Myanmar,2015,62.43835067749019,False,True
SE.SEC.ENRR,Secondary school enrollment (% gross),human_development,MMR,Myanmar,2016,67.7588500976562,False,False
SE.SEC.ENRR,Secondary school enrollment (% gross),human_development,MMR,Myanmar,2017,72.3457412719727,False,False
SE.SEC.ENRR,Secondary school enrollment (% gross),human_development,MMR,Myanmar,2018,77.0191497802734,False,False
SE.SEC.ENRR,Secondary school enrollment (% gross),human_development,MMR,Myanmar,2019,,False,False
SE.SEC.ENRR,Secondary school enrollment (% gross),human_development,MMR,Myanmar,2020,,False,False
SE.SEC.ENRR,Secondary school enrollment (% gross),human_development,MMR,Myanmar,2021,,False,False
SE.SEC.ENRR,Secondary school enrollment (% gross),human_development,MMR,Myanmar,2022,,False,False
SE.SEC.ENRR,Secondary school enrollment (% gross),human_development,MMR,Myanmar,2023,,False,False
SE.SEC.ENRR,Secondary school enrollment (% gross),human_development,MMR,Myanmar,2024,,False,False
SE.SEC.ENRR,Secondary school enrollment (% gross),human_development,NPL,Nepal,2000,34.4201507568359,True,False
SE.SEC.ENRR,Secondary school enrollment (% gross),human_development,NPL,Nepal,2001,37.3896903991699,True,False
SE.SEC.ENRR,Secondary school enrollment (% gross),human_development,NPL,Nepal,2002,41.0556297302246,True,False
SE.SEC.ENRR,Secondary school enrollment (% gross),human_development,NPL,Nepal,2003,42.0749092102051,True,False
SE.SEC.ENRR,Secondary school enrollment (% gross),human_development,NPL,Nepal,2004,43.586555480957045,True,True
SE.SEC.ENRR,Secondary school enrollment (% gross),human_development,NPL,Nepal,2005,45.098201751709,True,False
SE.SEC.ENRR,Secondary school enrollment (% gross),human_development,NPL,Nepal,2006,42.5181617736816,True,False
SE.SEC.ENRR,Secondary school enrollment (% gross),human_development,NPL,Nepal,2007,42.0970306396484,True,False
SE.SEC.ENRR,Secondary school enrollment (% gross),human_development,NPL,Nepal,2008,48.0189094543457,True,False
SE.SEC.ENRR,Secondary school enrollment (% gross),human_development,NPL,Nepal,2009,49.2625999450684,True,False
SE.SEC.ENRR,Secondary school enrollment (% gross),human_development,NPL,Nepal,2010,55.5892906188965,True,False
SE.SEC.ENRR,Secondary school enrollment (% gross),human_development,NPL,Nepal,2011,58.9935111999512,False,False
SE.SEC.ENRR,Secondary school enrollment (% gross),human_development,NPL,Nepal,2012,63.1414794921875,False,False
SE.SEC.ENRR,Secondary school enrollment (% gross),human_development,NPL,Nepal,2013,65.4935302734375,False,False
SE.SEC.ENRR,Secondary school enrollment (% gross),human_development,NPL,Nepal,2014,67.5318298339844,False,False
SE.SEC.ENRR,Secondary school enrollment (% gross),human_development,NPL,Nepal,2015,68.6131210327148,False,False
SE.SEC.ENRR,Secondary school enrollment (% gross),human_development,NPL,Nepal,2016,71.7744979858398,False,False
SE.SEC.ENRR,Secondary school enrollment (% gross),human_development,NPL,Nepal,2017,74.4113311767578,False,False
SE.SEC.ENRR,Secondary school enrollment (% gross),human_development,NPL,Nepal,2018,77.3456916809082,False,True
SE.SEC.ENRR,Secondary school enrollment (% gross),human_development,NPL,Nepal,2019,80.2800521850586,False,False
SE.SEC.ENRR,Secondary school enrollment (% gross),human_development,NPL,Nepal,2020,85.3101577758789,False,False
SE.SEC.ENRR,Secondary school enrollment (% gross),human_development,NPL,Nepal,2021,83.9220209713597,False,False
SE.SEC.ENRR,Secondary school enrollment (% gross),human_development,NPL,Nepal,2022,84.1026475876285,False,False
SE.SEC.ENRR,Secondary school enrollment (% gross),human_development,NPL,Nepal,2023,89.8898815141438,False,False
SE.SEC.ENRR,Secondary school enrollment (% gross),human_development,NPL,Nepal,2024,90.3878462155916,False,False
SE.SEC.ENRR,Secondary school enrollment (% gross),human_development,VNM,Vietnam,2000,,True,False
SE.SEC.ENRR,Secondary school enrollment (% gross),human_development,VNM,Vietnam,2001,,True,False
SE.SEC.ENRR,Secondary school enrollment (% gross),human_development,VNM,Vietnam,2002,,True,False
SE.SEC.ENRR,Secondary school enrollment (% gross),human_development,VNM,Vietnam,2003,,True,False
SE.SEC.ENRR,Secondary school enrollment (% gross),human_development,VNM,Vietnam,2004,,True,False
SE.SEC.ENRR,Secondary school enrollment (% gross),human_development,VNM,Vietnam,2005,,True,False
SE.SEC.ENRR,Secondary school enrollment (% gross),human_development,VNM,Vietnam,2006,,True,False
SE.SEC.ENRR,Secondary school enrollment (% gross),human_development,VNM,Vietnam,2007,,True,False
SE.SEC.ENRR,Secondary school enrollment (% gross),human_development,VNM,Vietnam,2008,,True,False
SE.SEC.ENRR,Secondary school enrollment (% gross),human_development,VNM,Vietnam,2009,,True,False
SE.SEC.ENRR,Secondary school enrollment (% gross),human_development,VNM,Vietnam,2010,,True,False
SE.SEC.ENRR,Secondary school enrollment (% gross),human_development,VNM,Vietnam,2011,,False,False
SE.SEC.ENRR,Secondary school enrollment (% gross),human_development,VNM,Vietnam,2012,,False,False
SE.SEC.ENRR,Secondary school enrollment (% gross),human_development,VNM,Vietnam,2013,,False,False
SE.SEC.ENRR,Secondary school enrollment (% gross),human_development,VNM,Vietnam,2014,,False,False
SE.SEC.ENRR,Secondary school enrollment (% gross),human_development,VNM,Vietnam,2015,89.4548341262217,False,False
SE.SEC.ENRR,Secondary school enrollment (% gross),human_development,VNM,Vietnam,2016,90.1583347107672,False,False
SE.SEC.ENRR,Secondary school enrollment (% gross),human_development,VNM,Vietnam,2017,91.0725198149335,False,False
SE.SEC.ENRR,Secondary school enrollment (% gross),human_development,VNM,Vietnam,2018,92.8377710790826,False,False
SE.SEC.ENRR,Secondary school enrollment (% gross),human_development,VNM,Vietnam,2019,94.654621676317,False,False
SE.SEC.ENRR,Secondary school enrollment (% gross),human_development,VNM,Vietnam,2020,93.1921389514105,False,False
SE.SEC.ENRR,Secondary school enrollment (% gross),human_development,VNM,Vietnam,2021,92.7690209240401,False,False
SE.SEC.ENRR,Secondary school enrollment (% gross),human_development,VNM,Vietnam,2022,93.4123434096522,False,False
SE.SEC.ENRR,Secondary school enrollment (% gross),human_development,VNM,Vietnam,2023,,False,False
SE.SEC.ENRR,Secondary school enrollment (% gross),human_development,VNM,Vietnam,2024,,False,False
SH.DYN.MORT,"Under-5 mortality (per 1,000 live births)",human_development,BGD,Bangladesh,2000,85.5,True,False
SH.DYN.MORT,"Under-5 mortality (per 1,000 live births)",human_development,BGD,Bangladesh,2001,80.2,True,False
SH.DYN.MORT,"Under-5 mortality (per 1,000 live births)",human_development,BGD,Bangladesh,2002,75.3,True,False
SH.DYN.MORT,"Under-5 mortality (per 1,000 live births)",human_development,BGD,Bangladesh,2003,70.8,True,False
SH.DYN.MORT,"Under-5 mortality (per 1,000 live births)",human_development,BGD,Bangladesh,2004,66.8,True,False
SH.DYN.MORT,"Under-5 mortality (per 1,000 live births)",human_development,BGD,Bangladesh,2005,63.0,True,False
SH.DYN.MORT,"Under-5 mortality (per 1,000 live births)",human_development,BGD,Bangladesh,2006,59.6,True,False
SH.DYN.MORT,"Under-5 mortality (per 1,000 live births)",human_development,BGD,Bangladesh,2007,56.5,True,False
SH.DYN.MORT,"Under-5 mortality (per 1,000 live births)",human_development,BGD,Bangladesh,2008,53.6,True,False
SH.DYN.MORT,"Under-5 mortality (per 1,000 live births)",human_development,BGD,Bangladesh,2009,51.1,True,False
SH.DYN.MORT,"Under-5 mortality (per 1,000 live births)",human_development,BGD,Bangladesh,2010,48.7,True,False
SH.DYN.MORT,"Under-5 mortality (per 1,000 live births)",human_development,BGD,Bangladesh,2011,46.5,False,False
SH.DYN.MORT,"Under-5 mortality (per 1,000 live births)",human_development,BGD,Bangladesh,2012,44.4,False,False
SH.DYN.MORT,"Under-5 mortality (per 1,000 live births)",human_development,BGD,Bangladesh,2013,42.4,False,False
SH.DYN.MORT,"Under-5 mortality (per 1,000 live births)",human_development,BGD,Bangladesh,2014,40.5,False,False
SH.DYN.MORT,"Under-5 mortality (per 1,000 live births)",human_development,BGD,Bangladesh,2015,38.5,False,False
SH.DYN.MORT,"Under-5 mortality (per 1,000 live births)",human_development,BGD,Bangladesh,2016,36.7,False,False
SH.DYN.MORT,"Under-5 mortality (per 1,000 live births)",human_development,BGD,Bangladesh,2017,35.0,False,False
SH.DYN.MORT,"Under-5 mortality (per 1,000 live births)",human_development,BGD,Bangladesh,2018,33.5,False,False
SH.DYN.MORT,"Under-5 mortality (per 1,000 live births)",human_development,BGD,Bangladesh,2019,32.3,False,False
SH.DYN.MORT,"Under-5 mortality (per 1,000 live births)",human_development,BGD,Bangladesh,2020,31.4,False,False
SH.DYN.MORT,"Under-5 mortality (per 1,000 live births)",human_development,BGD,Bangladesh,2021,30.9,False,False
SH.DYN.MORT,"Under-5 mortality (per 1,000 live births)",human_development,BGD,Bangladesh,2022,30.7,False,False
SH.DYN.MORT,"Under-5 mortality (per 1,000 live births)",human_development,BGD,Bangladesh,2023,30.6,False,False
SH.DYN.MORT,"Under-5 mortality (per 1,000 live births)",human_development,BGD,Bangladesh,2024,30.5,False,False
SH.DYN.MORT,"Under-5 mortality (per 1,000 live births)",human_development,IDN,Indonesia,2000,51.4,True,False
SH.DYN.MORT,"Under-5 mortality (per 1,000 live births)",human_development,IDN,Indonesia,2001,49.0,True,False
SH.DYN.MORT,"Under-5 mortality (per 1,000 live births)",human_development,IDN,Indonesia,2002,46.7,True,False
SH.DYN.MORT,"Under-5 mortality (per 1,000 live births)",human_development,IDN,Indonesia,2003,44.6,True,False
SH.DYN.MORT,"Under-5 mortality (per 1,000 live births)",human_development,IDN,Indonesia,2004,48.6,True,False
SH.DYN.MORT,"Under-5 mortality (per 1,000 live births)",human_development,IDN,Indonesia,2005,40.7,True,False
SH.DYN.MORT,"Under-5 mortality (per 1,000 live births)",human_development,IDN,Indonesia,2006,38.9,True,False
SH.DYN.MORT,"Under-5 mortality (per 1,000 live births)",human_development,IDN,Indonesia,2007,37.2,True,False
SH.DYN.MORT,"Under-5 mortality (per 1,000 live births)",human_development,IDN,Indonesia,2008,35.6,True,False
SH.DYN.MORT,"Under-5 mortality (per 1,000 live births)",human_development,IDN,Indonesia,2009,34.1,True,False
SH.DYN.MORT,"Under-5 mortality (per 1,000 live births)",human_development,IDN,Indonesia,2010,32.6,True,False
SH.DYN.MORT,"Under-5 mortality (per 1,000 live births)",human_development,IDN,Indonesia,2011,31.2,False,False
SH.DYN.MORT,"Under-5 mortality (per 1,000 live births)",human_development,IDN,Indonesia,2012,29.9,False,False
SH.DYN.MORT,"Under-5 mortality (per 1,000 live births)",human_development,IDN,Indonesia,2013,28.6,False,False
SH.DYN.MORT,"Under-5 mortality (per 1,000 live births)",human_development,IDN,Indonesia,2014,27.3,False,False
SH.DYN.MORT,"Under-5 mortality (per 1,000 live births)",human_development,IDN,Indonesia,2015,26.1,False,False
SH.DYN.MORT,"Under-5 mortality (per 1,000 live births)",human_development,IDN,Indonesia,2016,25.0,False,False
SH.DYN.MORT,"Under-5 mortality (per 1,000 live births)",human_development,IDN,Indonesia,2017,23.8,False,False
SH.DYN.MORT,"Under-5 mortality (per 1,000 live births)",human_development,IDN,Indonesia,2018,22.8,False,False
SH.DYN.MORT,"Under-5 mortality (per 1,000 live births)",human_development,IDN,Indonesia,2019,21.8,False,False
SH.DYN.MORT,"Under-5 mortality (per 1,000 live births)",human_development,IDN,Indonesia,2020,20.8,False,False
SH.DYN.MORT,"Under-5 mortality (per 1,000 live births)",human_development,IDN,Indonesia,2021,19.9,False,False
SH.DYN.MORT,"Under-5 mortality (per 1,000 live births)",human_development,IDN,Indonesia,2022,19.1,False,False
SH.DYN.MORT,"Under-5 mortality (per 1,000 live births)",human_development,IDN,Indonesia,2023,18.4,False,False
SH.DYN.MORT,"Under-5 mortality (per 1,000 live births)",human_development,IDN,Indonesia,2024,17.7,False,False
SH.DYN.MORT,"Under-5 mortality (per 1,000 live births)",human_development,KHM,Cambodia,2000,105.2,True,False
SH.DYN.MORT,"Under-5 mortality (per 1,000 live births)",human_development,KHM,Cambodia,2001,96.0,True,False
SH.DYN.MORT,"Under-5 mortality (per 1,000 live births)",human_development,KHM,Cambodia,2002,86.2,True,False
SH.DYN.MORT,"Under-5 mortality (per 1,000 live births)",human_development,KHM,Cambodia,2003,77.5,True,False
SH.DYN.MORT,"Under-5 mortality (per 1,000 live births)",human_development,KHM,Cambodia,2004,70.4,True,False
SH.DYN.MORT,"Under-5 mortality (per 1,000 live births)",human_development,KHM,Cambodia,2005,64.4,True,False
SH.DYN.MORT,"Under-5 mortality (per 1,000 live births)",human_development,KHM,Cambodia,2006,59.3,True,False
SH.DYN.MORT,"Under-5 mortality (per 1,000 live births)",human_development,KHM,Cambodia,2007,54.9,True,False
SH.DYN.MORT,"Under-5 mortality (per 1,000 live births)",human_development,KHM,Cambodia,2008,50.8,True,False
SH.DYN.MORT,"Under-5 mortality (per 1,000 live births)",human_development,KHM,Cambodia,2009,47.0,True,False
SH.DYN.MORT,"Under-5 mortality (per 1,000 live births)",human_development,KHM,Cambodia,2010,43.5,True,False
SH.DYN.MORT,"Under-5 mortality (per 1,000 live births)",human_development,KHM,Cambodia,2011,40.3,False,False
SH.DYN.MORT,"Under-5 mortality (per 1,000 live births)",human_development,KHM,Cambodia,2012,37.2,False,False
SH.DYN.MORT,"Under-5 mortality (per 1,000 live births)",human_development,KHM,Cambodia,2013,34.5,False,False
SH.DYN.MORT,"Under-5 mortality (per 1,000 live births)",human_development,KHM,Cambodia,2014,32.0,False,False
SH.DYN.MORT,"Under-5 mortality (per 1,000 live births)",human_development,KHM,Cambodia,2015,29.6,False,False
SH.DYN.MORT,"Under-5 mortality (per 1,000 live births)",human_development,KHM,Cambodia,2016,27.5,False,False
SH.DYN.MORT,"Under-5 mortality (per 1,000 live births)",human_development,KHM,Cambodia,2017,25.6,False,False
SH.DYN.MORT,"Under-5 mortality (per 1,000 live births)",human_development,KHM,Cambodia,2018,24.1,False,False
SH.DYN.MORT,"Under-5 mortality (per 1,000 live births)",human_development,KHM,Cambodia,2019,22.8,False,False
SH.DYN.MORT,"Under-5 mortality (per 1,000 live births)",human_development,KHM,Cambodia,2020,21.8,False,False
SH.DYN.MORT,"Under-5 mortality (per 1,000 live births)",human_development,KHM,Cambodia,2021,20.8,False,False
SH.DYN.MORT,"Under-5 mortality (per 1,000 live births)",human_development,KHM,Cambodia,2022,19.9,False,False
SH.DYN.MORT,"Under-5 mortality (per 1,000 live births)",human_development,KHM,Cambodia,2023,19.1,False,False
SH.DYN.MORT,"Under-5 mortality (per 1,000 live births)",human_development,KHM,Cambodia,2024,18.4,False,False
SH.DYN.MORT,"Under-5 mortality (per 1,000 live births)",human_development,LAO,Lao PDR,2000,100.1,True,False
SH.DYN.MORT,"Under-5 mortality (per 1,000 live births)",human_development,LAO,Lao PDR,2001,95.6,True,False
SH.DYN.MORT,"Under-5 mortality (per 1,000 live births)",human_development,LAO,Lao PDR,2002,91.1,True,False
SH.DYN.MORT,"Under-5 mortality (per 1,000 live births)",human_development,LAO,Lao PDR,2003,86.6,True,False
SH.DYN.MORT,"Under-5 mortality (per 1,000 live births)",human_development,LAO,Lao PDR,2004,82.1,True,False
SH.DYN.MORT,"Under-5 mortality (per 1,000 live births)",human_development,LAO,Lao PDR,2005,77.7,True,False
SH.DYN.MORT,"Under-5 mortality (per 1,000 live births)",human_development,LAO,Lao PDR,2006,73.5,True,False
SH.DYN.MORT,"Under-5 mortality (per 1,000 live births)",human_development,LAO,Lao PDR,2007,69.5,True,False
SH.DYN.MORT,"Under-5 mortality (per 1,000 live births)",human_development,LAO,Lao PDR,2008,65.5,True,False
SH.DYN.MORT,"Under-5 mortality (per 1,000 live births)",human_development,LAO,Lao PDR,2009,61.8,True,False
SH.DYN.MORT,"Under-5 mortality (per 1,000 live births)",human_development,LAO,Lao PDR,2010,58.4,True,False
SH.DYN.MORT,"Under-5 mortality (per 1,000 live births)",human_development,LAO,Lao PDR,2011,55.1,False,False
SH.DYN.MORT,"Under-5 mortality (per 1,000 live births)",human_development,LAO,Lao PDR,2012,52.1,False,False
SH.DYN.MORT,"Under-5 mortality (per 1,000 live births)",human_development,LAO,Lao PDR,2013,49.4,False,False
SH.DYN.MORT,"Under-5 mortality (per 1,000 live births)",human_development,LAO,Lao PDR,2014,46.8,False,False
SH.DYN.MORT,"Under-5 mortality (per 1,000 live births)",human_development,LAO,Lao PDR,2015,44.4,False,False
SH.DYN.MORT,"Under-5 mortality (per 1,000 live births)",human_development,LAO,Lao PDR,2016,42.2,False,False
SH.DYN.MORT,"Under-5 mortality (per 1,000 live births)",human_development,LAO,Lao PDR,2017,40.2,False,False
SH.DYN.MORT,"Under-5 mortality (per 1,000 live births)",human_development,LAO,Lao PDR,2018,38.3,False,False
SH.DYN.MORT,"Under-5 mortality (per 1,000 live births)",human_development,LAO,Lao PDR,2019,36.5,False,False
SH.DYN.MORT,"Under-5 mortality (per 1,000 live births)",human_development,LAO,Lao PDR,2020,34.8,False,False
SH.DYN.MORT,"Under-5 mortality (per 1,000 live births)",human_development,LAO,Lao PDR,2021,33.2,False,False
SH.DYN.MORT,"Under-5 mortality (per 1,000 live births)",human_development,LAO,Lao PDR,2022,31.8,False,False
SH.DYN.MORT,"Under-5 mortality (per 1,000 live births)",human_development,LAO,Lao PDR,2023,30.5,False,False
SH.DYN.MORT,"Under-5 mortality (per 1,000 live births)",human_development,LAO,Lao PDR,2024,29.4,False,False
SH.DYN.MORT,"Under-5 mortality (per 1,000 live births)",human_development,MMR,Myanmar,2000,88.9,True,False
SH.DYN.MORT,"Under-5 mortality (per 1,000 live births)",human_development,MMR,Myanmar,2001,86.5,True,False
SH.DYN.MORT,"Under-5 mortality (per 1,000 live births)",human_development,MMR,Myanmar,2002,84.1,True,False
SH.DYN.MORT,"Under-5 mortality (per 1,000 live births)",human_development,MMR,Myanmar,2003,81.6,True,False
SH.DYN.MORT,"Under-5 mortality (per 1,000 live births)",human_development,MMR,Myanmar,2004,79.1,True,False
SH.DYN.MORT,"Under-5 mortality (per 1,000 live births)",human_development,MMR,Myanmar,2005,76.3,True,False
SH.DYN.MORT,"Under-5 mortality (per 1,000 live births)",human_development,MMR,Myanmar,2006,73.6,True,False
SH.DYN.MORT,"Under-5 mortality (per 1,000 live births)",human_development,MMR,Myanmar,2007,70.8,True,False
SH.DYN.MORT,"Under-5 mortality (per 1,000 live births)",human_development,MMR,Myanmar,2008,101.7,True,False
SH.DYN.MORT,"Under-5 mortality (per 1,000 live births)",human_development,MMR,Myanmar,2009,65.1,True,False
SH.DYN.MORT,"Under-5 mortality (per 1,000 live births)",human_development,MMR,Myanmar,2010,62.4,True,False
SH.DYN.MORT,"Under-5 mortality (per 1,000 live births)",human_development,MMR,Myanmar,2011,59.7,False,False
SH.DYN.MORT,"Under-5 mortality (per 1,000 live births)",human_development,MMR,Myanmar,2012,57.0,False,False
SH.DYN.MORT,"Under-5 mortality (per 1,000 live births)",human_development,MMR,Myanmar,2013,54.6,False,False
SH.DYN.MORT,"Under-5 mortality (per 1,000 live births)",human_development,MMR,Myanmar,2014,52.4,False,False
SH.DYN.MORT,"Under-5 mortality (per 1,000 live births)",human_development,MMR,Myanmar,2015,50.5,False,False
SH.DYN.MORT,"Under-5 mortality (per 1,000 live births)",human_development,MMR,Myanmar,2016,48.7,False,False
SH.DYN.MORT,"Under-5 mortality (per 1,000 live births)",human_development,MMR,Myanmar,2017,46.8,False,False
SH.DYN.MORT,"Under-5 mortality (per 1,000 live births)",human_development,MMR,Myanmar,2018,45.2,False,False
SH.DYN.MORT,"Under-5 mortality (per 1,000 live births)",human_development,MMR,Myanmar,2019,43.6,False,False
SH.DYN.MORT,"Under-5 mortality (per 1,000 live births)",human_development,MMR,Myanmar,2020,42.1,False,False
SH.DYN.MORT,"Under-5 mortality (per 1,000 live births)",human_development,MMR,Myanmar,2021,40.8,False,False
SH.DYN.MORT,"Under-5 mortality (per 1,000 live births)",human_development,MMR,Myanmar,2022,39.5,False,False
SH.DYN.MORT,"Under-5 mortality (per 1,000 live births)",human_development,MMR,Myanmar,2023,38.1,False,False
SH.DYN.MORT,"Under-5 mortality (per 1,000 live births)",human_development,MMR,Myanmar,2024,36.9,False,False
SH.DYN.MORT,"Under-5 mortality (per 1,000 live births)",human_development,NPL,Nepal,2000,78.7,True,False
SH.DYN.MORT,"Under-5 mortality (per 1,000 live births)",human_development,NPL,Nepal,2001,74.3,True,False
SH.DYN.MORT,"Under-5 mortality (per 1,000 live births)",human_development,NPL,Nepal,2002,70.2,True,False
SH.DYN.MORT,"Under-5 mortality (per 1,000 live births)",human_development,NPL,Nepal,2003,66.5,True,False
SH.DYN.MORT,"Under-5 mortality (per 1,000 live births)",human_development,NPL,Nepal,2004,63.1,True,False
SH.DYN.MORT,"Under-5 mortality (per 1,000 live births)",human_development,NPL,Nepal,2005,60.0,True,False
SH.DYN.MORT,"Under-5 mortality (per 1,000 live births)",human_development,NPL,Nepal,2006,57.3,True,False
SH.DYN.MORT,"Under-5 mortality (per 1,000 live births)",human_development,NPL,Nepal,2007,54.7,True,False
SH.DYN.MORT,"Under-5 mortality (per 1,000 live births)",human_development,NPL,Nepal,2008,52.4,True,False
SH.DYN.MORT,"Under-5 mortality (per 1,000 live births)",human_development,NPL,Nepal,2009,50.1,True,False
SH.DYN.MORT,"Under-5 mortality (per 1,000 live births)",human_development,NPL,Nepal,2010,47.9,True,False
SH.DYN.MORT,"Under-5 mortality (per 1,000 live births)",human_development,NPL,Nepal,2011,45.8,False,False
SH.DYN.MORT,"Under-5 mortality (per 1,000 live births)",human_development,NPL,Nepal,2012,43.7,False,False
SH.DYN.MORT,"Under-5 mortality (per 1,000 live births)",human_development,NPL,Nepal,2013,41.7,False,False
SH.DYN.MORT,"Under-5 mortality (per 1,000 live births)",human_development,NPL,Nepal,2014,39.7,False,False
SH.DYN.MORT,"Under-5 mortality (per 1,000 live births)",human_development,NPL,Nepal,2015,37.8,False,False
SH.DYN.MORT,"Under-5 mortality (per 1,000 live births)",human_development,NPL,Nepal,2016,36.0,False,False
SH.DYN.MORT,"Under-5 mortality (per 1,000 live births)",human_development,NPL,Nepal,2017,34.2,False,False
SH.DYN.MORT,"Under-5 mortality (per 1,000 live births)",human_development,NPL,Nepal,2018,32.6,False,False
SH.DYN.MORT,"Under-5 mortality (per 1,000 live births)",human_development,NPL,Nepal,2019,31.0,False,False
SH.DYN.MORT,"Under-5 mortality (per 1,000 live births)",human_development,NPL,Nepal,2020,29.6,False,False
SH.DYN.MORT,"Under-5 mortality (per 1,000 live births)",human_development,NPL,Nepal,2021,28.3,False,False
SH.DYN.MORT,"Under-5 mortality (per 1,000 live births)",human_development,NPL,Nepal,2022,27.1,False,False
SH.DYN.MORT,"Under-5 mortality (per 1,000 live births)",human_development,NPL,Nepal,2023,26.1,False,False
SH.DYN.MORT,"Under-5 mortality (per 1,000 live births)",human_development,NPL,Nepal,2024,25.1,False,False
SH.DYN.MORT,"Under-5 mortality (per 1,000 live births)",human_development,VNM,Vietnam,2000,30.3,True,False
SH.DYN.MORT,"Under-5 mortality (per 1,000 live births)",human_development,VNM,Vietnam,2001,29.0,True,False
SH.DYN.MORT,"Under-5 mortality (per 1,000 live births)",human_development,VNM,Vietnam,2002,27.9,True,False
SH.DYN.MORT,"Under-5 mortality (per 1,000 live births)",human_development,VNM,Vietnam,2003,26.9,True,False
SH.DYN.MORT,"Under-5 mortality (per 1,000 live births)",human_development,VNM,Vietnam,2004,26.1,True,False
SH.DYN.MORT,"Under-5 mortality (per 1,000 live births)",human_development,VNM,Vietnam,2005,25.4,True,False
SH.DYN.MORT,"Under-5 mortality (per 1,000 live births)",human_development,VNM,Vietnam,2006,24.8,True,False
SH.DYN.MORT,"Under-5 mortality (per 1,000 live births)",human_development,VNM,Vietnam,2007,24.3,True,False
SH.DYN.MORT,"Under-5 mortality (per 1,000 live births)",human_development,VNM,Vietnam,2008,23.8,True,False
SH.DYN.MORT,"Under-5 mortality (per 1,000 live births)",human_development,VNM,Vietnam,2009,23.4,True,False
SH.DYN.MORT,"Under-5 mortality (per 1,000 live births)",human_development,VNM,Vietnam,2010,23.1,True,False
SH.DYN.MORT,"Under-5 mortality (per 1,000 live births)",human_development,VNM,Vietnam,2011,22.8,False,False
SH.DYN.MORT,"Under-5 mortality (per 1,000 live births)",human_development,VNM,Vietnam,2012,22.5,False,False
SH.DYN.MORT,"Under-5 mortality (per 1,000 live births)",human_development,VNM,Vietnam,2013,22.3,False,False
SH.DYN.MORT,"Under-5 mortality (per 1,000 live births)",human_development,VNM,Vietnam,2014,22.0,False,False
SH.DYN.MORT,"Under-5 mortality (per 1,000 live births)",human_development,VNM,Vietnam,2015,21.6,False,False
SH.DYN.MORT,"Under-5 mortality (per 1,000 live births)",human_development,VNM,Vietnam,2016,21.3,False,False
SH.DYN.MORT,"Under-5 mortality (per 1,000 live births)",human_development,VNM,Vietnam,2017,20.9,False,False
SH.DYN.MORT,"Under-5 mortality (per 1,000 live births)",human_development,VNM,Vietnam,2018,20.5,False,False
SH.DYN.MORT,"Under-5 mortality (per 1,000 live births)",human_development,VNM,Vietnam,2019,20.0,False,False
SH.DYN.MORT,"Under-5 mortality (per 1,000 live births)",human_development,VNM,Vietnam,2020,19.5,False,False
SH.DYN.MORT,"Under-5 mortality (per 1,000 live births)",human_development,VNM,Vietnam,2021,18.9,False,False
SH.DYN.MORT,"Under-5 mortality (per 1,000 live births)",human_development,VNM,Vietnam,2022,18.4,False,False
SH.DYN.MORT,"Under-5 mortality (per 1,000 live births)",human_development,VNM,Vietnam,2023,17.8,False,False
SH.DYN.MORT,"Under-5 mortality (per 1,000 live births)",human_development,VNM,Vietnam,2024,17.3,False,False
SH.XPD.CHEX.GD.ZS,Current health expenditure (% of GDP),human_development,BGD,Bangladesh,2000,1.80504513,True,False
SH.XPD.CHEX.GD.ZS,Current health expenditure (% of GDP),human_development,BGD,Bangladesh,2001,1.77201855,True,False
SH.XPD.CHEX.GD.ZS,Current health expenditure (% of GDP),human_development,BGD,Bangladesh,2002,1.93417108,True,False
SH.XPD.CHEX.GD.ZS,Current health expenditure (% of GDP),human_development,BGD,Bangladesh,2003,1.96152198,True,False
SH.XPD.CHEX.GD.ZS,Current health expenditure (% of GDP),human_development,BGD,Bangladesh,2004,1.99854314,True,False
SH.XPD.CHEX.GD.ZS,Current health expenditure (% of GDP),human_development,BGD,Bangladesh,2005,2.05873919,True,False
SH.XPD.CHEX.GD.ZS,Current health expenditure (% of GDP),human_development,BGD,Bangladesh,2006,2.10646582,True,False
SH.XPD.CHEX.GD.ZS,Current health expenditure (% of GDP),human_development,BGD,Bangladesh,2007,2.17268491,True,False
SH.XPD.CHEX.GD.ZS,Current health expenditure (% of GDP),human_development,BGD,Bangladesh,2008,2.11878848,True,False
SH.XPD.CHEX.GD.ZS,Current health expenditure (% of GDP),human_development,BGD,Bangladesh,2009,2.18321705,True,False
SH.XPD.CHEX.GD.ZS,Current health expenditure (% of GDP),human_development,BGD,Bangladesh,2010,2.28807664,True,False
SH.XPD.CHEX.GD.ZS,Current health expenditure (% of GDP),human_development,BGD,Bangladesh,2011,2.36418128,False,False
SH.XPD.CHEX.GD.ZS,Current health expenditure (% of GDP),human_development,BGD,Bangladesh,2012,2.3537879,False,False
SH.XPD.CHEX.GD.ZS,Current health expenditure (% of GDP),human_development,BGD,Bangladesh,2013,2.29574466,False,False
SH.XPD.CHEX.GD.ZS,Current health expenditure (% of GDP),human_development,BGD,Bangladesh,2014,2.27915168,False,False
SH.XPD.CHEX.GD.ZS,Current health expenditure (% of GDP),human_development,BGD,Bangladesh,2015,2.27217698,False,False
SH.XPD.CHEX.GD.ZS,Current health expenditure (% of GDP),human_development,BGD,Bangladesh,2016,2.38938212,False,False
SH.XPD.CHEX.GD.ZS,Current health expenditure (% of GDP),human_development,BGD,Bangladesh,2017,2.36720181,False,False
SH.XPD.CHEX.GD.ZS,Current health expenditure (% of GDP),human_development,BGD,Bangladesh,2018,2.31622243,False,False
SH.XPD.CHEX.GD.ZS,Current health expenditure (% of GDP),human_development,BGD,Bangladesh,2019,2.12712646,False,False
SH.XPD.CHEX.GD.ZS,Current health expenditure (% of GDP),human_development,BGD,Bangladesh,2020,2.18254924,False,False
SH.XPD.CHEX.GD.ZS,Current health expenditure (% of GDP),human_development,BGD,Bangladesh,2021,2.26678729,False,False
SH.XPD.CHEX.GD.ZS,Current health expenditure (% of GDP),human_development,BGD,Bangladesh,2022,2.21544909,False,False
SH.XPD.CHEX.GD.ZS,Current health expenditure (% of GDP),human_development,BGD,Bangladesh,2023,2.17014575,False,False
SH.XPD.CHEX.GD.ZS,Current health expenditure (% of GDP),human_development,BGD,Bangladesh,2024,,False,False
SH.XPD.CHEX.GD.ZS,Current health expenditure (% of GDP),human_development,IDN,Indonesia,2000,1.85297656,True,False
SH.XPD.CHEX.GD.ZS,Current health expenditure (% of GDP),human_development,IDN,Indonesia,2001,2.11850214,True,False
SH.XPD.CHEX.GD.ZS,Current health expenditure (% of GDP),human_development,IDN,Indonesia,2002,1.98062706,True,False
SH.XPD.CHEX.GD.ZS,Current health expenditure (% of GDP),human_development,IDN,Indonesia,2003,2.24837184,True,False
SH.XPD.CHEX.GD.ZS,Current health expenditure (% of GDP),human_development,IDN,Indonesia,2004,2.12002277,True,False
SH.XPD.CHEX.GD.ZS,Current health expenditure (% of GDP),human_development,IDN,Indonesia,2005,2.53189397,True,False
SH.XPD.CHEX.GD.ZS,Current health expenditure (% of GDP),human_development,IDN,Indonesia,2006,2.61946416,True,False
SH.XPD.CHEX.GD.ZS,Current health expenditure (% of GDP),human_development,IDN,Indonesia,2007,2.82385564,True,False
SH.XPD.CHEX.GD.ZS,Current health expenditure (% of GDP),human_development,IDN,Indonesia,2008,2.54842305,True,False
SH.XPD.CHEX.GD.ZS,Current health expenditure (% of GDP),human_development,IDN,Indonesia,2009,2.62324095,True,False
SH.XPD.CHEX.GD.ZS,Current health expenditure (% of GDP),human_development,IDN,Indonesia,2010,2.7908783,True,False
SH.XPD.CHEX.GD.ZS,Current health expenditure (% of GDP),human_development,IDN,Indonesia,2011,2.98942471,False,False
SH.XPD.CHEX.GD.ZS,Current health expenditure (% of GDP),human_development,IDN,Indonesia,2012,2.91427088,False,False
SH.XPD.CHEX.GD.ZS,Current health expenditure (% of GDP),human_development,IDN,Indonesia,2013,2.86934805,False,False
SH.XPD.CHEX.GD.ZS,Current health expenditure (% of GDP),human_development,IDN,Indonesia,2014,2.96433568,False,False
SH.XPD.CHEX.GD.ZS,Current health expenditure (% of GDP),human_development,IDN,Indonesia,2015,2.92428517,False,False
SH.XPD.CHEX.GD.ZS,Current health expenditure (% of GDP),human_development,IDN,Indonesia,2016,3.02147198,False,False
SH.XPD.CHEX.GD.ZS,Current health expenditure (% of GDP),human_development,IDN,Indonesia,2017,2.90417194,False,False
SH.XPD.CHEX.GD.ZS,Current health expenditure (% of GDP),human_development,IDN,Indonesia,2018,2.86757827,False,False
SH.XPD.CHEX.GD.ZS,Current health expenditure (% of GDP),human_development,IDN,Indonesia,2019,2.87862897,False,False
SH.XPD.CHEX.GD.ZS,Current health expenditure (% of GDP),human_development,IDN,Indonesia,2020,3.42067289,False,False
SH.XPD.CHEX.GD.ZS,Current health expenditure (% of GDP),human_development,IDN,Indonesia,2021,3.70634937,False,False
SH.XPD.CHEX.GD.ZS,Current health expenditure (% of GDP),human_development,IDN,Indonesia,2022,2.69389749,False,False
SH.XPD.CHEX.GD.ZS,Current health expenditure (% of GDP),human_development,IDN,Indonesia,2023,2.70239949,False,False
SH.XPD.CHEX.GD.ZS,Current health expenditure (% of GDP),human_development,IDN,Indonesia,2024,,False,False
SH.XPD.CHEX.GD.ZS,Current health expenditure (% of GDP),human_development,KHM,Cambodia,2000,6.48126554,True,False
SH.XPD.CHEX.GD.ZS,Current health expenditure (% of GDP),human_development,KHM,Cambodia,2001,6.76028347,True,False
SH.XPD.CHEX.GD.ZS,Current health expenditure (% of GDP),human_development,KHM,Cambodia,2002,6.91952753,True,False
SH.XPD.CHEX.GD.ZS,Current health expenditure (% of GDP),human_development,KHM,Cambodia,2003,6.45762444,True,False
SH.XPD.CHEX.GD.ZS,Current health expenditure (% of GDP),human_development,KHM,Cambodia,2004,6.48521805,True,False
SH.XPD.CHEX.GD.ZS,Current health expenditure (% of GDP),human_development,KHM,Cambodia,2005,6.15001392,True,False
SH.XPD.CHEX.GD.ZS,Current health expenditure (% of GDP),human_development,KHM,Cambodia,2006,5.36440325,True,False
SH.XPD.CHEX.GD.ZS,Current health expenditure (% of GDP),human_development,KHM,Cambodia,2007,4.42702723,True,False
SH.XPD.CHEX.GD.ZS,Current health expenditure (% of GDP),human_development,KHM,Cambodia,2008,5.61296654,True,False
SH.XPD.CHEX.GD.ZS,Current health expenditure (% of GDP),human_development,KHM,Cambodia,2009,6.3089695,True,False
SH.XPD.CHEX.GD.ZS,Current health expenditure (% of GDP),human_development,KHM,Cambodia,2010,5.62713194,True,False
SH.XPD.CHEX.GD.ZS,Current health expenditure (% of GDP),human_development,KHM,Cambodia,2011,6.00443649,False,False
SH.XPD.CHEX.GD.ZS,Current health expenditure (% of GDP),human_development,KHM,Cambodia,2012,5.77632856,False,False
SH.XPD.CHEX.GD.ZS,Current health expenditure (% of GDP),human_development,KHM,Cambodia,2013,5.00863695,False,False
SH.XPD.CHEX.GD.ZS,Current health expenditure (% of GDP),human_development,KHM,Cambodia,2014,4.40784645,False,False
SH.XPD.CHEX.GD.ZS,Current health expenditure (% of GDP),human_development,KHM,Cambodia,2015,4.53898621,False,False
SH.XPD.CHEX.GD.ZS,Current health expenditure (% of GDP),human_development,KHM,Cambodia,2016,4.49053288,False,False
SH.XPD.CHEX.GD.ZS,Current health expenditure (% of GDP),human_development,KHM,Cambodia,2017,4.26933241,False,False
SH.XPD.CHEX.GD.ZS,Current health expenditure (% of GDP),human_development,KHM,Cambodia,2018,4.49707794,False,False
SH.XPD.CHEX.GD.ZS,Current health expenditure (% of GDP),human_development,KHM,Cambodia,2019,5.05801058,False,False
SH.XPD.CHEX.GD.ZS,Current health expenditure (% of GDP),human_development,KHM,Cambodia,2020,5.13031435,False,False
SH.XPD.CHEX.GD.ZS,Current health expenditure (% of GDP),human_development,KHM,Cambodia,2021,6.33888054,False,False
SH.XPD.CHEX.GD.ZS,Current health expenditure (% of GDP),human_development,KHM,Cambodia,2022,4.46856117,False,False
SH.XPD.CHEX.GD.ZS,Current health expenditure (% of GDP),human_development,KHM,Cambodia,2023,4.61706829,False,False
SH.XPD.CHEX.GD.ZS,Current health expenditure (% of GDP),human_development,KHM,Cambodia,2024,,False,False
SH.XPD.CHEX.GD.ZS,Current health expenditure (% of GDP),human_development,LAO,Lao PDR,2000,4.27513599,True,False
SH.XPD.CHEX.GD.ZS,Current health expenditure (% of GDP),human_development,LAO,Lao PDR,2001,4.29031658,True,False
SH.XPD.CHEX.GD.ZS,Current health expenditure (% of GDP),human_development,LAO,Lao PDR,2002,3.69751263,True,False
SH.XPD.CHEX.GD.ZS,Current health expenditure (% of GDP),human_development,LAO,Lao PDR,2003,4.47920704,True,False
SH.XPD.CHEX.GD.ZS,Current health expenditure (% of GDP),human_development,LAO,Lao PDR,2004,3.5405724,True,False
SH.XPD.CHEX.GD.ZS,Current health expenditure (% of GDP),human_development,LAO,Lao PDR,2005,3.33673191,True,False
SH.XPD.CHEX.GD.ZS,Current health expenditure (% of GDP),human_development,LAO,Lao PDR,2006,2.93200922,True,False
SH.XPD.CHEX.GD.ZS,Current health expenditure (% of GDP),human_development,LAO,Lao PDR,2007,3.12986231,True,False
SH.XPD.CHEX.GD.ZS,Current health expenditure (% of GDP),human_development,LAO,Lao PDR,2008,2.76727295,True,False
SH.XPD.CHEX.GD.ZS,Current health expenditure (% of GDP),human_development,LAO,Lao PDR,2009,3.46300411,True,False
SH.XPD.CHEX.GD.ZS,Current health expenditure (% of GDP),human_development,LAO,Lao PDR,2010,2.91154933,True,False
SH.XPD.CHEX.GD.ZS,Current health expenditure (% of GDP),human_development,LAO,Lao PDR,2011,1.94457507,False,False
SH.XPD.CHEX.GD.ZS,Current health expenditure (% of GDP),human_development,LAO,Lao PDR,2012,2.07637572,False,False
SH.XPD.CHEX.GD.ZS,Current health expenditure (% of GDP),human_development,LAO,Lao PDR,2013,2.39984965,False,False
SH.XPD.CHEX.GD.ZS,Current health expenditure (% of GDP),human_development,LAO,Lao PDR,2014,2.29845548,False,False
SH.XPD.CHEX.GD.ZS,Current health expenditure (% of GDP),human_development,LAO,Lao PDR,2015,2.45366454,False,False
SH.XPD.CHEX.GD.ZS,Current health expenditure (% of GDP),human_development,LAO,Lao PDR,2016,2.36087489,False,False
SH.XPD.CHEX.GD.ZS,Current health expenditure (% of GDP),human_development,LAO,Lao PDR,2017,2.52606821,False,False
SH.XPD.CHEX.GD.ZS,Current health expenditure (% of GDP),human_development,LAO,Lao PDR,2018,2.24630046,False,False
SH.XPD.CHEX.GD.ZS,Current health expenditure (% of GDP),human_development,LAO,Lao PDR,2019,2.60312223,False,False
SH.XPD.CHEX.GD.ZS,Current health expenditure (% of GDP),human_development,LAO,Lao PDR,2020,2.05965185,False,False
SH.XPD.CHEX.GD.ZS,Current health expenditure (% of GDP),human_development,LAO,Lao PDR,2021,2.74392009,False,False
SH.XPD.CHEX.GD.ZS,Current health expenditure (% of GDP),human_development,LAO,Lao PDR,2022,2.01825476,False,False
SH.XPD.CHEX.GD.ZS,Current health expenditure (% of GDP),human_development,LAO,Lao PDR,2023,1.32651615,False,False
SH.XPD.CHEX.GD.ZS,Current health expenditure (% of GDP),human_development,LAO,Lao PDR,2024,,False,False
SH.XPD.CHEX.GD.ZS,Current health expenditure (% of GDP),human_development,MMR,Myanmar,2000,2.00781965,True,False
SH.XPD.CHEX.GD.ZS,Current health expenditure (% of GDP),human_development,MMR,Myanmar,2001,2.16208982,True,False
SH.XPD.CHEX.GD.ZS,Current health expenditure (% of GDP),human_development,MMR,Myanmar,2002,2.59446764,True,False
SH.XPD.CHEX.GD.ZS,Current health expenditure (% of GDP),human_development,MMR,Myanmar,2003,2.3959713,True,False
SH.XPD.CHEX.GD.ZS,Current health expenditure (% of GDP),human_development,MMR,Myanmar,2004,2.33253765,True,False
SH.XPD.CHEX.GD.ZS,Current health expenditure (% of GDP),human_development,MMR,Myanmar,2005,2.3447094,True,False
SH.XPD.CHEX.GD.ZS,Current health expenditure (% of GDP),human_development,MMR,Myanmar,2006,2.26559186,True,False
SH.XPD.CHEX.GD.ZS,Current health expenditure (% of GDP),human_development,MMR,Myanmar,2007,2.03606868,True,False
SH.XPD.CHEX.GD.ZS,Current health expenditure (% of GDP),human_development,MMR,Myanmar,2008,2.12175322,True,False
SH.XPD.CHEX.GD.ZS,Current health expenditure (% of GDP),human_development,MMR,Myanmar,2009,2.17283702,True,False
SH.XPD.CHEX.GD.ZS,Current health expenditure (% of GDP),human_development,MMR,Myanmar,2010,1.96793783,True,False
SH.XPD.CHEX.GD.ZS,Current health expenditure (% of GDP),human_development,MMR,Myanmar,2011,1.95077813,False,False
SH.XPD.CHEX.GD.ZS,Current health expenditure (% of GDP),human_development,MMR,Myanmar,2012,2.43605232,False,False
SH.XPD.CHEX.GD.ZS,Current health expenditure (% of GDP),human_development,MMR,Myanmar,2013,3.11112022,False,False
SH.XPD.CHEX.GD.ZS,Current health expenditure (% of GDP),human_development,MMR,Myanmar,2014,4.14940882,False,False
SH.XPD.CHEX.GD.ZS,Current health expenditure (% of GDP),human_development,MMR,Myanmar,2015,5.19711542,False,False
SH.XPD.CHEX.GD.ZS,Current health expenditure (% of GDP),human_development,MMR,Myanmar,2016,4.76220942,False,False
SH.XPD.CHEX.GD.ZS,Current health expenditure (% of GDP),human_development,MMR,Myanmar,2017,4.6921258,False,False
SH.XPD.CHEX.GD.ZS,Current health expenditure (% of GDP),human_development,MMR,Myanmar,2018,4.53514671,False,False
SH.XPD.CHEX.GD.ZS,Current health expenditure (% of GDP),human_development,MMR,Myanmar,2019,3.814466,False,False
SH.XPD.CHEX.GD.ZS,Current health expenditure (% of GDP),human_development,MMR,Myanmar,2020,4.27808714,False,False
SH.XPD.CHEX.GD.ZS,Current health expenditure (% of GDP),human_development,MMR,Myanmar,2021,5.53530645,False,False
SH.XPD.CHEX.GD.ZS,Current health expenditure (% of GDP),human_development,MMR,Myanmar,2022,4.49158478,False,False
SH.XPD.CHEX.GD.ZS,Current health expenditure (% of GDP),human_development,MMR,Myanmar,2023,4.45748425,False,False
SH.XPD.CHEX.GD.ZS,Current health expenditure (% of GDP),human_development,MMR,Myanmar,2024,,False,False
SH.XPD.CHEX.GD.ZS,Current health expenditure (% of GDP),human_development,NPL,Nepal,2000,3.13292074,True,False
SH.XPD.CHEX.GD.ZS,Current health expenditure (% of GDP),human_development,NPL,Nepal,2001,3.81229901,True,False
SH.XPD.CHEX.GD.ZS,Current health expenditure (% of GDP),human_development,NPL,Nepal,2002,3.93863344,True,False
SH.XPD.CHEX.GD.ZS,Current health expenditure (% of GDP),human_development,NPL,Nepal,2003,3.8560729,True,False
SH.XPD.CHEX.GD.ZS,Current health expenditure (% of GDP),human_development,NPL,Nepal,2004,4.04629898,True,False
SH.XPD.CHEX.GD.ZS,Current health expenditure (% of GDP),human_development,NPL,Nepal,2005,3.95095325,True,False
SH.XPD.CHEX.GD.ZS,Current health expenditure (% of GDP),human_development,NPL,Nepal,2006,3.54402447,True,False
SH.XPD.CHEX.GD.ZS,Current health expenditure (% of GDP),human_development,NPL,Nepal,2007,3.67297482,True,False
SH.XPD.CHEX.GD.ZS,Current health expenditure (% of GDP),human_development,NPL,Nepal,2008,3.81756353,True,False
SH.XPD.CHEX.GD.ZS,Current health expenditure (% of GDP),human_development,NPL,Nepal,2009,3.90179515,True,False
SH.XPD.CHEX.GD.ZS,Current health expenditure (% of GDP),human_development,NPL,Nepal,2010,4.36131525,True,False
SH.XPD.CHEX.GD.ZS,Current health expenditure (% of GDP),human_development,NPL,Nepal,2011,4.45220184,False,False
SH.XPD.CHEX.GD.ZS,Current health expenditure (% of GDP),human_development,NPL,Nepal,2012,4.49078751,False,False
SH.XPD.CHEX.GD.ZS,Current health expenditure (% of GDP),human_development,NPL,Nepal,2013,4.63012981,False,False
SH.XPD.CHEX.GD.ZS,Current health expenditure (% of GDP),human_development,NPL,Nepal,2014,5.07549381,False,False
SH.XPD.CHEX.GD.ZS,Current health expenditure (% of GDP),human_development,NPL,Nepal,2015,5.46615553,False,False
SH.XPD.CHEX.GD.ZS,Current health expenditure (% of GDP),human_development,NPL,Nepal,2016,5.42378998,False,False
SH.XPD.CHEX.GD.ZS,Current health expenditure (% of GDP),human_development,NPL,Nepal,2017,4.72174025,False,False
SH.XPD.CHEX.GD.ZS,Current health expenditure (% of GDP),human_development,NPL,Nepal,2018,4.52845383,False,False
SH.XPD.CHEX.GD.ZS,Current health expenditure (% of GDP),human_development,NPL,Nepal,2019,4.44524717,False,False
SH.XPD.CHEX.GD.ZS,Current health expenditure (% of GDP),human_development,NPL,Nepal,2020,5.2080965,False,False
SH.XPD.CHEX.GD.ZS,Current health expenditure (% of GDP),human_development,NPL,Nepal,2021,5.53498316,False,False
SH.XPD.CHEX.GD.ZS,Current health expenditure (% of GDP),human_development,NPL,Nepal,2022,6.52950287,False,False
SH.XPD.CHEX.GD.ZS,Current health expenditure (% of GDP),human_development,NPL,Nepal,2023,6.15843678,False,False
SH.XPD.CHEX.GD.ZS,Current health expenditure (% of GDP),human_development,NPL,Nepal,2024,,False,False
SH.XPD.CHEX.GD.ZS,Current health expenditure (% of GDP),human_development,VNM,Vietnam,2000,4.10752726,True,False
SH.XPD.CHEX.GD.ZS,Current health expenditure (% of GDP),human_development,VNM,Vietnam,2001,4.80107498,True,False
SH.XPD.CHEX.GD.ZS,Current health expenditure (% of GDP),human_development,VNM,Vietnam,2002,3.87075853,True,False
SH.XPD.CHEX.GD.ZS,Current health expenditure (% of GDP),human_development,VNM,Vietnam,2003,3.94229889,True,False
SH.XPD.CHEX.GD.ZS,Current health expenditure (% of GDP),human_development,VNM,Vietnam,2004,4.08791971,True,False
SH.XPD.CHEX.GD.ZS,Current health expenditure (% of GDP),human_development,VNM,Vietnam,2005,4.31821251,True,False
SH.XPD.CHEX.GD.ZS,Current health expenditure (% of GDP),human_development,VNM,Vietnam,2006,4.56979847,True,False
SH.XPD.CHEX.GD.ZS,Current health expenditure (% of GDP),human_development,VNM,Vietnam,2007,4.62917614,True,False
SH.XPD.CHEX.GD.ZS,Current health expenditure (% of GDP),human_development,VNM,Vietnam,2008,4.36028337,True,False
SH.XPD.CHEX.GD.ZS,Current health expenditure (% of GDP),human_development,VNM,Vietnam,2009,4.48502922,True,False
SH.XPD.CHEX.GD.ZS,Current health expenditure (% of GDP),human_development,VNM,Vietnam,2010,5.07146072,True,False
SH.XPD.CHEX.GD.ZS,Current health expenditure (% of GDP),human_development,VNM,Vietnam,2011,4.97468519,False,False
SH.XPD.CHEX.GD.ZS,Current health expenditure (% of GDP),human_development,VNM,Vietnam,2012,5.00178242,False,False
SH.XPD.CHEX.GD.ZS,Current health expenditure (% of GDP),human_development,VNM,Vietnam,2013,4.41233158,False,False
SH.XPD.CHEX.GD.ZS,Current health expenditure (% of GDP),human_development,VNM,Vietnam,2014,4.69078779,False,False
SH.XPD.CHEX.GD.ZS,Current health expenditure (% of GDP),human_development,VNM,Vietnam,2015,4.71140909,False,False
SH.XPD.CHEX.GD.ZS,Current health expenditure (% of GDP),human_development,VNM,Vietnam,2016,4.86994743,False,False
SH.XPD.CHEX.GD.ZS,Current health expenditure (% of GDP),human_development,VNM,Vietnam,2017,4.99014759,False,False
SH.XPD.CHEX.GD.ZS,Current health expenditure (% of GDP),human_development,VNM,Vietnam,2018,5.02678823,False,False
SH.XPD.CHEX.GD.ZS,Current health expenditure (% of GDP),human_development,VNM,Vietnam,2019,4.97407484,False,False
SH.XPD.CHEX.GD.ZS,Current health expenditure (% of GDP),human_development,VNM,Vietnam,2020,4.33219814,False,False
SH.XPD.CHEX.GD.ZS,Current health expenditure (% of GDP),human_development,VNM,Vietnam,2021,4.53792429,False,False
SH.XPD.CHEX.GD.ZS,Current health expenditure (% of GDP),human_development,VNM,Vietnam,2022,4.53809595,False,False
SH.XPD.CHEX.GD.ZS,Current health expenditure (% of GDP),human_development,VNM,Vietnam,2023,4.56109476,False,False
SH.XPD.CHEX.GD.ZS,Current health expenditure (% of GDP),human_development,VNM,Vietnam,2024,,False,False
SI.POV.DDAY,Poverty headcount ratio at $2.15/day (% of population),economy,BGD,Bangladesh,2000,41.4,True,False
SI.POV.DDAY,Poverty headcount ratio at $2.15/day (% of population),economy,BGD,Bangladesh,2001,39.58,True,True
SI.POV.DDAY,Poverty headcount ratio at $2.15/day (% of population),economy,BGD,Bangladesh,2002,37.76,True,True
SI.POV.DDAY,Poverty headcount ratio at $2.15/day (% of population),economy,BGD,Bangladesh,2003,35.94,True,True
SI.POV.DDAY,Poverty headcount ratio at $2.15/day (% of population),economy,BGD,Bangladesh,2004,34.12,True,True
SI.POV.DDAY,Poverty headcount ratio at $2.15/day (% of population),economy,BGD,Bangladesh,2005,32.3,True,False
SI.POV.DDAY,Poverty headcount ratio at $2.15/day (% of population),economy,BGD,Bangladesh,2006,30.86,True,True
SI.POV.DDAY,Poverty headcount ratio at $2.15/day (% of population),economy,BGD,Bangladesh,2007,29.419999999999998,True,True
SI.POV.DDAY,Poverty headcount ratio at $2.15/day (% of population),economy,BGD,Bangladesh,2008,27.98,True,True
SI.POV.DDAY,Poverty headcount ratio at $2.15/day (% of population),economy,BGD,Bangladesh,2009,26.54,True,True
SI.POV.DDAY,Poverty headcount ratio at $2.15/day (% of population),economy,BGD,Bangladesh,2010,25.1,True,False
SI.POV.DDAY,Poverty headcount ratio at $2.15/day (% of population),economy,BGD,Bangladesh,2011,24.166666666666668,False,True
SI.POV.DDAY,Poverty headcount ratio at $2.15/day (% of population),economy,BGD,Bangladesh,2012,23.233333333333334,False,True
SI.POV.DDAY,Poverty headcount ratio at $2.15/day (% of population),economy,BGD,Bangladesh,2013,22.3,False,True
SI.POV.DDAY,Poverty headcount ratio at $2.15/day (% of population),economy,BGD,Bangladesh,2014,21.366666666666667,False,True
SI.POV.DDAY,Poverty headcount ratio at $2.15/day (% of population),economy,BGD,Bangladesh,2015,20.433333333333334,False,True
SI.POV.DDAY,Poverty headcount ratio at $2.15/day (% of population),economy,BGD,Bangladesh,2016,19.5,False,False
SI.POV.DDAY,Poverty headcount ratio at $2.15/day (% of population),economy,BGD,Bangladesh,2017,17.233333333333334,False,True
SI.POV.DDAY,Poverty headcount ratio at $2.15/day (% of population),economy,BGD,Bangladesh,2018,14.966666666666667,False,True
SI.POV.DDAY,Poverty headcount ratio at $2.15/day (% of population),economy,BGD,Bangladesh,2019,12.7,False,True
SI.POV.DDAY,Poverty headcount ratio at $2.15/day (% of population),economy,BGD,Bangladesh,2020,10.433333333333334,False,True
SI.POV.DDAY,Poverty headcount ratio at $2.15/day (% of population),economy,BGD,Bangladesh,2021,8.166666666666668,False,True
SI.POV.DDAY,Poverty headcount ratio at $2.15/day (% of population),economy,BGD,Bangladesh,2022,5.9,False,False
SI.POV.DDAY,Poverty headcount ratio at $2.15/day (% of population),economy,BGD,Bangladesh,2023,,False,False
SI.POV.DDAY,Poverty headcount ratio at $2.15/day (% of population),economy,BGD,Bangladesh,2024,,False,False
SI.POV.DDAY,Poverty headcount ratio at $2.15/day (% of population),economy,IDN,Indonesia,2000,65.7,True,False
SI.POV.DDAY,Poverty headcount ratio at $2.15/day (% of population),economy,IDN,Indonesia,2001,62.3,True,False
SI.POV.DDAY,Poverty headcount ratio at $2.15/day (% of population),economy,IDN,Indonesia,2002,46.8,True,False
SI.POV.DDAY,Poverty headcount ratio at $2.15/day (% of population),economy,IDN,Indonesia,2003,45.5,True,False
SI.POV.DDAY,Poverty headcount ratio at $2.15/day (% of population),economy,IDN,Indonesia,2004,45.4,True,False
SI.POV.DDAY,Poverty headcount ratio at $2.15/day (% of population),economy,IDN,Indonesia,2005,41.1,True,False
SI.POV.DDAY,Poverty headcount ratio at $2.15/day (% of population),economy,IDN,Indonesia,2006,46.8,True,False
SI.POV.DDAY,Poverty headcount ratio at $2.15/day (% of population),economy,IDN,Indonesia,2007,41.1,True,False
SI.POV.DDAY,Poverty headcount ratio at $2.15/day (% of population),economy,IDN,Indonesia,2008,38.0,True,False
SI.POV.DDAY,Poverty headcount ratio at $2.15/day (% of population),economy,IDN,Indonesia,2009,37.9,True,False
SI.POV.DDAY,Poverty headcount ratio at $2.15/day (% of population),economy,IDN,Indonesia,2010,34.1,True,False
SI.POV.DDAY,Poverty headcount ratio at $2.15/day (% of population),economy,IDN,Indonesia,2011,31.2,False,False
SI.POV.DDAY,Poverty headcount ratio at $2.15/day (% of population),economy,IDN,Indonesia,2012,26.6,False,False
SI.POV.DDAY,Poverty headcount ratio at $2.15/day (% of population),economy,IDN,Indonesia,2013,27.2,False,False
SI.POV.DDAY,Poverty headcount ratio at $2.15/day (% of population),economy,IDN,Indonesia,2014,25.7,False,False
SI.POV.DDAY,Poverty headcount ratio at $2.15/day (% of population),economy,IDN,Indonesia,2015,21.6,False,False
SI.POV.DDAY,Poverty headcount ratio at $2.15/day (% of population),economy,IDN,Indonesia,2016,18.0,False,False
SI.POV.DDAY,Poverty headcount ratio at $2.15/day (% of population),economy,IDN,Indonesia,2017,14.8,False,False
SI.POV.DDAY,Poverty headcount ratio at $2.15/day (% of population),economy,IDN,Indonesia,2018,12.5,False,False
SI.POV.DDAY,Poverty headcount ratio at $2.15/day (% of population),economy,IDN,Indonesia,2019,10.9,False,False
SI.POV.DDAY,Poverty headcount ratio at $2.15/day (% of population),economy,IDN,Indonesia,2020,9.8,False,False
SI.POV.DDAY,Poverty headcount ratio at $2.15/day (% of population),economy,IDN,Indonesia,2021,8.6,False,False
SI.POV.DDAY,Poverty headcount ratio at $2.15/day (% of population),economy,IDN,Indonesia,2022,7.9,False,False
SI.POV.DDAY,Poverty headcount ratio at $2.15/day (% of population),economy,IDN,Indonesia,2023,6.7,False,False
SI.POV.DDAY,Poverty headcount ratio at $2.15/day (% of population),economy,IDN,Indonesia,2024,5.4,False,False
SI.POV.DDAY,Poverty headcount ratio at $2.15/day (% of population),economy,KHM,Cambodia,2000,,True,False
SI.POV.DDAY,Poverty headcount ratio at $2.15/day (% of population),economy,KHM,Cambodia,2001,,True,False
SI.POV.DDAY,Poverty headcount ratio at $2.15/day (% of population),economy,KHM,Cambodia,2002,,True,False
SI.POV.DDAY,Poverty headcount ratio at $2.15/day (% of population),economy,KHM,Cambodia,2003,,True,False
SI.POV.DDAY,Poverty headcount ratio at $2.15/day (% of population),economy,KHM,Cambodia,2004,,True,False
SI.POV.DDAY,Poverty headcount ratio at $2.15/day (% of population),economy,KHM,Cambodia,2005,,True,False
SI.POV.DDAY,Poverty headcount ratio at $2.15/day (% of population),economy,KHM,Cambodia,2006,,True,False
SI.POV.DDAY,Poverty headcount ratio at $2.15/day (% of population),economy,KHM,Cambodia,2007,,True,False
SI.POV.DDAY,Poverty headcount ratio at $2.15/day (% of population),economy,KHM,Cambodia,2008,,True,False
SI.POV.DDAY,Poverty headcount ratio at $2.15/day (% of population),economy,KHM,Cambodia,2009,,True,False
SI.POV.DDAY,Poverty headcount ratio at $2.15/day (% of population),economy,KHM,Cambodia,2010,,True,False
SI.POV.DDAY,Poverty headcount ratio at $2.15/day (% of population),economy,KHM,Cambodia,2011,,False,False
SI.POV.DDAY,Poverty headcount ratio at $2.15/day (% of population),economy,KHM,Cambodia,2012,,False,False
SI.POV.DDAY,Poverty headcount ratio at $2.15/day (% of population),economy,KHM,Cambodia,2013,,False,False
SI.POV.DDAY,Poverty headcount ratio at $2.15/day (% of population),economy,KHM,Cambodia,2014,,False,False
SI.POV.DDAY,Poverty headcount ratio at $2.15/day (% of population),economy,KHM,Cambodia,2015,,False,False
SI.POV.DDAY,Poverty headcount ratio at $2.15/day (% of population),economy,KHM,Cambodia,2016,,False,False
SI.POV.DDAY,Poverty headcount ratio at $2.15/day (% of population),economy,KHM,Cambodia,2017,,False,False
SI.POV.DDAY,Poverty headcount ratio at $2.15/day (% of population),economy,KHM,Cambodia,2018,,False,False
SI.POV.DDAY,Poverty headcount ratio at $2.15/day (% of population),economy,KHM,Cambodia,2019,,False,False
SI.POV.DDAY,Poverty headcount ratio at $2.15/day (% of population),economy,KHM,Cambodia,2020,,False,False
SI.POV.DDAY,Poverty headcount ratio at $2.15/day (% of population),economy,KHM,Cambodia,2021,,False,False
SI.POV.DDAY,Poverty headcount ratio at $2.15/day (% of population),economy,KHM,Cambodia,2022,,False,False
SI.POV.DDAY,Poverty headcount ratio at $2.15/day (% of population),economy,KHM,Cambodia,2023,,False,False
SI.POV.DDAY,Poverty headcount ratio at $2.15/day (% of population),economy,KHM,Cambodia,2024,,False,False
SI.POV.DDAY,Poverty headcount ratio at $2.15/day (% of population),economy,LAO,Lao PDR,2000,,True,False
SI.POV.DDAY,Poverty headcount ratio at $2.15/day (% of population),economy,LAO,Lao PDR,2001,,True,False
SI.POV.DDAY,Poverty headcount ratio at $2.15/day (% of population),economy,LAO,Lao PDR,2002,43.1,True,False
SI.POV.DDAY,Poverty headcount ratio at $2.15/day (% of population),economy,LAO,Lao PDR,2003,41.68,True,True
SI.POV.DDAY,Poverty headcount ratio at $2.15/day (% of population),economy,LAO,Lao PDR,2004,40.26,True,True
SI.POV.DDAY,Poverty headcount ratio at $2.15/day (% of population),economy,LAO,Lao PDR,2005,38.84,True,True
SI.POV.DDAY,Poverty headcount ratio at $2.15/day (% of population),economy,LAO,Lao PDR,2006,37.42,True,True
SI.POV.DDAY,Poverty headcount ratio at $2.15/day (% of population),economy,LAO,Lao PDR,2007,36.0,True,False
SI.POV.DDAY,Poverty headcount ratio at $2.15/day (% of population),economy,LAO,Lao PDR,2008,33.14,True,True
SI.POV.DDAY,Poverty headcount ratio at $2.15/day (% of population),economy,LAO,Lao PDR,2009,30.28,True,True
SI.POV.DDAY,Poverty headcount ratio at $2.15/day (% of population),economy,LAO,Lao PDR,2010,27.419999999999998,True,True
SI.POV.DDAY,Poverty headcount ratio at $2.15/day (% of population),economy,LAO,Lao PDR,2011,24.56,False,True
SI.POV.DDAY,Poverty headcount ratio at $2.15/day (% of population),economy,LAO,Lao PDR,2012,21.7,False,False
SI.POV.DDAY,Poverty headcount ratio at $2.15/day (% of population),economy,LAO,Lao PDR,2013,20.7,False,True
SI.POV.DDAY,Poverty headcount ratio at $2.15/day (% of population),economy,LAO,Lao PDR,2014,19.7,False,True
SI.POV.DDAY,Poverty headcount ratio at $2.15/day (% of population),economy,LAO,Lao PDR,2015,18.7,False,True
SI.POV.DDAY,Poverty headcount ratio at $2.15/day (% of population),economy,LAO,Lao PDR,2016,17.7,False,True
SI.POV.DDAY,Poverty headcount ratio at $2.15/day (% of population),economy,LAO,Lao PDR,2017,16.7,False,True
SI.POV.DDAY,Poverty headcount ratio at $2.15/day (% of population),economy,LAO,Lao PDR,2018,15.7,False,False
SI.POV.DDAY,Poverty headcount ratio at $2.15/day (% of population),economy,LAO,Lao PDR,2019,14.266666666666666,False,True
SI.POV.DDAY,Poverty headcount ratio at $2.15/day (% of population),economy,LAO,Lao PDR,2020,12.833333333333332,False,True
SI.POV.DDAY,Poverty headcount ratio at $2.15/day (% of population),economy,LAO,Lao PDR,2021,11.399999999999999,False,True
SI.POV.DDAY,Poverty headcount ratio at $2.15/day (% of population),economy,LAO,Lao PDR,2022,9.966666666666665,False,True
SI.POV.DDAY,Poverty headcount ratio at $2.15/day (% of population),economy,LAO,Lao PDR,2023,8.533333333333331,False,True
SI.POV.DDAY,Poverty headcount ratio at $2.15/day (% of population),economy,LAO,Lao PDR,2024,7.1,False,False
SI.POV.DDAY,Poverty headcount ratio at $2.15/day (% of population),economy,MMR,Myanmar,2000,,True,False
SI.POV.DDAY,Poverty headcount ratio at $2.15/day (% of population),economy,MMR,Myanmar,2001,,True,False
SI.POV.DDAY,Poverty headcount ratio at $2.15/day (% of population),economy,MMR,Myanmar,2002,,True,False
SI.POV.DDAY,Poverty headcount ratio at $2.15/day (% of population),economy,MMR,Myanmar,2003,,True,False
SI.POV.DDAY,Poverty headcount ratio at $2.15/day (% of population),economy,MMR,Myanmar,2004,,True,False
SI.POV.DDAY,Poverty headcount ratio at $2.15/day (% of population),economy,MMR,Myanmar,2005,,True,False
SI.POV.DDAY,Poverty headcount ratio at $2.15/day (% of population),economy,MMR,Myanmar,2006,,True,False
SI.POV.DDAY,Poverty headcount ratio at $2.15/day (% of population),economy,MMR,Myanmar,2007,,True,False
SI.POV.DDAY,Poverty headcount ratio at $2.15/day (% of population),economy,MMR,Myanmar,2008,,True,False
SI.POV.DDAY,Poverty headcount ratio at $2.15/day (% of population),economy,MMR,Myanmar,2009,,True,False
SI.POV.DDAY,Poverty headcount ratio at $2.15/day (% of population),economy,MMR,Myanmar,2010,,True,False
SI.POV.DDAY,Poverty headcount ratio at $2.15/day (% of population),economy,MMR,Myanmar,2011,,False,False
SI.POV.DDAY,Poverty headcount ratio at $2.15/day (% of population),economy,MMR,Myanmar,2012,,False,False
SI.POV.DDAY,Poverty headcount ratio at $2.15/day (% of population),economy,MMR,Myanmar,2013,,False,False
SI.POV.DDAY,Poverty headcount ratio at $2.15/day (% of population),economy,MMR,Myanmar,2014,,False,False
SI.POV.DDAY,Poverty headcount ratio at $2.15/day (% of population),economy,MMR,Myanmar,2015,18.2,False,False
SI.POV.DDAY,Poverty headcount ratio at $2.15/day (% of population),economy,MMR,Myanmar,2016,14.25,False,True
SI.POV.DDAY,Poverty headcount ratio at $2.15/day (% of population),economy,MMR,Myanmar,2017,10.3,False,False
SI.POV.DDAY,Poverty headcount ratio at $2.15/day (% of population),economy,MMR,Myanmar,2018,,False,False
SI.POV.DDAY,Poverty headcount ratio at $2.15/day (% of population),economy,MMR,Myanmar,2019,,False,False
SI.POV.DDAY,Poverty headcount ratio at $2.15/day (% of population),economy,MMR,Myanmar,2020,,False,False
SI.POV.DDAY,Poverty headcount ratio at $2.15/day (% of population),economy,MMR,Myanmar,2021,,False,False
SI.POV.DDAY,Poverty headcount ratio at $2.15/day (% of population),economy,MMR,Myanmar,2022,,False,False
SI.POV.DDAY,Poverty headcount ratio at $2.15/day (% of population),economy,MMR,Myanmar,2023,,False,False
SI.POV.DDAY,Poverty headcount ratio at $2.15/day (% of population),economy,MMR,Myanmar,2024,,False,False
SI.POV.DDAY,Poverty headcount ratio at $2.15/day (% of population),economy,NPL,Nepal,2000,,True,False
SI.POV.DDAY,Poverty headcount ratio at $2.15/day (% of population),economy,NPL,Nepal,2001,,True,False
SI.POV.DDAY,Poverty headcount ratio at $2.15/day (% of population),economy,NPL,Nepal,2002,,True,False
SI.POV.DDAY,Poverty headcount ratio at $2.15/day (% of population),economy,NPL,Nepal,2003,55.9,True,False
SI.POV.DDAY,Poverty headcount ratio at $2.15/day (% of population),economy,NPL,Nepal,2004,51.07142857142857,True,True
SI.POV.DDAY,Poverty headcount ratio at $2.15/day (% of population),economy,NPL,Nepal,2005,46.24285714285714,True,True
SI.POV.DDAY,Poverty headcount ratio at $2.15/day (% of population),economy,NPL,Nepal,2006,41.41428571428571,True,True
SI.POV.DDAY,Poverty headcount ratio at $2.15/day (% of population),economy,NPL,Nepal,2007,36.58571428571429,True,True
SI.POV.DDAY,Poverty headcount ratio at $2.15/day (% of population),economy,NPL,Nepal,2008,31.757142857142856,True,True
SI.POV.DDAY,Poverty headcount ratio at $2.15/day (% of population),economy,NPL,Nepal,2009,26.92857142857143,True,True
SI.POV.DDAY,Poverty headcount ratio at $2.15/day (% of population),economy,NPL,Nepal,2010,22.1,True,False
SI.POV.DDAY,Poverty headcount ratio at $2.15/day (% of population),economy,NPL,Nepal,2011,20.458333333333336,False,True
SI.POV.DDAY,Poverty headcount ratio at $2.15/day (% of population),economy,NPL,Nepal,2012,18.816666666666666,False,True
SI.POV.DDAY,Poverty headcount ratio at $2.15/day (% of population),economy,NPL,Nepal,2013,17.175,False,True
SI.POV.DDAY,Poverty headcount ratio at $2.15/day (% of population),economy,NPL,Nepal,2014,15.533333333333335,False,True
SI.POV.DDAY,Poverty headcount ratio at $2.15/day (% of population),economy,NPL,Nepal,2015,13.891666666666667,False,True
SI.POV.DDAY,Poverty headcount ratio at $2.15/day (% of population),economy,NPL,Nepal,2016,12.25,False,True
SI.POV.DDAY,Poverty headcount ratio at $2.15/day (% of population),economy,NPL,Nepal,2017,10.608333333333334,False,True
SI.POV.DDAY,Poverty headcount ratio at $2.15/day (% of population),economy,NPL,Nepal,2018,8.966666666666667,False,True
SI.POV.DDAY,Poverty headcount ratio at $2.15/day (% of population),economy,NPL,Nepal,2019,7.324999999999999,False,True
SI.POV.DDAY,Poverty headcount ratio at $2.15/day (% of population),economy,NPL,Nepal,2020,5.683333333333334,False,True
SI.POV.DDAY,Poverty headcount ratio at $2.15/day (% of population),economy,NPL,Nepal,2021,4.041666666666668,False,True
SI.POV.DDAY,Poverty headcount ratio at $2.15/day (% of population),economy,NPL,Nepal,2022,2.4,False,False
SI.POV.DDAY,Poverty headcount ratio at $2.15/day (% of population),economy,NPL,Nepal,2023,,False,False
SI.POV.DDAY,Poverty headcount ratio at $2.15/day (% of population),economy,NPL,Nepal,2024,,False,False
SI.POV.DDAY,Poverty headcount ratio at $2.15/day (% of population),economy,VNM,Vietnam,2000,,True,False
SI.POV.DDAY,Poverty headcount ratio at $2.15/day (% of population),economy,VNM,Vietnam,2001,,True,False
SI.POV.DDAY,Poverty headcount ratio at $2.15/day (% of population),economy,VNM,Vietnam,2002,43.3,True,False
SI.POV.DDAY,Poverty headcount ratio at $2.15/day (% of population),economy,VNM,Vietnam,2003,37.099999999999994,True,True
SI.POV.DDAY,Poverty headcount ratio at $2.15/day (% of population),economy,VNM,Vietnam,2004,30.9,True,False
SI.POV.DDAY,Poverty headcount ratio at $2.15/day (% of population),economy,VNM,Vietnam,2005,27.299999999999997,True,True
SI.POV.DDAY,Poverty headcount ratio at $2.15/day (% of population),economy,VNM,Vietnam,2006,23.7,True,False
SI.POV.DDAY,Poverty headcount ratio at $2.15/day (% of population),economy,VNM,Vietnam,2007,20.65,True,True
SI.POV.DDAY,Poverty headcount ratio at $2.15/day (% of population),economy,VNM,Vietnam,2008,17.6,True,False
SI.POV.DDAY,Poverty headcount ratio at $2.15/day (% of population),economy,VNM,Vietnam,2009,11.4,True,True
SI.POV.DDAY,Poverty headcount ratio at $2.15/day (% of population),economy,VNM,Vietnam,2010,5.2,True,False
SI.POV.DDAY,Poverty headcount ratio at $2.15/day (% of population),economy,VNM,Vietnam,2011,4.45,False,True
SI.POV.DDAY,Poverty headcount ratio at $2.15/day (% of population),economy,VNM,Vietnam,2012,3.7,False,False
SI.POV.DDAY,Poverty headcount ratio at $2.15/day (% of population),economy,VNM,Vietnam,2013,3.55,False,True
SI.POV.DDAY,Poverty headcount ratio at $2.15/day (% of population),economy,VNM,Vietnam,2014,3.4,False,False
SI.POV.DDAY,Poverty headcount ratio at $2.15/day (% of population),economy,VNM,Vietnam,2015,2.95,False,True
SI.POV.DDAY,Poverty headcount ratio at $2.15/day (% of population),economy,VNM,Vietnam,2016,2.5,False,False
SI.POV.DDAY,Poverty headcount ratio at $2.15/day (% of population),economy,VNM,Vietnam,2017,2.35,False,True
SI.POV.DDAY,Poverty headcount ratio at $2.15/day (% of population),economy,VNM,Vietnam,2018,2.2,False,False
SI.POV.DDAY,Poverty headcount ratio at $2.15/day (% of population),economy,VNM,Vietnam,2019,1.75,False,True
SI.POV.DDAY,Poverty headcount ratio at $2.15/day (% of population),economy,VNM,Vietnam,2020,1.3,False,False
SI.POV.DDAY,Poverty headcount ratio at $2.15/day (% of population),economy,VNM,Vietnam,2021,1.4500000000000002,False,True
SI.POV.DDAY,Poverty headcount ratio at $2.15/day (% of population),economy,VNM,Vietnam,2022,1.6,False,False
SI.POV.DDAY,Poverty headcount ratio at $2.15/day (% of population),economy,VNM,Vietnam,2023,,False,False
SI.POV.DDAY,Poverty headcount ratio at $2.15/day (% of population),economy,VNM,Vietnam,2024,,False,False
SP.DYN.LE00.IN,Life expectancy at birth (years),human_development,BGD,Bangladesh,2000,62.049,True,False
SP.DYN.LE00.IN,Life expectancy at birth (years),human_development,BGD,Bangladesh,2001,62.836,True,False
SP.DYN.LE00.IN,Life expectancy at birth (years),human_development,BGD,Bangladesh,2002,63.591,True,False
SP.DYN.LE00.IN,Life expectancy at birth (years),human_development,BGD,Bangladesh,2003,64.288,True,False
SP.DYN.LE00.IN,Life expectancy at birth (years),human_development,BGD,Bangladesh,2004,64.912,True,False
SP.DYN.LE00.IN,Life expectancy at birth (years),human_development,BGD,Bangladesh,2005,65.509,True,False
SP.DYN.LE00.IN,Life expectancy at birth (years),human_development,BGD,Bangladesh,2006,66.048,True,False
SP.DYN.LE00.IN,Life expectancy at birth (years),human_development,BGD,Bangladesh,2007,66.458,True,False
SP.DYN.LE00.IN,Life expectancy at birth (years),human_development,BGD,Bangladesh,2008,67.047,True,False
SP.DYN.LE00.IN,Life expectancy at birth (years),human_development,BGD,Bangladesh,2009,67.527,True,False
SP.DYN.LE00.IN,Life expectancy at birth (years),human_development,BGD,Bangladesh,2010,68.009,True,False
SP.DYN.LE00.IN,Life expectancy at birth (years),human_development,BGD,Bangladesh,2011,68.499,False,False
SP.DYN.LE00.IN,Life expectancy at birth (years),human_development,BGD,Bangladesh,2012,68.989,False,False
SP.DYN.LE00.IN,Life expectancy at birth (years),human_development,BGD,Bangladesh,2013,69.487,False,False
SP.DYN.LE00.IN,Life expectancy at birth (years),human_development,BGD,Bangladesh,2014,70.016,False,False
SP.DYN.LE00.IN,Life expectancy at birth (years),human_development,BGD,Bangladesh,2015,70.543,False,False
SP.DYN.LE00.IN,Life expectancy at birth (years),human_development,BGD,Bangladesh,2016,71.075,False,False
SP.DYN.LE00.IN,Life expectancy at birth (years),human_development,BGD,Bangladesh,2017,71.606,False,False
SP.DYN.LE00.IN,Life expectancy at birth (years),human_development,BGD,Bangladesh,2018,72.122,False,False
SP.DYN.LE00.IN,Life expectancy at birth (years),human_development,BGD,Bangladesh,2019,72.625,False,False
SP.DYN.LE00.IN,Life expectancy at birth (years),human_development,BGD,Bangladesh,2020,71.421,False,False
SP.DYN.LE00.IN,Life expectancy at birth (years),human_development,BGD,Bangladesh,2021,71.103,False,False
SP.DYN.LE00.IN,Life expectancy at birth (years),human_development,BGD,Bangladesh,2022,74.265,False,False
SP.DYN.LE00.IN,Life expectancy at birth (years),human_development,BGD,Bangladesh,2023,74.672,False,False
SP.DYN.LE00.IN,Life expectancy at birth (years),human_development,BGD,Bangladesh,2024,74.93,False,False
SP.DYN.LE00.IN,Life expectancy at birth (years),human_development,IDN,Indonesia,2000,66.292,True,False
SP.DYN.LE00.IN,Life expectancy at birth (years),human_development,IDN,Indonesia,2001,66.583,True,False
SP.DYN.LE00.IN,Life expectancy at birth (years),human_development,IDN,Indonesia,2002,66.954,True,False
SP.DYN.LE00.IN,Life expectancy at birth (years),human_development,IDN,Indonesia,2003,67.134,True,False
SP.DYN.LE00.IN,Life expectancy at birth (years),human_development,IDN,Indonesia,2004,65.521,True,False
SP.DYN.LE00.IN,Life expectancy at birth (years),human_development,IDN,Indonesia,2005,67.531,True,False
SP.DYN.LE00.IN,Life expectancy at birth (years),human_development,IDN,Indonesia,2006,67.664,True,False
SP.DYN.LE00.IN,Life expectancy at birth (years),human_development,IDN,Indonesia,2007,67.914,True,False
SP.DYN.LE00.IN,Life expectancy at birth (years),human_development,IDN,Indonesia,2008,68.085,True,False
SP.DYN.LE00.IN,Life expectancy at birth (years),human_development,IDN,Indonesia,2009,68.267,True,False
SP.DYN.LE00.IN,Life expectancy at birth (years),human_development,IDN,Indonesia,2010,68.364,True,False
SP.DYN.LE00.IN,Life expectancy at birth (years),human_development,IDN,Indonesia,2011,68.629,False,False
SP.DYN.LE00.IN,Life expectancy at birth (years),human_development,IDN,Indonesia,2012,68.862,False,False
SP.DYN.LE00.IN,Life expectancy at birth (years),human_development,IDN,Indonesia,2013,69.064,False,False
SP.DYN.LE00.IN,Life expectancy at birth (years),human_development,IDN,Indonesia,2014,69.292,False,False
SP.DYN.LE00.IN,Life expectancy at birth (years),human_development,IDN,Indonesia,2015,69.52,False,False
SP.DYN.LE00.IN,Life expectancy at birth (years),human_development,IDN,Indonesia,2016,69.733,False,False
SP.DYN.LE00.IN,Life expectancy at birth (years),human_development,IDN,Indonesia,2017,69.953,False,False
SP.DYN.LE00.IN,Life expectancy at birth (years),human_development,IDN,Indonesia,2018,70.08,False,False
SP.DYN.LE00.IN,Life expectancy at birth (years),human_development,IDN,Indonesia,2019,70.349,False,False
SP.DYN.LE00.IN,Life expectancy at birth (years),human_development,IDN,Indonesia,2020,68.817,False,False
SP.DYN.LE00.IN,Life expectancy at birth (years),human_development,IDN,Indonesia,2021,67.452,False,False
SP.DYN.LE00.IN,Life expectancy at birth (years),human_development,IDN,Indonesia,2022,70.925,False,False
SP.DYN.LE00.IN,Life expectancy at birth (years),human_development,IDN,Indonesia,2023,71.146,False,False
SP.DYN.LE00.IN,Life expectancy at birth (years),human_development,IDN,Indonesia,2024,71.288,False,False
SP.DYN.LE00.IN,Life expectancy at birth (years),human_development,KHM,Cambodia,2000,59.491,True,False
SP.DYN.LE00.IN,Life expectancy at birth (years),human_development,KHM,Cambodia,2001,60.457,True,False
SP.DYN.LE00.IN,Life expectancy at birth (years),human_development,KHM,Cambodia,2002,61.395,True,False
SP.DYN.LE00.IN,Life expectancy at birth (years),human_development,KHM,Cambodia,2003,62.345,True,False
SP.DYN.LE00.IN,Life expectancy at birth (years),human_development,KHM,Cambodia,2004,63.256,True,False
SP.DYN.LE00.IN,Life expectancy at birth (years),human_development,KHM,Cambodia,2005,64.113,True,False
SP.DYN.LE00.IN,Life expectancy at birth (years),human_development,KHM,Cambodia,2006,64.886,True,False
SP.DYN.LE00.IN,Life expectancy at birth (years),human_development,KHM,Cambodia,2007,65.549,True,False
SP.DYN.LE00.IN,Life expectancy at birth (years),human_development,KHM,Cambodia,2008,66.147,True,False
SP.DYN.LE00.IN,Life expectancy at birth (years),human_development,KHM,Cambodia,2009,66.747,True,False
SP.DYN.LE00.IN,Life expectancy at birth (years),human_development,KHM,Cambodia,2010,67.311,True,False
SP.DYN.LE00.IN,Life expectancy at birth (years),human_development,KHM,Cambodia,2011,67.869,False,False
SP.DYN.LE00.IN,Life expectancy at birth (years),human_development,KHM,Cambodia,2012,68.371,False,False
SP.DYN.LE00.IN,Life expectancy at birth (years),human_development,KHM,Cambodia,2013,68.755,False,False
SP.DYN.LE00.IN,Life expectancy at birth (years),human_development,KHM,Cambodia,2014,69.117,False,False
SP.DYN.LE00.IN,Life expectancy at birth (years),human_development,KHM,Cambodia,2015,69.398,False,False
SP.DYN.LE00.IN,Life expectancy at birth (years),human_development,KHM,Cambodia,2016,69.635,False,False
SP.DYN.LE00.IN,Life expectancy at birth (years),human_development,KHM,Cambodia,2017,69.842,False,False
SP.DYN.LE00.IN,Life expectancy at birth (years),human_development,KHM,Cambodia,2018,69.993,False,False
SP.DYN.LE00.IN,Life expectancy at birth (years),human_development,KHM,Cambodia,2019,70.127,False,False
SP.DYN.LE00.IN,Life expectancy at birth (years),human_development,KHM,Cambodia,2020,70.059,False,False
SP.DYN.LE00.IN,Life expectancy at birth (years),human_development,KHM,Cambodia,2021,69.301,False,False
SP.DYN.LE00.IN,Life expectancy at birth (years),human_development,KHM,Cambodia,2022,70.528,False,False
SP.DYN.LE00.IN,Life expectancy at birth (years),human_development,KHM,Cambodia,2023,70.668,False,False
SP.DYN.LE00.IN,Life expectancy at birth (years),human_development,KHM,Cambodia,2024,70.817,False,False
SP.DYN.LE00.IN,Life expectancy at birth (years),human_development,LAO,Lao PDR,2000,58.317,True,False
SP.DYN.LE00.IN,Life expectancy at birth (years),human_development,LAO,Lao PDR,2001,58.887,True,False
SP.DYN.LE00.IN,Life expectancy at birth (years),human_development,LAO,Lao PDR,2002,59.302,True,False
SP.DYN.LE00.IN,Life expectancy at birth (years),human_development,LAO,Lao PDR,2003,59.643,True,False
SP.DYN.LE00.IN,Life expectancy at birth (years),human_development,LAO,Lao PDR,2004,60.08,True,False
SP.DYN.LE00.IN,Life expectancy at birth (years),human_development,LAO,Lao PDR,2005,60.688,True,False
SP.DYN.LE00.IN,Life expectancy at birth (years),human_development,LAO,Lao PDR,2006,61.074,True,False
SP.DYN.LE00.IN,Life expectancy at birth (years),human_development,LAO,Lao PDR,2007,61.694,True,False
SP.DYN.LE00.IN,Life expectancy at birth (years),human_development,LAO,Lao PDR,2008,62.248,True,False
SP.DYN.LE00.IN,Life expectancy at birth (years),human_development,LAO,Lao PDR,2009,63.023,True,False
SP.DYN.LE00.IN,Life expectancy at birth (years),human_development,LAO,Lao PDR,2010,63.69,True,False
SP.DYN.LE00.IN,Life expectancy at birth (years),human_development,LAO,Lao PDR,2011,64.505,False,False
SP.DYN.LE00.IN,Life expectancy at birth (years),human_development,LAO,Lao PDR,2012,65.126,False,False
SP.DYN.LE00.IN,Life expectancy at birth (years),human_development,LAO,Lao PDR,2013,65.723,False,False
SP.DYN.LE00.IN,Life expectancy at birth (years),human_development,LAO,Lao PDR,2014,66.35,False,False
SP.DYN.LE00.IN,Life expectancy at birth (years),human_development,LAO,Lao PDR,2015,66.688,False,False
SP.DYN.LE00.IN,Life expectancy at birth (years),human_development,LAO,Lao PDR,2016,67.014,False,False
SP.DYN.LE00.IN,Life expectancy at birth (years),human_development,LAO,Lao PDR,2017,67.345,False,False
SP.DYN.LE00.IN,Life expectancy at birth (years),human_development,LAO,Lao PDR,2018,67.594,False,False
SP.DYN.LE00.IN,Life expectancy at birth (years),human_development,LAO,Lao PDR,2019,67.911,False,False
SP.DYN.LE00.IN,Life expectancy at birth (years),human_development,LAO,Lao PDR,2020,68.339,False,False
SP.DYN.LE00.IN,Life expectancy at birth (years),human_development,LAO,Lao PDR,2021,67.807,False,False
SP.DYN.LE00.IN,Life expectancy at birth (years),human_development,LAO,Lao PDR,2022,68.715,False,False
SP.DYN.LE00.IN,Life expectancy at birth (years),human_development,LAO,Lao PDR,2023,68.964,False,False
SP.DYN.LE00.IN,Life expectancy at birth (years),human_development,LAO,Lao PDR,2024,69.225,False,False
SP.DYN.LE00.IN,Life expectancy at birth (years),human_development,MMR,Myanmar,2000,60.357,True,False
SP.DYN.LE00.IN,Life expectancy at birth (years),human_development,MMR,Myanmar,2001,60.64,True,False
SP.DYN.LE00.IN,Life expectancy at birth (years),human_development,MMR,Myanmar,2002,60.925,True,False
SP.DYN.LE00.IN,Life expectancy at birth (years),human_development,MMR,Myanmar,2003,61.196,True,False
SP.DYN.LE00.IN,Life expectancy at birth (years),human_development,MMR,Myanmar,2004,61.443,True,False
SP.DYN.LE00.IN,Life expectancy at birth (years),human_development,MMR,Myanmar,2005,61.72,True,False
SP.DYN.LE00.IN,Life expectancy at birth (years),human_development,MMR,Myanmar,2006,62.026,True,False
SP.DYN.LE00.IN,Life expectancy at birth (years),human_development,MMR,Myanmar,2007,62.367,True,False
SP.DYN.LE00.IN,Life expectancy at birth (years),human_development,MMR,Myanmar,2008,56.364,True,False
SP.DYN.LE00.IN,Life expectancy at birth (years),human_development,MMR,Myanmar,2009,63.095,True,False
SP.DYN.LE00.IN,Life expectancy at birth (years),human_development,MMR,Myanmar,2010,63.479,True,False
SP.DYN.LE00.IN,Life expectancy at birth (years),human_development,MMR,Myanmar,2011,63.859,False,False
SP.DYN.LE00.IN,Life expectancy at birth (years),human_development,MMR,Myanmar,2012,64.251,False,False
SP.DYN.LE00.IN,Life expectancy at birth (years),human_development,MMR,Myanmar,2013,64.617,False,False
SP.DYN.LE00.IN,Life expectancy at birth (years),human_development,MMR,Myanmar,2014,64.994,False,False
SP.DYN.LE00.IN,Life expectancy at birth (years),human_development,MMR,Myanmar,2015,65.288,False,False
SP.DYN.LE00.IN,Life expectancy at birth (years),human_development,MMR,Myanmar,2016,65.64,False,False
SP.DYN.LE00.IN,Life expectancy at birth (years),human_development,MMR,Myanmar,2017,65.909,False,False
SP.DYN.LE00.IN,Life expectancy at birth (years),human_development,MMR,Myanmar,2018,66.232,False,False
SP.DYN.LE00.IN,Life expectancy at birth (years),human_development,MMR,Myanmar,2019,66.457,False,False
SP.DYN.LE00.IN,Life expectancy at birth (years),human_development,MMR,Myanmar,2020,66.612,False,False
SP.DYN.LE00.IN,Life expectancy at birth (years),human_development,MMR,Myanmar,2021,65.553,False,False
SP.DYN.LE00.IN,Life expectancy at birth (years),human_development,MMR,Myanmar,2022,66.506,False,False
SP.DYN.LE00.IN,Life expectancy at birth (years),human_development,MMR,Myanmar,2023,66.889,False,False
SP.DYN.LE00.IN,Life expectancy at birth (years),human_development,MMR,Myanmar,2024,67.095,False,False
SP.DYN.LE00.IN,Life expectancy at birth (years),human_development,NPL,Nepal,2000,62.642,True,False
SP.DYN.LE00.IN,Life expectancy at birth (years),human_development,NPL,Nepal,2001,63.288,True,False
SP.DYN.LE00.IN,Life expectancy at birth (years),human_development,NPL,Nepal,2002,63.507,True,False
SP.DYN.LE00.IN,Life expectancy at birth (years),human_development,NPL,Nepal,2003,64.229,True,False
SP.DYN.LE00.IN,Life expectancy at birth (years),human_development,NPL,Nepal,2004,64.744,True,False
SP.DYN.LE00.IN,Life expectancy at birth (years),human_development,NPL,Nepal,2005,65.275,True,False
SP.DYN.LE00.IN,Life expectancy at birth (years),human_development,NPL,Nepal,2006,65.891,True,False
SP.DYN.LE00.IN,Life expectancy at birth (years),human_development,NPL,Nepal,2007,66.169,True,False
SP.DYN.LE00.IN,Life expectancy at birth (years),human_development,NPL,Nepal,2008,66.442,True,False
SP.DYN.LE00.IN,Life expectancy at birth (years),human_development,NPL,Nepal,2009,66.6,True,False
SP.DYN.LE00.IN,Life expectancy at birth (years),human_development,NPL,Nepal,2010,66.772,True,False
SP.DYN.LE00.IN,Life expectancy at birth (years),human_development,NPL,Nepal,2011,67.123,False,False
SP.DYN.LE00.IN,Life expectancy at birth (years),human_development,NPL,Nepal,2012,67.364,False,False
SP.DYN.LE00.IN,Life expectancy at birth (years),human_development,NPL,Nepal,2013,67.598,False,False
SP.DYN.LE00.IN,Life expectancy at birth (years),human_development,NPL,Nepal,2014,67.812,False,False
SP.DYN.LE00.IN,Life expectancy at birth (years),human_development,NPL,Nepal,2015,67.374,False,False
SP.DYN.LE00.IN,Life expectancy at birth (years),human_development,NPL,Nepal,2016,68.444,False,False
SP.DYN.LE00.IN,Life expectancy at birth (years),human_development,NPL,Nepal,2017,68.74,False,False
SP.DYN.LE00.IN,Life expectancy at birth (years),human_development,NPL,Nepal,2018,69.036,False,False
SP.DYN.LE00.IN,Life expectancy at birth (years),human_development,NPL,Nepal,2019,69.299,False,False
SP.DYN.LE00.IN,Life expectancy at birth (years),human_development,NPL,Nepal,2020,69.106,False,False
SP.DYN.LE00.IN,Life expectancy at birth (years),human_development,NPL,Nepal,2021,68.385,False,False
SP.DYN.LE00.IN,Life expectancy at birth (years),human_development,NPL,Nepal,2022,70.087,False,False
SP.DYN.LE00.IN,Life expectancy at birth (years),human_development,NPL,Nepal,2023,70.354,False,False
SP.DYN.LE00.IN,Life expectancy at birth (years),human_development,NPL,Nepal,2024,70.636,False,False
SP.DYN.LE00.IN,Life expectancy at birth (years),human_development,VNM,Vietnam,2000,72.746,True,False
SP.DYN.LE00.IN,Life expectancy at birth (years),human_development,VNM,Vietnam,2001,72.984,True,False
SP.DYN.LE00.IN,Life expectancy at birth (years),human_development,VNM,Vietnam,2002,73.138,True,False
SP.DYN.LE00.IN,Life expectancy at birth (years),human_development,VNM,Vietnam,2003,73.236,True,False
SP.DYN.LE00.IN,Life expectancy at birth (years),human_development,VNM,Vietnam,2004,73.062,True,False
SP.DYN.LE00.IN,Life expectancy at birth (years),human_development,VNM,Vietnam,2005,73.198,True,False
SP.DYN.LE00.IN,Life expectancy at birth (years),human_development,VNM,Vietnam,2006,73.293,True,False
SP.DYN.LE00.IN,Life expectancy at birth (years),human_development,VNM,Vietnam,2007,73.385,True,False
SP.DYN.LE00.IN,Life expectancy at birth (years),human_development,VNM,Vietnam,2008,73.455,True,False
SP.DYN.LE00.IN,Life expectancy at birth (years),human_development,VNM,Vietnam,2009,73.525,True,False
SP.DYN.LE00.IN,Life expectancy at birth (years),human_development,VNM,Vietnam,2010,73.611,True,False
SP.DYN.LE00.IN,Life expectancy at birth (years),human_development,VNM,Vietnam,2011,73.713,False,False
SP.DYN.LE00.IN,Life expectancy at birth (years),human_development,VNM,Vietnam,2012,73.762,False,False
SP.DYN.LE00.IN,Life expectancy at birth (years),human_development,VNM,Vietnam,2013,73.821,False,False
SP.DYN.LE00.IN,Life expectancy at birth (years),human_development,VNM,Vietnam,2014,73.886,False,False
SP.DYN.LE00.IN,Life expectancy at birth (years),human_development,VNM,Vietnam,2015,73.955,False,False
SP.DYN.LE00.IN,Life expectancy at birth (years),human_development,VNM,Vietnam,2016,73.984,False,False
SP.DYN.LE00.IN,Life expectancy at birth (years),human_development,VNM,Vietnam,2017,74.026,False,False
SP.DYN.LE00.IN,Life expectancy at birth (years),human_development,VNM,Vietnam,2018,74.1,False,False
SP.DYN.LE00.IN,Life expectancy at birth (years),human_development,VNM,Vietnam,2019,74.211,False,False
SP.DYN.LE00.IN,Life expectancy at birth (years),human_development,VNM,Vietnam,2020,75.383,False,False
SP.DYN.LE00.IN,Life expectancy at birth (years),human_development,VNM,Vietnam,2021,74.145,False,False
SP.DYN.LE00.IN,Life expectancy at birth (years),human_development,VNM,Vietnam,2022,74.502,False,False
SP.DYN.LE00.IN,Life expectancy at birth (years),human_development,VNM,Vietnam,2023,74.588,False,False
SP.DYN.LE00.IN,Life expectancy at birth (years),human_development,VNM,Vietnam,2024,74.736,False,False
TX.VAL.TECH.MF.ZS,High-tech exports (% of manufactured exports),innovation,BGD,Bangladesh,2000,,True,False
TX.VAL.TECH.MF.ZS,High-tech exports (% of manufactured exports),innovation,BGD,Bangladesh,2001,,True,False
TX.VAL.TECH.MF.ZS,High-tech exports (% of manufactured exports),innovation,BGD,Bangladesh,2002,,True,False
TX.VAL.TECH.MF.ZS,High-tech exports (% of manufactured exports),innovation,BGD,Bangladesh,2003,,True,False
TX.VAL.TECH.MF.ZS,High-tech exports (% of manufactured exports),innovation,BGD,Bangladesh,2004,,True,False
TX.VAL.TECH.MF.ZS,High-tech exports (% of manufactured exports),innovation,BGD,Bangladesh,2005,,True,False
TX.VAL.TECH.MF.ZS,High-tech exports (% of manufactured exports),innovation,BGD,Bangladesh,2006,,True,False
TX.VAL.TECH.MF.ZS,High-tech exports (% of manufactured exports),innovation,BGD,Bangladesh,2007,,True,False
TX.VAL.TECH.MF.ZS,High-tech exports (% of manufactured exports),innovation,BGD,Bangladesh,2008,0.435480466968654,True,False
TX.VAL.TECH.MF.ZS,High-tech exports (% of manufactured exports),innovation,BGD,Bangladesh,2009,0.306260590781621,True,False
TX.VAL.TECH.MF.ZS,High-tech exports (% of manufactured exports),innovation,BGD,Bangladesh,2010,0.213025597821188,True,False
TX.VAL.TECH.MF.ZS,High-tech exports (% of manufactured exports),innovation,BGD,Bangladesh,2011,0.19506469565516,False,False
TX.VAL.TECH.MF.ZS,High-tech exports (% of manufactured exports),innovation,BGD,Bangladesh,2012,0.463362848345637,False,False
TX.VAL.TECH.MF.ZS,High-tech exports (% of manufactured exports),innovation,BGD,Bangladesh,2013,0.299089378482049,False,False
TX.VAL.TECH.MF.ZS,High-tech exports (% of manufactured exports),innovation,BGD,Bangladesh,2014,0.30347824180698346,False,True
TX.VAL.TECH.MF.ZS,High-tech exports (% of manufactured exports),innovation,BGD,Bangladesh,2015,0.307867105131918,False,False
TX.VAL.TECH.MF.ZS,High-tech exports (% of manufactured exports),innovation,BGD,Bangladesh,2016,0.242933626284075,False,False
TX.VAL.TECH.MF.ZS,High-tech exports (% of manufactured exports),innovation,BGD,Bangladesh,2017,0.426450633403232,False,False
TX.VAL.TECH.MF.ZS,High-tech exports (% of manufactured exports),innovation,BGD,Bangladesh,2018,0.539452073551698,False,False
TX.VAL.TECH.MF.ZS,High-tech exports (% of manufactured exports),innovation,BGD,Bangladesh,2019,,False,False
TX.VAL.TECH.MF.ZS,High-tech exports (% of manufactured exports),innovation,BGD,Bangladesh,2020,,False,False
TX.VAL.TECH.MF.ZS,High-tech exports (% of manufactured exports),innovation,BGD,Bangladesh,2021,,False,False
TX.VAL.TECH.MF.ZS,High-tech exports (% of manufactured exports),innovation,BGD,Bangladesh,2022,,False,False
TX.VAL.TECH.MF.ZS,High-tech exports (% of manufactured exports),innovation,BGD,Bangladesh,2023,,False,False
TX.VAL.TECH.MF.ZS,High-tech exports (% of manufactured exports),innovation,BGD,Bangladesh,2024,,False,False
TX.VAL.TECH.MF.ZS,High-tech exports (% of manufactured exports),innovation,IDN,Indonesia,2000,,True,False
TX.VAL.TECH.MF.ZS,High-tech exports (% of manufactured exports),innovation,IDN,Indonesia,2001,,True,False
TX.VAL.TECH.MF.ZS,High-tech exports (% of manufactured exports),innovation,IDN,Indonesia,2002,,True,False
TX.VAL.TECH.MF.ZS,High-tech exports (% of manufactured exports),innovation,IDN,Indonesia,2003,,True,False
TX.VAL.TECH.MF.ZS,High-tech exports (% of manufactured exports),innovation,IDN,Indonesia,2004,,True,False
TX.VAL.TECH.MF.ZS,High-tech exports (% of manufactured exports),innovation,IDN,Indonesia,2005,,True,False
TX.VAL.TECH.MF.ZS,High-tech exports (% of manufactured exports),innovation,IDN,Indonesia,2006,,True,False
TX.VAL.TECH.MF.ZS,High-tech exports (% of manufactured exports),innovation,IDN,Indonesia,2007,,True,False
TX.VAL.TECH.MF.ZS,High-tech exports (% of manufactured exports),innovation,IDN,Indonesia,2008,,True,False
TX.VAL.TECH.MF.ZS,High-tech exports (% of manufactured exports),innovation,IDN,Indonesia,2009,,True,False
TX.VAL.TECH.MF.ZS,High-tech exports (% of manufactured exports),innovation,IDN,Indonesia,2010,12.3118145549136,True,False
TX.VAL.TECH.MF.ZS,High-tech exports (% of manufactured exports),innovation,IDN,Indonesia,2011,10.8171407679199,False,False
TX.VAL.TECH.MF.ZS,High-tech exports (% of manufactured exports),innovation,IDN,Indonesia,2012,10.871757163658,False,False
TX.VAL.TECH.MF.ZS,High-tech exports (% of manufactured exports),innovation,IDN,Indonesia,2013,9.67606262852233,False,False
TX.VAL.TECH.MF.ZS,High-tech exports (% of manufactured exports),innovation,IDN,Indonesia,2014,9.32850761968047,False,False
TX.VAL.TECH.MF.ZS,High-tech exports (% of manufactured exports),innovation,IDN,Indonesia,2015,8.88987824359938,False,False
TX.VAL.TECH.MF.ZS,High-tech exports (% of manufactured exports),innovation,IDN,Indonesia,2016,7.99860974921307,False,False
TX.VAL.TECH.MF.ZS,High-tech exports (% of manufactured exports),innovation,IDN,Indonesia,2017,8.44632702628773,False,False
TX.VAL.TECH.MF.ZS,High-tech exports (% of manufactured exports),innovation,IDN,Indonesia,2018,8.21299200751234,False,False
TX.VAL.TECH.MF.ZS,High-tech exports (% of manufactured exports),innovation,IDN,Indonesia,2019,8.09206094724751,False,False
TX.VAL.TECH.MF.ZS,High-tech exports (% of manufactured exports),innovation,IDN,Indonesia,2020,8.4247469855579,False,False
TX.VAL.TECH.MF.ZS,High-tech exports (% of manufactured exports),innovation,IDN,Indonesia,2021,7.20127970144306,False,False
TX.VAL.TECH.MF.ZS,High-tech exports (% of manufactured exports),innovation,IDN,Indonesia,2022,8.30819306709832,False,False
TX.VAL.TECH.MF.ZS,High-tech exports (% of manufactured exports),innovation,IDN,Indonesia,2023,9.08308687782522,False,False
TX.VAL.TECH.MF.ZS,High-tech exports (% of manufactured exports),innovation,IDN,Indonesia,2024,8.7110437578916,False,False
TX.VAL.TECH.MF.ZS,High-tech exports (% of manufactured exports),innovation,KHM,Cambodia,2000,,True,False
TX.VAL.TECH.MF.ZS,High-tech exports (% of manufactured exports),innovation,KHM,Cambodia,2001,,True,False
TX.VAL.TECH.MF.ZS,High-tech exports (% of manufactured exports),innovation,KHM,Cambodia,2002,,True,False
TX.VAL.TECH.MF.ZS,High-tech exports (% of manufactured exports),innovation,KHM,Cambodia,2003,,True,False
TX.VAL.TECH.MF.ZS,High-tech exports (% of manufactured exports),innovation,KHM,Cambodia,2004,,True,False
TX.VAL.TECH.MF.ZS,High-tech exports (% of manufactured exports),innovation,KHM,Cambodia,2005,,True,False
TX.VAL.TECH.MF.ZS,High-tech exports (% of manufactured exports),innovation,KHM,Cambodia,2006,,True,False
TX.VAL.TECH.MF.ZS,High-tech exports (% of manufactured exports),innovation,KHM,Cambodia,2007,0.0467976427860399,True,False
TX.VAL.TECH.MF.ZS,High-tech exports (% of manufactured exports),innovation,KHM,Cambodia,2008,0.0916500356568182,True,False
TX.VAL.TECH.MF.ZS,High-tech exports (% of manufactured exports),innovation,KHM,Cambodia,2009,0.208915176335639,True,False
TX.VAL.TECH.MF.ZS,High-tech exports (% of manufactured exports),innovation,KHM,Cambodia,2010,0.15340939623565,True,False
TX.VAL.TECH.MF.ZS,High-tech exports (% of manufactured exports),innovation,KHM,Cambodia,2011,0.114782587225893,False,False
TX.VAL.TECH.MF.ZS,High-tech exports (% of manufactured exports),innovation,KHM,Cambodia,2012,0.259104011781428,False,False
TX.VAL.TECH.MF.ZS,High-tech exports (% of manufactured exports),innovation,KHM,Cambodia,2013,1.21285515161475,False,False
TX.VAL.TECH.MF.ZS,High-tech exports (% of manufactured exports),innovation,KHM,Cambodia,2014,0.50562837571876,False,False
TX.VAL.TECH.MF.ZS,High-tech exports (% of manufactured exports),innovation,KHM,Cambodia,2015,1.53516035451456,False,False
TX.VAL.TECH.MF.ZS,High-tech exports (% of manufactured exports),innovation,KHM,Cambodia,2016,1.8586809100055,False,False
TX.VAL.TECH.MF.ZS,High-tech exports (% of manufactured exports),innovation,KHM,Cambodia,2017,1.74238685693004,False,False
TX.VAL.TECH.MF.ZS,High-tech exports (% of manufactured exports),innovation,KHM,Cambodia,2018,1.40927888070578,False,False
TX.VAL.TECH.MF.ZS,High-tech exports (% of manufactured exports),innovation,KHM,Cambodia,2019,1.19402155927369,False,False
TX.VAL.TECH.MF.ZS,High-tech exports (% of manufactured exports),innovation,KHM,Cambodia,2020,2.28307484240574,False,False
TX.VAL.TECH.MF.ZS,High-tech exports (% of manufactured exports),innovation,KHM,Cambodia,2021,2.98063279368018,False,False
TX.VAL.TECH.MF.ZS,High-tech exports (% of manufactured exports),innovation,KHM,Cambodia,2022,6.56222598236463,False,False
TX.VAL.TECH.MF.ZS,High-tech exports (% of manufactured exports),innovation,KHM,Cambodia,2023,12.9853431148883,False,False
TX.VAL.TECH.MF.ZS,High-tech exports (% of manufactured exports),innovation,KHM,Cambodia,2024,5.26214140574212,False,False
TX.VAL.TECH.MF.ZS,High-tech exports (% of manufactured exports),innovation,LAO,Lao PDR,2000,,True,False
TX.VAL.TECH.MF.ZS,High-tech exports (% of manufactured exports),innovation,LAO,Lao PDR,2001,,True,False
TX.VAL.TECH.MF.ZS,High-tech exports (% of manufactured exports),innovation,LAO,Lao PDR,2002,,True,False
TX.VAL.TECH.MF.ZS,High-tech exports (% of manufactured exports),innovation,LAO,Lao PDR,2003,,True,False
TX.VAL.TECH.MF.ZS,High-tech exports (% of manufactured exports),innovation,LAO,Lao PDR,2004,,True,False
TX.VAL.TECH.MF.ZS,High-tech exports (% of manufactured exports),innovation,LAO,Lao PDR,2005,,True,False
TX.VAL.TECH.MF.ZS,High-tech exports (% of manufactured exports),innovation,LAO,Lao PDR,2006,,True,False
TX.VAL.TECH.MF.ZS,High-tech exports (% of manufactured exports),innovation,LAO,Lao PDR,2007,,True,False
TX.VAL.TECH.MF.ZS,High-tech exports (% of manufactured exports),innovation,LAO,Lao PDR,2008,,True,False
TX.VAL.TECH.MF.ZS,High-tech exports (% of manufactured exports),innovation,LAO,Lao PDR,2009,,True,False
TX.VAL.TECH.MF.ZS,High-tech exports (% of manufactured exports),innovation,LAO,Lao PDR,2010,6.32582354738959,True,False
TX.VAL.TECH.MF.ZS,High-tech exports (% of manufactured exports),innovation,LAO,Lao PDR,2011,8.16197281416912,False,False
TX.VAL.TECH.MF.ZS,High-tech exports (% of manufactured exports),innovation,LAO,Lao PDR,2012,8.77232288985581,False,False
TX.VAL.TECH.MF.ZS,High-tech exports (% of manufactured exports),innovation,LAO,Lao PDR,2013,9.813602077611,False,False
TX.VAL.TECH.MF.ZS,High-tech exports (% of manufactured exports),innovation,LAO,Lao PDR,2014,24.994342418799,False,False
TX.VAL.TECH.MF.ZS,High-tech exports (% of manufactured exports),innovation,LAO,Lao PDR,2015,35.1801655460758,False,False
TX.VAL.TECH.MF.ZS,High-tech exports (% of manufactured exports),innovation,LAO,Lao PDR,2016,33.5741001661276,False,False
TX.VAL.TECH.MF.ZS,High-tech exports (% of manufactured exports),innovation,LAO,Lao PDR,2017,37.9504484411561,False,False
TX.VAL.TECH.MF.ZS,High-tech exports (% of manufactured exports),innovation,LAO,Lao PDR,2018,38.0167390499275,False,False
TX.VAL.TECH.MF.ZS,High-tech exports (% of manufactured exports),innovation,LAO,Lao PDR,2019,20.6094637307639,False,False
TX.VAL.TECH.MF.ZS,High-tech exports (% of manufactured exports),innovation,LAO,Lao PDR,2020,23.1554473691925,False,False
TX.VAL.TECH.MF.ZS,High-tech exports (% of manufactured exports),innovation,LAO,Lao PDR,2021,7.28644637663924,False,False
TX.VAL.TECH.MF.ZS,High-tech exports (% of manufactured exports),innovation,LAO,Lao PDR,2022,9.51767783297326,False,False
TX.VAL.TECH.MF.ZS,High-tech exports (% of manufactured exports),innovation,LAO,Lao PDR,2023,7.41963729583454,False,False
TX.VAL.TECH.MF.ZS,High-tech exports (% of manufactured exports),innovation,LAO,Lao PDR,2024,,False,False
TX.VAL.TECH.MF.ZS,High-tech exports (% of manufactured exports),innovation,MMR,Myanmar,2000,,True,False
TX.VAL.TECH.MF.ZS,High-tech exports (% of manufactured exports),innovation,MMR,Myanmar,2001,,True,False
TX.VAL.TECH.MF.ZS,High-tech exports (% of manufactured exports),innovation,MMR,Myanmar,2002,,True,False
TX.VAL.TECH.MF.ZS,High-tech exports (% of manufactured exports),innovation,MMR,Myanmar,2003,,True,False
TX.VAL.TECH.MF.ZS,High-tech exports (% of manufactured exports),innovation,MMR,Myanmar,2004,,True,False
TX.VAL.TECH.MF.ZS,High-tech exports (% of manufactured exports),innovation,MMR,Myanmar,2005,,True,False
TX.VAL.TECH.MF.ZS,High-tech exports (% of manufactured exports),innovation,MMR,Myanmar,2006,,True,False
TX.VAL.TECH.MF.ZS,High-tech exports (% of manufactured exports),innovation,MMR,Myanmar,2007,,True,False
TX.VAL.TECH.MF.ZS,High-tech exports (% of manufactured exports),innovation,MMR,Myanmar,2008,,True,False
TX.VAL.TECH.MF.ZS,High-tech exports (% of manufactured exports),innovation,MMR,Myanmar,2009,,True,False
TX.VAL.TECH.MF.ZS,High-tech exports (% of manufactured exports),innovation,MMR,Myanmar,2010,0.00268127279743683,True,False
TX.VAL.TECH.MF.ZS,High-tech exports (% of manufactured exports),innovation,MMR,Myanmar,2011,0.201949573625045,False,False
TX.VAL.TECH.MF.ZS,High-tech exports (% of manufactured exports),innovation,MMR,Myanmar,2012,1.01357200229777,False,False
TX.VAL.TECH.MF.ZS,High-tech exports (% of manufactured exports),innovation,MMR,Myanmar,2013,0.268343903272684,False,False
TX.VAL.TECH.MF.ZS,High-tech exports (% of manufactured exports),innovation,MMR,Myanmar,2014,0.62703149028518,False,False
TX.VAL.TECH.MF.ZS,High-tech exports (% of manufactured exports),innovation,MMR,Myanmar,2015,0.469787769200266,False,False
TX.VAL.TECH.MF.ZS,High-tech exports (% of manufactured exports),innovation,MMR,Myanmar,2016,7.53383676615383,False,False
TX.VAL.TECH.MF.ZS,High-tech exports (% of manufactured exports),innovation,MMR,Myanmar,2017,6.02870411336858,False,False
TX.VAL.TECH.MF.ZS,High-tech exports (% of manufactured exports),innovation,MMR,Myanmar,2018,4.51638176248917,False,False
TX.VAL.TECH.MF.ZS,High-tech exports (% of manufactured exports),innovation,MMR,Myanmar,2019,2.75051999089837,False,False
TX.VAL.TECH.MF.ZS,High-tech exports (% of manufactured exports),innovation,MMR,Myanmar,2020,3.17252493795944,False,False
TX.VAL.TECH.MF.ZS,High-tech exports (% of manufactured exports),innovation,MMR,Myanmar,2021,5.06936843360325,False,False
TX.VAL.TECH.MF.ZS,High-tech exports (% of manufactured exports),innovation,MMR,Myanmar,2022,2.61457839564408,False,False
TX.VAL.TECH.MF.ZS,High-tech exports (% of manufactured exports),innovation,MMR,Myanmar,2023,2.94631414241606,False,False
TX.VAL.TECH.MF.ZS,High-tech exports (% of manufactured exports),innovation,MMR,Myanmar,2024,5.19991999790977,False,False
TX.VAL.TECH.MF.ZS,High-tech exports (% of manufactured exports),innovation,NPL,Nepal,2000,,True,False
TX.VAL.TECH.MF.ZS,High-tech exports (% of manufactured exports),innovation,NPL,Nepal,2001,,True,False
TX.VAL.TECH.MF.ZS,High-tech exports (% of manufactured exports),innovation,NPL,Nepal,2002,,True,False
TX.VAL.TECH.MF.ZS,High-tech exports (% of manufactured exports),innovation,NPL,Nepal,2003,,True,False
TX.VAL.TECH.MF.ZS,High-tech exports (% of manufactured exports),innovation,NPL,Nepal,2004,,True,False
TX.VAL.TECH.MF.ZS,High-tech exports (% of manufactured exports),innovation,NPL,Nepal,2005,,True,False
TX.VAL.TECH.MF.ZS,High-tech exports (% of manufactured exports),innovation,NPL,Nepal,2006,,True,False
TX.VAL.TECH.MF.ZS,High-tech exports (% of manufactured exports),innovation,NPL,Nepal,2007,,True,False
TX.VAL.TECH.MF.ZS,High-tech exports (% of manufactured exports),innovation,NPL,Nepal,2008,,True,False
TX.VAL.TECH.MF.ZS,High-tech exports (% of manufactured exports),innovation,NPL,Nepal,2009,0.428628769044589,True,False
TX.VAL.TECH.MF.ZS,High-tech exports (% of manufactured exports),innovation,NPL,Nepal,2010,0.686184564855027,True,False
TX.VAL.TECH.MF.ZS,High-tech exports (% of manufactured exports),innovation,NPL,Nepal,2011,0.41530803277214,False,False
TX.VAL.TECH.MF.ZS,High-tech exports (% of manufactured exports),innovation,NPL,Nepal,2012,0.136727857781523,False,False
TX.VAL.TECH.MF.ZS,High-tech exports (% of manufactured exports),innovation,NPL,Nepal,2013,0.322301825518341,False,False
TX.VAL.TECH.MF.ZS,High-tech exports (% of manufactured exports),innovation,NPL,Nepal,2014,0.719873715823001,False,False
TX.VAL.TECH.MF.ZS,High-tech exports (% of manufactured exports),innovation,NPL,Nepal,2015,0.635275666598571,False,False
TX.VAL.TECH.MF.ZS,High-tech exports (% of manufactured exports),innovation,NPL,Nepal,2016,0.822614406932481,False,False
TX.VAL.TECH.MF.ZS,High-tech exports (% of manufactured exports),innovation,NPL,Nepal,2017,1.1842599479754,False,False
TX.VAL.TECH.MF.ZS,High-tech exports (% of manufactured exports),innovation,NPL,Nepal,2018,0.63057636781078,False,False
TX.VAL.TECH.MF.ZS,High-tech exports (% of manufactured exports),innovation,NPL,Nepal,2019,1.07452984569387,False,False
TX.VAL.TECH.MF.ZS,High-tech exports (% of manufactured exports),innovation,NPL,Nepal,2020,2.44880014385554,False,False
TX.VAL.TECH.MF.ZS,High-tech exports (% of manufactured exports),innovation,NPL,Nepal,2021,1.24783157075866,False,False
TX.VAL.TECH.MF.ZS,High-tech exports (% of manufactured exports),innovation,NPL,Nepal,2022,0.617520704475872,False,False
TX.VAL.TECH.MF.ZS,High-tech exports (% of manufactured exports),innovation,NPL,Nepal,2023,,False,False
TX.VAL.TECH.MF.ZS,High-tech exports (% of manufactured exports),innovation,NPL,Nepal,2024,,False,False
TX.VAL.TECH.MF.ZS,High-tech exports (% of manufactured exports),innovation,VNM,Vietnam,2000,,True,False
TX.VAL.TECH.MF.ZS,High-tech exports (% of manufactured exports),innovation,VNM,Vietnam,2001,,True,False
TX.VAL.TECH.MF.ZS,High-tech exports (% of manufactured exports),innovation,VNM,Vietnam,2002,,True,False
TX.VAL.TECH.MF.ZS,High-tech exports (% of manufactured exports),innovation,VNM,Vietnam,2003,,True,False
TX.VAL.TECH.MF.ZS,High-tech exports (% of manufactured exports),innovation,VNM,Vietnam,2004,,True,False
TX.VAL.TECH.MF.ZS,High-tech exports (% of manufactured exports),innovation,VNM,Vietnam,2005,,True,False
TX.VAL.TECH.MF.ZS,High-tech exports (% of manufactured exports),innovation,VNM,Vietnam,2006,,True,False
TX.VAL.TECH.MF.ZS,High-tech exports (% of manufactured exports),innovation,VNM,Vietnam,2007,,True,False
TX.VAL.TECH.MF.ZS,High-tech exports (% of manufactured exports),innovation,VNM,Vietnam,2008,8.8401529745757,True,False
TX.VAL.TECH.MF.ZS,High-tech exports (% of manufactured exports),innovation,VNM,Vietnam,2009,10.5241123781855,True,False
TX.VAL.TECH.MF.ZS,High-tech exports (% of manufactured exports),innovation,VNM,Vietnam,2010,13.1303195968336,True,False
TX.VAL.TECH.MF.ZS,High-tech exports (% of manufactured exports),innovation,VNM,Vietnam,2011,18.8147980828908,False,False
TX.VAL.TECH.MF.ZS,High-tech exports (% of manufactured exports),innovation,VNM,Vietnam,2012,27.1630278606772,False,False
TX.VAL.TECH.MF.ZS,High-tech exports (% of manufactured exports),innovation,VNM,Vietnam,2013,33.5956426471693,False,False
TX.VAL.TECH.MF.ZS,High-tech exports (% of manufactured exports),innovation,VNM,Vietnam,2014,32.0548869012837,False,False
TX.VAL.TECH.MF.ZS,High-tech exports (% of manufactured exports),innovation,VNM,Vietnam,2015,36.3691117529912,False,False
TX.VAL.TECH.MF.ZS,High-tech exports (% of manufactured exports),innovation,VNM,Vietnam,2016,38.0569617054575,False,False
TX.VAL.TECH.MF.ZS,High-tech exports (% of manufactured exports),innovation,VNM,Vietnam,2017,41.7381332957129,False,False
TX.VAL.TECH.MF.ZS,High-tech exports (% of manufactured exports),innovation,VNM,Vietnam,2018,40.7501595675465,False,False
TX.VAL.TECH.MF.ZS,High-tech exports (% of manufactured exports),innovation,VNM,Vietnam,2019,40.4334300320093,False,False
TX.VAL.TECH.MF.ZS,High-tech exports (% of manufactured exports),innovation,VNM,Vietnam,2020,41.7401040421189,False,False
TX.VAL.TECH.MF.ZS,High-tech exports (% of manufactured exports),innovation,VNM,Vietnam,2021,41.5396346544198,False,False
TX.VAL.TECH.MF.ZS,High-tech exports (% of manufactured exports),innovation,VNM,Vietnam,2022,42.689178907016,False,False
TX.VAL.TECH.MF.ZS,High-tech exports (% of manufactured exports),innovation,VNM,Vietnam,2023,44.256885251682,False,False
TX.VAL.TECH.MF.ZS,High-tech exports (% of manufactured exports),innovation,VNM,Vietnam,2024,,False,False
