scenario,year,series,quantile,value
actual_continuation,2011,K,p10,2238.7813468759027
actual_continuation,2012,K,p10,2305.9447872821797
actual_continuation,2013,K,p10,2376.010276826187
actual_continuation,2014,K,p10,2449.3649389828515
actual_continuation,2015,K,p10,2526.621462304795
actual_continuation,2016,K,p10,2608.837316591745
actual_continuation,2017,K,p10,2697.7695372952944
actual_continuation,2018,K,p10,2795.064822470252
actual_continuation,2019,K,p10,2903.9508677257186
actual_continuation,2020,K,p10,3032.709000054358
actual_continuation,2021,K,p10,3122.481553309674
actual_continuation,2022,K,p10,3175.1647693995255
actual_continuation,2023,K,p10,3236.8519013997366
actual_continuation,2024,K,p10,3308.5614983758337
actual_continuation,2025,K,p10,3386.460745314544
actual_continuation,2026,K,p10,3467.5441481845105
actual_continuation,2027,K,p10,3543.7934524606762
actual_continuation,2028,K,p10,3635.500444785715
actual_continuation,2029,K,p10,3730.0158764754583
actual_continuation,2030,K,p10,3829.1041625141384
actual_continuation,2031,K,p10,3932.985046728551
actual_continuation,2032,K,p10,4037.8840437145423
actual_continuation,2033,K,p10,4149.958800296023
actual_continuation,2034,K,p10,4269.0504746298175
actual_continuation,2035,K,p10,4391.892008848172
actual_continuation,2011,K,p50,2238.7813468759027
actual_continuation,2012,K,p50,2395.496041157216
actual_continuation,2013,K,p50,2556.9888835004795
actual_continuation,2014,K,p50,2723.566303582281
actual_continuation,2015,K,p50,2895.7705377102325
actual_continuation,2016,K,p50,3074.513876526408
actual_continuation,2017,K,p50,3261.6993014815107
actual_continuation,2018,K,p50,3459.181840111396
actual_continuation,2019,K,p50,3667.2848858183597
actual_continuation,2020,K,p50,3899.2496932132626
actual_continuation,2021,K,p50,4081.2903321994672
actual_continuation,2022,K,p50,4210.349454167443
actual_continuation,2023,K,p50,4343.442320260791
actual_continuation,2024,K,p50,4488.221318417651
actual_continuation,2025,K,p50,4642.020960871127
actual_continuation,2026,K,p50,4797.630547040153
actual_continuation,2027,K,p50,4953.234475573121
actual_continuation,2028,K,p50,5117.355621727344
actual_continuation,2029,K,p50,5280.745538204452
actual_continuation,2030,K,p50,5457.757547650033
actual_continuation,2031,K,p50,5643.378614972771
actual_continuation,2032,K,p50,5820.54646535428
actual_continuation,2033,K,p50,6011.086049895089
actual_continuation,2034,K,p50,6208.58556772341
actual_continuation,2035,K,p50,6409.245340530539
actual_continuation,2011,K,p90,2238.7813468759027
actual_continuation,2012,K,p90,2574.598548907288
actual_continuation,2013,K,p90,2923.172995086493
actual_continuation,2014,K,p90,3283.6407489216385
actual_continuation,2015,K,p90,3655.282698958877
actual_continuation,2016,K,p90,4037.500683758488
actual_continuation,2017,K,p90,4429.798894049198
actual_continuation,2018,K,p90,4831.769121689981
actual_continuation,2019,K,p90,5243.078877467301
actual_continuation,2020,K,p90,5674.797503221935
actual_continuation,2021,K,p90,6033.807185082128
actual_continuation,2022,K,p90,6300.119479745162
actual_continuation,2023,K,p90,6576.174938243785
actual_continuation,2024,K,p90,6870.762749025168
actual_continuation,2025,K,p90,7157.829010690238
actual_continuation,2026,K,p90,7461.807052358933
actual_continuation,2027,K,p90,7763.610882573956
actual_continuation,2028,K,p90,8066.218786354374
actual_continuation,2029,K,p90,8368.888804874125
actual_continuation,2030,K,p90,8672.057862646288
actual_continuation,2031,K,p90,8985.279850183311
actual_continuation,2032,K,p90,9288.717946162444
actual_continuation,2033,K,p90,9604.0182372842
actual_continuation,2034,K,p90,9938.594200680362
actual_continuation,2035,K,p90,10257.678300557833
actual_continuation,2011,H,p10,1.0
actual_continuation,2012,H,p10,1.0017109925859786
actual_continuation,2013,H,p10,1.0033877653202374
actual_continuation,2014,H,p10,1.0050310025998113
actual_continuation,2015,H,p10,1.0066413751337935
actual_continuation,2016,H,p10,1.0082195402170961
actual_continuation,2017,H,p10,1.009766141998733
actual_continuation,2018,H,p10,1.0112818117447369
actual_continuation,2019,H,p10,1.0127671680958208
actual_continuation,2020,H,p10,1.0142228173198828
actual_continuation,2021,H,p10,1.0156493535594637
actual_continuation,2022,H,p10,1.017047359074253
actual_continuation,2023,H,p10,1.0184174044787466
actual_continuation,2024,H,p10,1.0197600489751502
actual_continuation,2025,H,p10,1.0210758405816256
actual_continuation,2026,H,p10,1.0223653163559716
actual_continuation,2027,H,p10,1.0236290026148307
actual_continuation,2028,H,p10,1.0248674151485127
actual_continuation,2029,H,p10,1.026081059431521
actual_continuation,2030,H,p10,1.0272704308288692
actual_continuation,2031,H,p10,1.0284360147982703
actual_continuation,2032,H,p10,1.0295782870882837
actual_continuation,2033,H,p10,1.0306977139324964
actual_continuation,2034,H,p10,1.0317947522398252
actual_continuation,2035,H,p10,1.0328698497810072
actual_continuation,2011,H,p50,1.0
actual_continuation,2012,H,p50,1.0049236581497991
actual_continuation,2013,H,p50,1.0097488431366022
actual_continuation,2014,H,p50,1.0144775244236692
actual_continuation,2015,H,p50,1.0191116320849951
actual_continuation,2016,H,p50,1.0236530575930944
actual_continuation,2017,H,p50,1.0281036545910316
actual_continuation,2018,H,p50,1.0324652396490102
actual_continuation,2019,H,p50,1.036739593005829
actual_continuation,2020,H,p50,1.0409284592955115
actual_continuation,2021,H,p50,1.0450335482594004
actual_continuation,2022,H,p50,1.0490565354440116
actual_continuation,2023,H,p50,1.0529990628849304
actual_continuation,2024,H,p50,1.056862739777031
actual_continuation,2025,H,p50,1.0606491431312894
actual_continuation,2026,H,p50,1.0643598184184628
actual_continuation,2027,H,p50,1.0679962801998926
actual_continuation,2028,H,p50,1.071560012745694
actual_continuation,2029,H,p50,1.0750524706405793
actual_continuation,2030,H,p50,1.0784750793775668
actual_continuation,2031,H,p50,1.0818292359398145
actual_continuation,2032,H,p50,1.0851163093708174
actual_continuation,2033,H,p50,1.0883376413332002
actual_continuation,2034,H,p50,1.0914945466563353
actual_continuation,2035,H,p50,1.0945883138730077
actual_continuation,2011,H,p90,1.0
actual_continuation,2012,H,p90,1.0076902240913344
actual_continuation,2013,H,p90,1.0152266437008421
actual_continuation,2014,H,p90,1.0226123349181597
actual_continuation,2015,H,p90,1.0298503123111309
actual_continuation,2016,H,p90,1.0369435301562426
actual_continuation,2017,H,p90,1.0438948836444524
actual_continuation,2018,H,p90,1.0507072100628978
actual_continuation,2019,H,p90,1.0573832899529743
actual_continuation,2020,H,p90,1.0639258482452492
actual_continuation,2021,H,p90,1.0703375553716785
actual_continuation,2022,H,p90,1.0766210283555793
actual_continuation,2023,H,p90,1.0827788318798022
actual_continuation,2024,H,p90,1.0888134793335407
actual_continuation,2025,H,p90,1.0947274338382043
actual_continuation,2026,H,p90,1.1005231092527745
actual_continuation,2027,H,p90,1.1062028711590535
actual_continuation,2028,H,p90,1.111769037827207
actual_continuation,2029,H,p90,1.1172238811619972
actual_continuation,2030,H,p90,1.1225696276300916
actual_continuation,2031,H,p90,1.1278084591688242
actual_continuation,2032,H,p90,1.1329425140767821
actual_continuation,2033,H,p90,1.137973887886581
actual_continuation,2034,H,p90,1.1429046342201838
actual_continuation,2035,H,p90,1.1477367656271145
actual_continuation,2011,I,p10,0.98
actual_continuation,2012,I,p10,1.4231383975464003
actual_continuation,2013,I,p10,2.0984272359031406
actual_continuation,2014,I,p10,3.1350454003080883
actual_continuation,2015,I,p10,4.743051535239091
actual_continuation,2016,I,p10,7.253784040672879
actual_continuation,2017,I,p10,11.21328536587798
actual_continuation,2018,I,p10,17.319173656695035
actual_continuation,2019,I,p10,26.628310836090012
actual_continuation,2020,I,p10,40.17428744169152
actual_continuation,2021,I,p10,54.68154956501295
actual_continuation,2022,I,p10,67.24391962142161
actual_continuation,2023,I,p10,78.26975121767246
actual_continuation,2024,I,p10,86.92371968001099
actual_continuation,2025,I,p10,92.3191199262123
actual_continuation,2026,I,p10,95.13533682645809
actual_continuation,2027,I,p10,96.35801985207557
actual_continuation,2028,I,p10,96.87388284168111
actual_continuation,2029,I,p10,97.08926511086126
actual_continuation,2030,I,p10,97.1857768463826
actual_continuation,2031,I,p10,97.29687461373751
actual_continuation,2032,I,p10,97.37130241089427
actual_continuation,2033,I,p10,97.44771002031275
actual_continuation,2034,I,p10,97.50631589069265
actual_continuation,2035,I,p10,97.576031068148
actual_continuation,2011,I,p50,0.98
actual_continuation,2012,I,p50,1.4850689008060465
actual_continuation,2013,I,p50,2.2964870813197145
actual_continuation,2014,I,p50,3.5803090865873477
actual_continuation,2015,I,p50,5.629059641501058
actual_continuation,2016,I,p50,8.973354948133341
actual_continuation,2017,I,p50,14.388778776315768
actual_continuation,2018,I,p50,22.985782215135927
actual_continuation,2019,I,p50,36.152146622035005
actual_continuation,2020,I,p50,54.476707265110065
actual_continuation,2021,I,p50,72.15737765247553
actual_continuation,2022,I,p50,84.02325286503915
actual_continuation,2023,I,p50,91.61162091438877
actual_continuation,2024,I,p50,95.1668282939813
actual_continuation,2025,I,p50,96.65904625185944
actual_continuation,2026,I,p50,97.21875945698687
actual_continuation,2027,I,p50,97.41681657294299
actual_continuation,2028,I,p50,97.51082814572581
actual_continuation,2029,I,p50,97.61460986228255
actual_continuation,2030,I,p50,97.70168627510662
actual_continuation,2031,I,p50,97.78264822759155
actual_continuation,2032,I,p50,97.85104159790507
actual_continuation,2033,I,p50,97.9150504158319
actual_continuation,2034,I,p50,97.96536827170193
actual_continuation,2035,I,p50,98.0226484653858
actual_continuation,2011,I,p90,0.98
actual_continuation,2012,I,p90,1.551115210051683
actual_continuation,2013,I,p90,2.4940354645678555
actual_continuation,2014,I,p90,4.075741400298968
actual_continuation,2015,I,p90,6.711329773113122
actual_continuation,2016,I,p90,11.143003018504693
actual_continuation,2017,I,p90,18.642109408812285
actual_continuation,2018,I,p90,30.752865166138154
actual_continuation,2019,I,p90,48.94585596369471
actual_continuation,2020,I,p90,71.87169948734667
actual_continuation,2021,I,p90,88.541767504598
actual_continuation,2022,I,p90,94.62739830747019
actual_continuation,2023,I,p90,96.82608572141335
actual_continuation,2024,I,p90,97.52510131026274
actual_continuation,2025,I,p90,97.74675193069865
actual_continuation,2026,I,p90,97.82683247086106
actual_continuation,2027,I,p90,97.89083609902018
actual_continuation,2028,I,p90,97.9608413714097
actual_continuation,2029,I,p90,98.03691396927434
actual_continuation,2030,I,p90,98.12279716878861
actual_continuation,2031,I,p90,98.18620193099835
actual_continuation,2032,I,p90,98.25717065807245
actual_continuation,2033,I,p90,98.32515501744058
actual_continuation,2034,I,p90,98.39481950757349
actual_continuation,2035,I,p90,98.47231723910818
actual_continuation,2011,S,p10,1.0
actual_continuation,2012,S,p10,1.0
actual_continuation,2013,S,p10,1.0
actual_continuation,2014,S,p10,1.0
actual_continuation,2015,S,p10,1.0
actual_continuation,2016,S,p10,1.0
actual_continuation,2017,S,p10,1.0
actual_continuation,2018,S,p10,1.0
actual_continuation,2019,S,p10,1.0
actual_continuation,2020,S,p10,1.0
actual_continuation,2021,S,p10,0.6687283620577288
actual_continuation,2022,S,p10,0.6687283620577288
actual_continuation,2023,S,p10,0.6687283620577288
actual_continuation,2024,S,p10,0.6687283620577288
actual_continuation,2025,S,p10,0.6687283620577288
actual_continuation,2026,S,p10,0.6687283620577288
actual_continuation,2027,S,p10,0.6687283620577288
actual_continuation,2028,S,p10,0.6687283620577288
actual_continuation,2029,S,p10,0.6687283620577288
actual_continuation,2030,S,p10,0.6687283620577288
actual_continuation,2031,S,p10,0.6687283620577288
actual_continuation,2032,S,p10,0.6687283620577288
actual_continuation,2033,S,p10,0.6687283620577288
actual_continuation,2034,S,p10,0.6687283620577288
actual_continuation,2035,S,p10,0.6687283620577288
actual_continuation,2011,S,p50,1.0
actual_continuation,2012,S,p50,1.0
actual_continuation,2013,S,p50,1.0
actual_continuation,2014,S,p50,1.0
actual_continuation,2015,S,p50,1.0
actual_continuation,2016,S,p50,1.0
actual_continuation,2017,S,p50,1.0
actual_continuation,2018,S,p50,1.0
actual_continuation,2019,S,p50,1.0
actual_continuation,2020,S,p50,1.0
actual_continuation,2021,S,p50,0.7600940090439678
actual_continuation,2022,S,p50,0.7600940090439678
actual_continuation,2023,S,p50,0.7600940090439678
actual_continuation,2024,S,p50,0.7600940090439678
actual_continuation,2025,S,p50,0.7600940090439678
actual_continuation,2026,S,p50,0.7600940090439678
actual_continuation,2027,S,p50,0.7600940090439678
actual_continuation,2028,S,p50,0.7600940090439678
actual_continuation,2029,S,p50,0.7600940090439678
actual_continuation,2030,S,p50,0.7600940090439678
actual_continuation,2031,S,p50,0.7600940090439678
actual_continuation,2032,S,p50,0.7600940090439678
actual_continuation,2033,S,p50,0.7600940090439678
actual_continuation,2034,S,p50,0.7600940090439678
actual_continuation,2035,S,p50,0.7600940090439678
actual_continuation,2011,S,p90,1.0
actual_continuation,2012,S,p90,1.0
actual_continuation,2013,S,p90,1.0
actual_continuation,2014,S,p90,1.0
actual_continuation,2015,S,p90,1.0
actual_continuation,2016,S,p90,1.0
actual_continuation,2017,S,p90,1.0
actual_continuation,2018,S,p90,1.0
actual_continuation,2019,S,p90,1.0
actual_continuation,2020,S,p90,1.0
actual_continuation,2021,S,p90,0.8480943509862068
actual_continuation,2022,S,p90,0.8480943509862068
actual_continuation,2023,S,p90,0.8480943509862068
actual_continuation,2024,S,p90,0.8480943509862068
actual_continuation,2025,S,p90,0.8480943509862068
actual_continuation,2026,S,p90,0.8480943509862068
actual_continuation,2027,S,p90,0.8480943509862068
actual_continuation,2028,S,p90,0.8480943509862068
actual_continuation,2029,S,p90,0.8480943509862068
actual_continuation,2030,S,p90,0.8480943509862068
actual_continuation,2031,S,p90,0.8480943509862068
actual_continuation,2032,S,p90,0.8480943509862068
actual_continuation,2033,S,p90,0.8480943509862068
actual_continuation,2034,S,p90,0.8480943509862068
actual_continuation,2035,S,p90,0.8480943509862068
actual_continuation,2011,Y,p10,895.512538750361
actual_continuation,2012,Y,p10,926.81364454058
actual_continuation,2013,Y,p10,960.7758799898693
actual_continuation,2014,Y,p10,997.4251255983393
actual_continuation,2015,Y,p10,1039.803405246835
actual_continuation,2016,Y,p10,1090.3611549832635
actual_continuation,2017,Y,p10,1153.2453241444703
actual_continuation,2018,Y,p10,1235.6696057582535
actual_continuation,2019,Y,p10,1319.662790806932
actual_continuation,2020,Y,p10,1180.3459472253476
actual_continuation,2021,Y,p10,968.0251371245846
actual_continuation,2022,Y,p10,1012.4704444205471
actual_continuation,2023,Y,p10,1062.974757609924
actual_continuation,2024,Y,p10,1096.267378672165
actual_continuation,2025,Y,p10,1131.8953624369153
actual_continuation,2026,Y,p10,1162.8873015777906
actual_continuation,2027,Y,p10,1200.4911737919372
actual_continuation,2028,Y,p10,1236.8698852258108
actual_continuation,2029,Y,p10,1263.3649130687625
actual_continuation,2030,Y,p10,1296.2222164312575
actual_continuation,2031,Y,p10,1318.9076828314585
actual_continuation,2032,Y,p10,1335.9882332695295
actual_continuation,2033,Y,p10,1365.0991976977652
actual_continuation,2034,Y,p10,1384.3063206120232
actual_continuation,2035,Y,p10,1407.1765514690717
actual_continuation,2011,Y,p50,895.512538750361
actual_continuation,2012,Y,p50,940.9894076258486
actual_continuation,2013,Y,p50,985.9799687805336
actual_continuation,2014,Y,p50,1032.694676998416
actual_continuation,2015,Y,p50,1083.462073092795
actual_continuation,2016,Y,p50,1139.6423756203892
actual_continuation,2017,Y,p50,1207.0177839969124
actual_continuation,2018,Y,p50,1286.1526868154033
actual_continuation,2019,Y,p50,1378.279523407361
actual_continuation,2020,Y,p50,1249.8552306008655
actual_continuation,2021,Y,p50,1093.017090873862
actual_continuation,2022,Y,p50,1142.1977133851146
actual_continuation,2023,Y,p50,1193.34680818067
actual_continuation,2024,Y,p50,1241.2870750636657
actual_continuation,2025,Y,p50,1285.5637646660184
actual_continuation,2026,Y,p50,1332.4666269004083
actual_continuation,2027,Y,p50,1376.2583910076655
actual_continuation,2028,Y,p50,1414.1642028535598
actual_continuation,2029,Y,p50,1456.0626391492178
actual_continuation,2030,Y,p50,1500.143302498739
actual_continuation,2031,Y,p50,1547.2586912401955
actual_continuation,2032,Y,p50,1592.0197250594833
actual_continuation,2033,Y,p50,1633.949422176573
actual_continuation,2034,Y,p50,1687.3834361159795
actual_continuation,2035,Y,p50,1726.2275974622157
actual_continuation,2011,Y,p90,895.5125387503613
actual_continuation,2012,Y,p90,954.6087472491387
actual_continuation,2013,Y,p90,1013.2528071789402
actual_continuation,2014,Y,p90,1071.6479749666403
actual_continuation,2015,Y,p90,1130.7286638221697
actual_continuation,2016,Y,p90,1195.0837140620592
actual_continuation,2017,Y,p90,1257.218625353594
actual_continuation,2018,Y,p90,1329.9433081669638
actual_continuation,2019,Y,p90,1429.620329470493
actual_continuation,2020,Y,p90,1315.0717790164233
actual_continuation,2021,Y,p90,1211.2290645921119
actual_continuation,2022,Y,p90,1273.9911605483221
actual_continuation,2023,Y,p90,1334.5409550151887
actual_continuation,2024,Y,p90,1387.4295719125423
actual_continuation,2025,Y,p90,1439.3101578012083
actual_continuation,2026,Y,p90,1489.3076484234489
actual_continuation,2027,Y,p90,1553.388836775797
actual_continuation,2028,Y,p90,1621.3502684535729
actual_continuation,2029,Y,p90,1677.4881601859202
actual_continuation,2030,Y,p90,1745.9370962788926
actual_continuation,2031,Y,p90,1840.4382031764128
actual_continuation,2032,Y,p90,1922.1076598776017
actual_continuation,2033,Y,p90,2008.3064255986942
actual_continuation,2034,Y,p90,2090.8692916369546
actual_continuation,2035,Y,p90,2177.336826588544
actual_continuation,2011,NY.GDP.PCAP.KD,p10,895.512538750361
actual_continuation,2012,NY.GDP.PCAP.KD,p10,926.81364454058
actual_continuation,2013,NY.GDP.PCAP.KD,p10,960.7758799898693
actual_continuation,2014,NY.GDP.PCAP.KD,p10,997.4251255983393
actual_continuation,2015,NY.GDP.PCAP.KD,p10,1039.803405246835
actual_continuation,2016,NY.GDP.PCAP.KD,p10,1090.3611549832635
actual_continuation,2017,NY.GDP.PCAP.KD,p10,1153.2453241444703
actual_continuation,2018,NY.GDP.PCAP.KD,p10,1235.6696057582535
actual_continuation,2019,NY.GDP.PCAP.KD,p10,1319.662790806932
actual_continuation,2020,NY.GDP.PCAP.KD,p10,1180.3459472253476
actual_continuation,2021,NY.GDP.PCAP.KD,p10,968.0251371245846
actual_continuation,2022,NY.GDP.PCAP.KD,p10,1012.4704444205471
actual_continuation,2023,NY.GDP.PCAP.KD,p10,1062.974757609924
actual_continuation,2024,NY.GDP.PCAP.KD,p10,1096.267378672165
actual_continuation,2025,NY.GDP.PCAP.KD,p10,1131.8953624369153
actual_continuation,2026,NY.GDP.PCAP.KD,p10,1162.8873015777906
actual_continuation,2027,NY.GDP.PCAP.KD,p10,1200.4911737919372
actual_continuation,2028,NY.GDP.PCAP.KD,p10,1236.8698852258108
actual_continuation,2029,NY.GDP.PCAP.KD,p10,1263.3649130687625
actual_continuation,2030,NY.GDP.PCAP.KD,p10,1296.2222164312575
actual_continuation,2031,NY.GDP.PCAP.KD,p10,1318.9076828314585
actual_continuation,2032,NY.GDP.PCAP.KD,p10,1335.9882332695295
actual_continuation,2033,NY.GDP.PCAP.KD,p10,1365.0991976977652
actual_continuation,2034,NY.GDP.PCAP.KD,p10,1384.3063206120232
actual_continuation,2035,NY.GDP.PCAP.KD,p10,1407.1765514690717
actual_continuation,2011,NY.GDP.PCAP.KD,p50,895.512538750361
actual_continuation,2012,NY.GDP.PCAP.KD,p50,940.9894076258486
actual_continuation,2013,NY.GDP.PCAP.KD,p50,985.9799687805336
actual_continuation,2014,NY.GDP.PCAP.KD,p50,1032.694676998416
actual_continuation,2015,NY.GDP.PCAP.KD,p50,1083.462073092795
actual_continuation,2016,NY.GDP.PCAP.KD,p50,1139.6423756203892
actual_continuation,2017,NY.GDP.PCAP.KD,p50,1207.0177839969124
actual_continuation,2018,NY.GDP.PCAP.KD,p50,1286.1526868154033
actual_continuation,2019,NY.GDP.PCAP.KD,p50,1378.279523407361
actual_continuation,2020,NY.GDP.PCAP.KD,p50,1249.8552306008655
actual_continuation,2021,NY.GDP.PCAP.KD,p50,1093.017090873862
actual_continuation,2022,NY.GDP.PCAP.KD,p50,1142.1977133851146
actual_continuation,2023,NY.GDP.PCAP.KD,p50,1193.34680818067
actual_continuation,2024,NY.GDP.PCAP.KD,p50,1241.2870750636657
actual_continuation,2025,NY.GDP.PCAP.KD,p50,1285.5637646660184
actual_continuation,2026,NY.GDP.PCAP.KD,p50,1332.4666269004083
actual_continuation,2027,NY.GDP.PCAP.KD,p50,1376.2583910076655
actual_continuation,2028,NY.GDP.PCAP.KD,p50,1414.1642028535598
actual_continuation,2029,NY.GDP.PCAP.KD,p50,1456.0626391492178
actual_continuation,2030,NY.GDP.PCAP.KD,p50,1500.143302498739
actual_continuation,2031,NY.GDP.PCAP.KD,p50,1547.2586912401955
actual_continuation,2032,NY.GDP.PCAP.KD,p50,1592.0197250594833
actual_continuation,2033,NY.GDP.PCAP.KD,p50,1633.949422176573
actual_continuation,2034,NY.GDP.PCAP.KD,p50,1687.3834361159795
actual_continuation,2035,NY.GDP.PCAP.KD,p50,1726.2275974622157
actual_continuation,2011,NY.GDP.PCAP.KD,p90,895.5125387503613
actual_continuation,2012,NY.GDP.PCAP.KD,p90,954.6087472491387
actual_continuation,2013,NY.GDP.PCAP.KD,p90,1013.2528071789402
actual_continuation,2014,NY.GDP.PCAP.KD,p90,1071.6479749666403
actual_continuation,2015,NY.GDP.PCAP.KD,p90,1130.7286638221697
actual_continuation,2016,NY.GDP.PCAP.KD,p90,1195.0837140620592
actual_continuation,2017,NY.GDP.PCAP.KD,p90,1257.218625353594
actual_continuation,2018,NY.GDP.PCAP.KD,p90,1329.9433081669638
actual_continuation,2019,NY.GDP.PCAP.KD,p90,1429.620329470493
actual_continuation,2020,NY.GDP.PCAP.KD,p90,1315.0717790164233
actual_continuation,2021,NY.GDP.PCAP.KD,p90,1211.2290645921119
actual_continuation,2022,NY.GDP.PCAP.KD,p90,1273.9911605483221
actual_continuation,2023,NY.GDP.PCAP.KD,p90,1334.5409550151887
actual_continuation,2024,NY.GDP.PCAP.KD,p90,1387.4295719125423
actual_continuation,2025,NY.GDP.PCAP.KD,p90,1439.3101578012083
actual_continuation,2026,NY.GDP.PCAP.KD,p90,1489.3076484234489
actual_continuation,2027,NY.GDP.PCAP.KD,p90,1553.388836775797
actual_continuation,2028,NY.GDP.PCAP.KD,p90,1621.3502684535729
actual_continuation,2029,NY.GDP.PCAP.KD,p90,1677.4881601859202
actual_continuation,2030,NY.GDP.PCAP.KD,p90,1745.9370962788926
actual_continuation,2031,NY.GDP.PCAP.KD,p90,1840.4382031764128
actual_continuation,2032,NY.GDP.PCAP.KD,p90,1922.1076598776017
actual_continuation,2033,NY.GDP.PCAP.KD,p90,2008.3064255986942
actual_continuation,2034,NY.GDP.PCAP.KD,p90,2090.8692916369546
actual_continuation,2035,NY.GDP.PCAP.KD,p90,2177.336826588544
actual_continuation,2011,NY.GDP.MKTP.KD.ZG,p10,5.59148237823661
actual_continuation,2012,NY.GDP.MKTP.KD.ZG,p10,3.6730231829731945
actual_continuation,2013,NY.GDP.MKTP.KD.ZG,p10,3.844786510872214
actual_continuation,2014,NY.GDP.MKTP.KD.ZG,p10,4.041830439863234
actual_continuation,2015,NY.GDP.MKTP.KD.ZG,p10,4.4142067418394575
actual_continuation,2016,NY.GDP.MKTP.KD.ZG,p10,4.8788233528121845
actual_continuation,2017,NY.GDP.MKTP.KD.ZG,p10,5.333851919734867
actual_continuation,2018,NY.GDP.MKTP.KD.ZG,p10,5.417135040736397
actual_continuation,2019,NY.GDP.MKTP.KD.ZG,p10,5.3312619805607415
actual_continuation,2020,NY.GDP.MKTP.KD.ZG,p10,-11.279089285966046
actual_continuation,2021,NY.GDP.MKTP.KD.ZG,p10,-20.62965633776479
actual_continuation,2022,NY.GDP.MKTP.KD.ZG,p10,3.8117645019413127
actual_continuation,2023,NY.GDP.MKTP.KD.ZG,p10,3.375839441775019
actual_continuation,2024,NY.GDP.MKTP.KD.ZG,p10,2.8203586746362275
actual_continuation,2025,NY.GDP.MKTP.KD.ZG,p10,2.4578238897718214
actual_continuation,2026,NY.GDP.MKTP.KD.ZG,p10,2.323031576694643
actual_continuation,2027,NY.GDP.MKTP.KD.ZG,p10,1.8757944737907706
actual_continuation,2028,NY.GDP.MKTP.KD.ZG,p10,1.6764491202728489
actual_continuation,2029,NY.GDP.MKTP.KD.ZG,p10,1.5619995085024947
actual_continuation,2030,NY.GDP.MKTP.KD.ZG,p10,1.4756182983044226
actual_continuation,2031,NY.GDP.MKTP.KD.ZG,p10,1.3997121787610374
actual_continuation,2032,NY.GDP.MKTP.KD.ZG,p10,1.330468458491259
actual_continuation,2033,NY.GDP.MKTP.KD.ZG,p10,1.2671842097686694
actual_continuation,2034,NY.GDP.MKTP.KD.ZG,p10,1.2129415857643502
actual_continuation,2035,NY.GDP.MKTP.KD.ZG,p10,1.1622457360236162
actual_continuation,2011,NY.GDP.MKTP.KD.ZG,p50,5.59148237823661
actual_continuation,2012,NY.GDP.MKTP.KD.ZG,p50,5.21099091123431
actual_continuation,2013,NY.GDP.MKTP.KD.ZG,p50,4.992808098912954
actual_continuation,2014,NY.GDP.MKTP.KD.ZG,p50,5.010865040014583
actual_continuation,2015,NY.GDP.MKTP.KD.ZG,p50,5.170135650455533
actual_continuation,2016,NY.GDP.MKTP.KD.ZG,p50,5.469663204726645
actual_continuation,2017,NY.GDP.MKTP.KD.ZG,p50,5.857975962456106
actual_continuation,2018,NY.GDP.MKTP.KD.ZG,p50,6.487558414388419
actual_continuation,2019,NY.GDP.MKTP.KD.ZG,p50,7.589754766173982
actual_continuation,2020,NY.GDP.MKTP.KD.ZG,p50,-9.0269213030003
actual_continuation,2021,NY.GDP.MKTP.KD.ZG,p50,-12.408179192151737
actual_continuation,2022,NY.GDP.MKTP.KD.ZG,p50,5.139407160092208
actual_continuation,2023,NY.GDP.MKTP.KD.ZG,p50,4.620778236670637
actual_continuation,2024,NY.GDP.MKTP.KD.ZG,p50,4.07657133949737
actual_continuation,2025,NY.GDP.MKTP.KD.ZG,p50,3.7251388550636877
actual_continuation,2026,NY.GDP.MKTP.KD.ZG,p50,3.5795604501379934
actual_continuation,2027,NY.GDP.MKTP.KD.ZG,p50,3.5022596465503963
actual_continuation,2028,NY.GDP.MKTP.KD.ZG,p50,3.4472905183742872
actual_continuation,2029,NY.GDP.MKTP.KD.ZG,p50,3.437886561032262
actual_continuation,2030,NY.GDP.MKTP.KD.ZG,p50,3.4270714810366405
actual_continuation,2031,NY.GDP.MKTP.KD.ZG,p50,3.4208040777390085
actual_continuation,2032,NY.GDP.MKTP.KD.ZG,p50,3.4188532836158716
actual_continuation,2033,NY.GDP.MKTP.KD.ZG,p50,3.4154169554508735
actual_continuation,2034,NY.GDP.MKTP.KD.ZG,p50,3.418455524473946
actual_continuation,2035,NY.GDP.MKTP.KD.ZG,p50,3.4212116750663215
actual_continuation,2011,NY.GDP.MKTP.KD.ZG,p90,5.59148237823661
actual_continuation,2012,NY.GDP.MKTP.KD.ZG,p90,7.083401894062369
actual_continuation,2013,NY.GDP.MKTP.KD.ZG,p90,6.628089350926328
actual_continuation,2014,NY.GDP.MKTP.KD.ZG,p90,6.305375358899344
actual_continuation,2015,NY.GDP.MKTP.KD.ZG,p90,6.1495512780076504
actual_continuation,2016,NY.GDP.MKTP.KD.ZG,p90,5.969851457675694
actual_continuation,2017,NY.GDP.MKTP.KD.ZG,p90,6.594772699505145
actual_continuation,2018,NY.GDP.MKTP.KD.ZG,p90,8.257357686437013
actual_continuation,2019,NY.GDP.MKTP.KD.ZG,p90,10.622311777639252
actual_continuation,2020,NY.GDP.MKTP.KD.ZG,p90,-6.8181883345921
actual_continuation,2021,NY.GDP.MKTP.KD.ZG,p90,-4.695586988488631
actual_continuation,2022,NY.GDP.MKTP.KD.ZG,p90,6.9988903552442565
actual_continuation,2023,NY.GDP.MKTP.KD.ZG,p90,5.893488309176667
actual_continuation,2024,NY.GDP.MKTP.KD.ZG,p90,5.267990161250147
actual_continuation,2025,NY.GDP.MKTP.KD.ZG,p90,4.998556705837937
actual_continuation,2026,NY.GDP.MKTP.KD.ZG,p90,4.988343803294138
actual_continuation,2027,NY.GDP.MKTP.KD.ZG,p90,5.02070595921497
actual_continuation,2028,NY.GDP.MKTP.KD.ZG,p90,5.051102117355499
actual_continuation,2029,NY.GDP.MKTP.KD.ZG,p90,5.079979929057327
actual_continuation,2030,NY.GDP.MKTP.KD.ZG,p90,5.118490936107003
actual_continuation,2031,NY.GDP.MKTP.KD.ZG,p90,5.157971980088694
actual_continuation,2032,NY.GDP.MKTP.KD.ZG,p90,5.195747669414034
actual_continuation,2033,NY.GDP.MKTP.KD.ZG,p90,5.231827002791194
actual_continuation,2034,NY.GDP.MKTP.KD.ZG,p90,5.259115145640077
actual_continuation,2035,NY.GDP.MKTP.KD.ZG,p90,5.282479108387695
actual_continuation,2011,BX.KLT.DINV.WD.GD.ZS,p10,3.3302980578800403
actual_continuation,2012,BX.KLT.DINV.WD.GD.ZS,p10,3.3302980578800403
actual_continuation,2013,BX.KLT.DINV.WD.GD.ZS,p10,3.3302980578800403
actual_continuation,2014,BX.KLT.DINV.WD.GD.ZS,p10,3.3302980578800403
actual_continuation,2015,BX.KLT.DINV.WD.GD.ZS,p10,3.3302980578800403
actual_continuation,2016,BX.KLT.DINV.WD.GD.ZS,p10,3.3302980578800403
actual_continuation,2017,BX.KLT.DINV.WD.GD.ZS,p10,3.3302980578800403
actual_continuation,2018,BX.KLT.DINV.WD.GD.ZS,p10,3.3302980578800403
actual_continuation,2019,BX.KLT.DINV.WD.GD.ZS,p10,3.3302980578800403
actual_continuation,2020,BX.KLT.DINV.WD.GD.ZS,p10,3.3302980578800403
actual_continuation,2021,BX.KLT.DINV.WD.GD.ZS,p10,2.4123561847636283
actual_continuation,2022,BX.KLT.DINV.WD.GD.ZS,p10,2.4123561847636283
actual_continuation,2023,BX.KLT.DINV.WD.GD.ZS,p10,2.4123561847636283
actual_continuation,2024,BX.KLT.DINV.WD.GD.ZS,p10,2.4123561847636283
actual_continuation,2025,BX.KLT.DINV.WD.GD.ZS,p10,2.4123561847636283
actual_continuation,2026,BX.KLT.DINV.WD.GD.ZS,p10,2.4123561847636283
actual_continuation,2027,BX.KLT.DINV.WD.GD.ZS,p10,2.4123561847636283
actual_continuation,2028,BX.KLT.DINV.WD.GD.ZS,p10,2.4123561847636283
actual_continuation,2029,BX.KLT.DINV.WD.GD.ZS,p10,2.4123561847636283
actual_continuation,2030,BX.KLT.DINV.WD.GD.ZS,p10,2.4123561847636283
actual_continuation,2031,BX.KLT.DINV.WD.GD.ZS,p10,2.4123561847636283
actual_continuation,2032,BX.KLT.DINV.WD.GD.ZS,p10,2.4123561847636283
actual_continuation,2033,BX.KLT.DINV.WD.GD.ZS,p10,2.4123561847636283
actual_continuation,2034,BX.KLT.DINV.WD.GD.ZS,p10,2.4123561847636283
actual_continuation,2035,BX.KLT.DINV.WD.GD.ZS,p10,2.4123561847636283
actual_continuation,2011,BX.KLT.DINV.WD.GD.ZS,p50,3.7886515938381757
actual_continuation,2012,BX.KLT.DINV.WD.GD.ZS,p50,3.7886515938381757
actual_continuation,2013,BX.KLT.DINV.WD.GD.ZS,p50,3.7886515938381757
actual_continuation,2014,BX.KLT.DINV.WD.GD.ZS,p50,3.7886515938381757
actual_continuation,2015,BX.KLT.DINV.WD.GD.ZS,p50,3.7886515938381757
actual_continuation,2016,BX.KLT.DINV.WD.GD.ZS,p50,3.7886515938381757
actual_continuation,2017,BX.KLT.DINV.WD.GD.ZS,p50,3.7886515938381757
actual_continuation,2018,BX.KLT.DINV.WD.GD.ZS,p50,3.7886515938381757
actual_continuation,2019,BX.KLT.DINV.WD.GD.ZS,p50,3.7886515938381757
actual_continuation,2020,BX.KLT.DINV.WD.GD.ZS,p50,3.7886515938381757
actual_continuation,2021,BX.KLT.DINV.WD.GD.ZS,p50,2.8640155783905223
actual_continuation,2022,BX.KLT.DINV.WD.GD.ZS,p50,2.8640155783905223
actual_continuation,2023,BX.KLT.DINV.WD.GD.ZS,p50,2.8640155783905223
actual_continuation,2024,BX.KLT.DINV.WD.GD.ZS,p50,2.8640155783905223
actual_continuation,2025,BX.KLT.DINV.WD.GD.ZS,p50,2.8640155783905223
actual_continuation,2026,BX.KLT.DINV.WD.GD.ZS,p50,2.8640155783905223
actual_continuation,2027,BX.KLT.DINV.WD.GD.ZS,p50,2.8640155783905223
actual_continuation,2028,BX.KLT.DINV.WD.GD.ZS,p50,2.8640155783905223
actual_continuation,2029,BX.KLT.DINV.WD.GD.ZS,p50,2.8640155783905223
actual_continuation,2030,BX.KLT.DINV.WD.GD.ZS,p50,2.8640155783905223
actual_continuation,2031,BX.KLT.DINV.WD.GD.ZS,p50,2.8640155783905223
actual_continuation,2032,BX.KLT.DINV.WD.GD.ZS,p50,2.8640155783905223
actual_continuation,2033,BX.KLT.DINV.WD.GD.ZS,p50,2.8640155783905223
actual_continuation,2034,BX.KLT.DINV.WD.GD.ZS,p50,2.8640155783905223
actual_continuation,2035,BX.KLT.DINV.WD.GD.ZS,p50,2.8640155783905223
actual_continuation,2011,BX.KLT.DINV.WD.GD.ZS,p90,4.266336819537714
actual_continuation,2012,BX.KLT.DINV.WD.GD.ZS,p90,4.266336819537714
actual_continuation,2013,BX.KLT.DINV.WD.GD.ZS,p90,4.266336819537714
actual_continuation,2014,BX.KLT.DINV.WD.GD.ZS,p90,4.266336819537714
actual_continuation,2015,BX.KLT.DINV.WD.GD.ZS,p90,4.266336819537714
actual_continuation,2016,BX.KLT.DINV.WD.GD.ZS,p90,4.266336819537714
actual_continuation,2017,BX.KLT.DINV.WD.GD.ZS,p90,4.266336819537714
actual_continuation,2018,BX.KLT.DINV.WD.GD.ZS,p90,4.266336819537714
actual_continuation,2019,BX.KLT.DINV.WD.GD.ZS,p90,4.266336819537714
actual_continuation,2020,BX.KLT.DINV.WD.GD.ZS,p90,4.266336819537714
actual_continuation,2021,BX.KLT.DINV.WD.GD.ZS,p90,3.394035898978108
actual_continuation,2022,BX.KLT.DINV.WD.GD.ZS,p90,3.394035898978108
actual_continuation,2023,BX.KLT.DINV.WD.GD.ZS,p90,3.394035898978108
actual_continuation,2024,BX.KLT.DINV.WD.GD.ZS,p90,3.394035898978108
actual_continuation,2025,BX.KLT.DINV.WD.GD.ZS,p90,3.394035898978108
actual_continuation,2026,BX.KLT.DINV.WD.GD.ZS,p90,3.394035898978108
actual_continuation,2027,BX.KLT.DINV.WD.GD.ZS,p90,3.394035898978108
actual_continuation,2028,BX.KLT.DINV.WD.GD.ZS,p90,3.394035898978108
actual_continuation,2029,BX.KLT.DINV.WD.GD.ZS,p90,3.394035898978108
actual_continuation,2030,BX.KLT.DINV.WD.GD.ZS,p90,3.394035898978108
actual_continuation,2031,BX.KLT.DINV.WD.GD.ZS,p90,3.394035898978108
actual_continuation,2032,BX.KLT.DINV.WD.GD.ZS,p90,3.394035898978108
actual_continuation,2033,BX.KLT.DINV.WD.GD.ZS,p90,3.394035898978108
actual_continuation,2034,BX.KLT.DINV.WD.GD.ZS,p90,3.394035898978108
actual_continuation,2035,BX.KLT.DINV.WD.GD.ZS,p90,3.394035898978108
actual_continuation,2011,IT.NET.USER.ZS,p10,0.98
actual_continuation,2012,IT.NET.USER.ZS,p10,1.4231383975464003
actual_continuation,2013,IT.NET.USER.ZS,p10,2.0984272359031406
actual_continuation,2014,IT.NET.USER.ZS,p10,3.1350454003080883
actual_continuation,2015,IT.NET.USER.ZS,p10,4.743051535239091
actual_continuation,2016,IT.NET.USER.ZS,p10,7.253784040672879
actual_continuation,2017,IT.NET.USER.ZS,p10,11.21328536587798
actual_continuation,2018,IT.NET.USER.ZS,p10,17.319173656695035
actual_continuation,2019,IT.NET.USER.ZS,p10,26.628310836090012
actual_continuation,2020,IT.NET.USER.ZS,p10,40.17428744169152
actual_continuation,2021,IT.NET.USER.ZS,p10,54.68154956501295
actual_continuation,2022,IT.NET.USER.ZS,p10,67.24391962142161
actual_continuation,2023,IT.NET.USER.ZS,p10,78.26975121767246
actual_continuation,2024,IT.NET.USER.ZS,p10,86.92371968001099
actual_continuation,2025,IT.NET.USER.ZS,p10,92.3191199262123
actual_continuation,2026,IT.NET.USER.ZS,p10,95.13533682645809
actual_continuation,2027,IT.NET.USER.ZS,p10,96.35801985207557
actual_continuation,2028,IT.NET.USER.ZS,p10,96.87388284168111
actual_continuation,2029,IT.NET.USER.ZS,p10,97.08926511086126
actual_continuation,2030,IT.NET.USER.ZS,p10,97.1857768463826
actual_continuation,2031,IT.NET.USER.ZS,p10,97.29687461373751
actual_continuation,2032,IT.NET.USER.ZS,p10,97.37130241089427
actual_continuation,2033,IT.NET.USER.ZS,p10,97.44771002031275
actual_continuation,2034,IT.NET.USER.ZS,p10,97.50631589069265
actual_continuation,2035,IT.NET.USER.ZS,p10,97.576031068148
actual_continuation,2011,IT.NET.USER.ZS,p50,0.98
actual_continuation,2012,IT.NET.USER.ZS,p50,1.4850689008060465
actual_continuation,2013,IT.NET.USER.ZS,p50,2.2964870813197145
actual_continuation,2014,IT.NET.USER.ZS,p50,3.5803090865873477
actual_continuation,2015,IT.NET.USER.ZS,p50,5.629059641501058
actual_continuation,2016,IT.NET.USER.ZS,p50,8.973354948133341
actual_continuation,2017,IT.NET.USER.ZS,p50,14.388778776315768
actual_continuation,2018,IT.NET.USER.ZS,p50,22.985782215135927
actual_continuation,2019,IT.NET.USER.ZS,p50,36.152146622035005
actual_continuation,2020,IT.NET.USER.ZS,p50,54.476707265110065
actual_continuation,2021,IT.NET.USER.ZS,p50,72.15737765247553
actual_continuation,2022,IT.NET.USER.ZS,p50,84.02325286503915
actual_continuation,2023,IT.NET.USER.ZS,p50,91.61162091438877
actual_continuation,2024,IT.NET.USER.ZS,p50,95.1668282939813
actual_continuation,2025,IT.NET.USER.ZS,p50,96.65904625185944
actual_continuation,2026,IT.NET.USER.ZS,p50,97.21875945698687
actual_continuation,2027,IT.NET.USER.ZS,p50,97.41681657294299
actual_continuation,2028,IT.NET.USER.ZS,p50,97.51082814572581
actual_continuation,2029,IT.NET.USER.ZS,p50,97.61460986228255
actual_continuation,2030,IT.NET.USER.ZS,p50,97.70168627510662
actual_continuation,2031,IT.NET.USER.ZS,p50,97.78264822759155
actual_continuation,2032,IT.NET.USER.ZS,p50,97.85104159790507
actual_continuation,2033,IT.NET.USER.ZS,p50,97.9150504158319
actual_continuation,2034,IT.NET.USER.ZS,p50,97.96536827170193
actual_continuation,2035,IT.NET.USER.ZS,p50,98.0226484653858
actual_continuation,2011,IT.NET.USER.ZS,p90,0.98
actual_continuation,2012,IT.NET.USER.ZS,p90,1.551115210051683
actual_continuation,2013,IT.NET.USER.ZS,p90,2.4940354645678555
actual_continuation,2014,IT.NET.USER.ZS,p90,4.075741400298968
actual_continuation,2015,IT.NET.USER.ZS,p90,6.711329773113122
actual_continuation,2016,IT.NET.USER.ZS,p90,11.143003018504693
actual_continuation,2017,IT.NET.USER.ZS,p90,18.642109408812285
actual_continuation,2018,IT.NET.USER.ZS,p90,30.752865166138154
actual_continuation,2019,IT.NET.USER.ZS,p90,48.94585596369471
actual_continuation,2020,IT.NET.USER.ZS,p90,71.87169948734667
actual_continuation,2021,IT.NET.USER.ZS,p90,88.541767504598
actual_continuation,2022,IT.NET.USER.ZS,p90,94.62739830747019
actual_continuation,2023,IT.NET.USER.ZS,p90,96.82608572141335
actual_continuation,2024,IT.NET.USER.ZS,p90,97.52510131026274
actual_continuation,2025,IT.NET.USER.ZS,p90,97.74675193069865
actual_continuation,2026,IT.NET.USER.ZS,p90,97.82683247086106
actual_continuation,2027,IT.NET.USER.ZS,p90,97.89083609902018
actual_continuation,2028,IT.NET.USER.ZS,p90,97.9608413714097
actual_continuation,2029,IT.NET.USER.ZS,p90,98.03691396927434
actual_continuation,2030,IT.NET.USER.ZS,p90,98.12279716878861
actual_continuation,2031,IT.NET.USER.ZS,p90,98.18620193099835
actual_continuation,2032,IT.NET.USER.ZS,p90,98.25717065807245
actual_continuation,2033,IT.NET.USER.ZS,p90,98.32515501744058
actual_continuation,2034,IT.NET.USER.ZS,p90,98.39481950757349
actual_continuation,2035,IT.NET.USER.ZS,p90,98.47231723910818
actual_continuation,2011,IT.CEL.SETS.P2,p10,10.787881717832825
actual_continuation,2012,IT.CEL.SETS.P2,p10,15.995786717761632
actual_continuation,2013,IT.CEL.SETS.P2,p10,23.798754929158328
actual_continuation,2014,IT.CEL.SETS.P2,p10,34.673974811855594
actual_continuation,2015,IT.CEL.SETS.P2,p10,49.27497259824456
actual_continuation,2016,IT.CEL.SETS.P2,p10,68.44318136368446
actual_continuation,2017,IT.CEL.SETS.P2,p10,91.19528233237112
actual_continuation,2018,IT.CEL.SETS.P2,p10,112.23685480413532
actual_continuation,2019,IT.CEL.SETS.P2,p10,126.02055808202158
actual_continuation,2020,IT.CEL.SETS.P2,p10,131.63329598204817
actual_continuation,2021,IT.CEL.SETS.P2,p10,96.99691187792334
actual_continuation,2022,IT.CEL.SETS.P2,p10,97.05397507231878
actual_continuation,2023,IT.CEL.SETS.P2,p10,97.07113307372708
actual_continuation,2024,IT.CEL.SETS.P2,p10,97.07636706959154
actual_continuation,2025,IT.CEL.SETS.P2,p10,97.07808956139606
actual_continuation,2026,IT.CEL.SETS.P2,p10,97.07879223412486
actual_continuation,2027,IT.CEL.SETS.P2,p10,97.07918797655067
actual_continuation,2028,IT.CEL.SETS.P2,p10,97.0794769951353
actual_continuation,2029,IT.CEL.SETS.P2,p10,97.0797190982853
actual_continuation,2030,IT.CEL.SETS.P2,p10,97.07993529562286
actual_continuation,2031,IT.CEL.SETS.P2,p10,97.08013426044317
actual_continuation,2032,IT.CEL.SETS.P2,p10,97.08031988333855
actual_continuation,2033,IT.CEL.SETS.P2,p10,97.08049402524779
actual_continuation,2034,IT.CEL.SETS.P2,p10,97.08065770430422
actual_continuation,2035,IT.CEL.SETS.P2,p10,97.0808116071354
actual_continuation,2011,IT.CEL.SETS.P2,p50,12.692573001775385
actual_continuation,2012,IT.CEL.SETS.P2,p50,18.885128050154748
actual_continuation,2013,IT.CEL.SETS.P2,p50,27.79471371887363
actual_continuation,2014,IT.CEL.SETS.P2,p50,41.14623535531682
actual_continuation,2015,IT.CEL.SETS.P2,p50,59.868866379412665
actual_continuation,2016,IT.CEL.SETS.P2,p50,83.19897115166495
actual_continuation,2017,IT.CEL.SETS.P2,p50,108.2131655825701
actual_continuation,2018,IT.CEL.SETS.P2,p50,129.5441441842266
actual_continuation,2019,IT.CEL.SETS.P2,p50,142.3210572992359
actual_continuation,2020,IT.CEL.SETS.P2,p50,147.24727430148346
actual_continuation,2021,IT.CEL.SETS.P2,p50,111.28665370570738
actual_continuation,2022,IT.CEL.SETS.P2,p50,111.3994511519205
actual_continuation,2023,IT.CEL.SETS.P2,p50,111.4904454716214
actual_continuation,2024,IT.CEL.SETS.P2,p50,111.53463535558717
actual_continuation,2025,IT.CEL.SETS.P2,p50,111.54959398275021
actual_continuation,2026,IT.CEL.SETS.P2,p50,111.55506613985537
actual_continuation,2027,IT.CEL.SETS.P2,p50,111.55720344045581
actual_continuation,2028,IT.CEL.SETS.P2,p50,111.55809751686084
actual_continuation,2029,IT.CEL.SETS.P2,p50,111.55851095864065
actual_continuation,2030,IT.CEL.SETS.P2,p50,111.55873328857459
actual_continuation,2031,IT.CEL.SETS.P2,p50,111.55887699272114
actual_continuation,2032,IT.CEL.SETS.P2,p50,111.55898652554714
actual_continuation,2033,IT.CEL.SETS.P2,p50,111.55907974423928
actual_continuation,2034,IT.CEL.SETS.P2,p50,111.5591639604927
actual_continuation,2035,IT.CEL.SETS.P2,p50,111.55924225934075
actual_continuation,2011,IT.CEL.SETS.P2,p90,15.120901095861507
actual_continuation,2012,IT.CEL.SETS.P2,p90,22.046126428954846
actual_continuation,2013,IT.CEL.SETS.P2,p90,33.105531027906125
actual_continuation,2014,IT.CEL.SETS.P2,p90,48.98923033218745
actual_continuation,2015,IT.CEL.SETS.P2,p90,71.03692350469917
actual_continuation,2016,IT.CEL.SETS.P2,p90,99.5469934174239
actual_continuation,2017,IT.CEL.SETS.P2,p90,128.58066977578315
actual_continuation,2018,IT.CEL.SETS.P2,p90,149.13254220634457
actual_continuation,2019,IT.CEL.SETS.P2,p90,161.2327464473533
actual_continuation,2020,IT.CEL.SETS.P2,p90,166.2768370745722
actual_continuation,2021,IT.CEL.SETS.P2,p90,132.41335371834114
actual_continuation,2022,IT.CEL.SETS.P2,p90,132.89006082466986
actual_continuation,2023,IT.CEL.SETS.P2,p90,133.01571345858545
actual_continuation,2024,IT.CEL.SETS.P2,p90,133.05028242856767
actual_continuation,2025,IT.CEL.SETS.P2,p90,133.060467910271
actual_continuation,2026,IT.CEL.SETS.P2,p90,133.0635522970821
actual_continuation,2027,IT.CEL.SETS.P2,p90,133.06458804720356
actual_continuation,2028,IT.CEL.SETS.P2,p90,133.0650896363981
actual_continuation,2029,IT.CEL.SETS.P2,p90,133.06546290092268
actual_continuation,2030,IT.CEL.SETS.P2,p90,133.0657978778157
actual_continuation,2031,IT.CEL.SETS.P2,p90,133.06611071193709
actual_continuation,2032,IT.CEL.SETS.P2,p90,133.0664043209211
actual_continuation,2033,IT.CEL.SETS.P2,p90,133.06667994098896
actual_continuation,2034,IT.CEL.SETS.P2,p90,133.0669386295123
actual_continuation,2035,IT.CEL.SETS.P2,p90,133.06718138278762
actual_continuation,2011,SP.DYN.LE00.IN,p10,63.859
actual_continuation,2012,SP.DYN.LE00.IN,p10,63.96826227554801
actual_continuation,2013,SP.DYN.LE00.IN,p10,64.07533930558505
actual_continuation,2014,SP.DYN.LE00.IN,p10,64.18027479502133
actual_continuation,2015,SP.DYN.LE00.IN,p10,64.28311157466892
actual_continuation,2016,SP.DYN.LE00.IN,p10,64.38389161872355
actual_continuation,2017,SP.DYN.LE00.IN,p10,64.48265606189707
actual_continuation,2018,SP.DYN.LE00.IN,p10,64.57944521620715
actual_continuation,2019,SP.DYN.LE00.IN,p10,64.67429858743101
actual_continuation,2020,SP.DYN.LE00.IN,p10,64.76725489123041
actual_continuation,2021,SP.DYN.LE00.IN,p10,64.85835206895379
actual_continuation,2022,SP.DYN.LE00.IN,p10,64.94762730312273
actual_continuation,2023,SP.DYN.LE00.IN,p10,65.03511703260828
actual_continuation,2024,SP.DYN.LE00.IN,p10,65.12085696750411
actual_continuation,2025,SP.DYN.LE00.IN,p10,65.20488210370203
actual_continuation,2026,SP.DYN.LE00.IN,p10,65.287226737176
actual_continuation,2027,SP.DYN.LE00.IN,p10,65.36792447798048
actual_continuation,2028,SP.DYN.LE00.IN,p10,65.44700826396887
actual_continuation,2029,SP.DYN.LE00.IN,p10,65.5245103742375
actual_continuation,2030,SP.DYN.LE00.IN,p10,65.60046244230075
actual_continuation,2031,SP.DYN.LE00.IN,p10,65.67489546900275
actual_continuation,2032,SP.DYN.LE00.IN,p10,65.7478398351707
actual_continuation,2033,SP.DYN.LE00.IN,p10,65.81932531401529
actual_continuation,2034,SP.DYN.LE00.IN,p10,65.889381083283
actual_continuation,2035,SP.DYN.LE00.IN,p10,65.95803573716533
actual_continuation,2011,SP.DYN.LE00.IN,p50,63.859
actual_continuation,2012,SP.DYN.LE00.IN,p50,64.17341988578804
actual_continuation,2013,SP.DYN.LE00.IN,p50,64.48155137386027
actual_continuation,2014,SP.DYN.LE00.IN,p50,64.7835202321711
actual_continuation,2015,SP.DYN.LE00.IN,p50,65.07944971331571
actual_continuation,2016,SP.DYN.LE00.IN,p50,65.36946060483743
actual_continuation,2017,SP.DYN.LE00.IN,p50,65.65367127852869
actual_continuation,2018,SP.DYN.LE00.IN,p50,65.93219773874614
actual_continuation,2019,SP.DYN.LE00.IN,p50,66.20515366975923
actual_continuation,2020,SP.DYN.LE00.IN,p50,66.47265048215206
actual_continuation,2021,SP.DYN.LE00.IN,p50,66.73479735829704
actual_continuation,2022,SP.DYN.LE00.IN,p50,66.99170129691913
actual_continuation,2023,SP.DYN.LE00.IN,p50,67.24346715676877
actual_continuation,2024,SP.DYN.LE00.IN,p50,67.49019769942142
actual_continuation,2025,SP.DYN.LE00.IN,p50,67.73199363122102
actual_continuation,2026,SP.DYN.LE00.IN,p50,67.96895364438461
actual_continuation,2027,SP.DYN.LE00.IN,p50,68.20117445728494
actual_continuation,2028,SP.DYN.LE00.IN,p50,68.42875085392727
actual_continuation,2029,SP.DYN.LE00.IN,p50,68.65177572263676
actual_continuation,2030,SP.DYN.LE00.IN,p50,68.87034009397203
actual_continuation,2031,SP.DYN.LE00.IN,p50,69.08453317788062
actual_continuation,2032,SP.DYN.LE00.IN,p50,69.29444240011102
actual_continuation,2033,SP.DYN.LE00.IN,p50,69.50015343789684
actual_continuation,2034,SP.DYN.LE00.IN,p50,69.7017502549269
actual_continuation,2035,SP.DYN.LE00.IN,p50,69.8993151356164
actual_continuation,2011,SP.DYN.LE00.IN,p90,63.859
actual_continuation,2012,SP.DYN.LE00.IN,p90,64.35009002024853
actual_continuation,2013,SP.DYN.LE00.IN,p90,64.83135824009209
actual_continuation,2014,SP.DYN.LE00.IN,p90,65.30300109553876
actual_continuation,2015,SP.DYN.LE00.IN,p90,65.7652110938765
actual_continuation,2016,SP.DYN.LE00.IN,p90,66.2181768922475
actual_continuation,2017,SP.DYN.LE00.IN,p90,66.66208337465108
actual_continuation,2018,SP.DYN.LE00.IN,p90,67.0971117274066
actual_continuation,2019,SP.DYN.LE00.IN,p90,67.52343951310698
actual_continuation,2020,SP.DYN.LE00.IN,p90,67.94124074309337
actual_continuation,2021,SP.DYN.LE00.IN,p90,68.35068594848002
actual_continuation,2022,SP.DYN.LE00.IN,p90,68.75194224975894
actual_continuation,2023,SP.DYN.LE00.IN,p90,69.14517342501229
actual_continuation,2024,SP.DYN.LE00.IN,p90,69.53053997676058
actual_continuation,2025,SP.DYN.LE00.IN,p90,69.90819919747389
actual_continuation,2026,SP.DYN.LE00.IN,p90,70.27830523377294
actual_continuation,2027,SP.DYN.LE00.IN,p90,70.641009149346
actual_continuation,2028,SP.DYN.LE00.IN,p90,70.9964589866076
actual_continuation,2029,SP.DYN.LE00.IN,p90,71.34479982712398
actual_continuation,2030,SP.DYN.LE00.IN,p90,71.68617385083002
actual_continuation,2031,SP.DYN.LE00.IN,p90,72.02072039406194
actual_continuation,2032,SP.DYN.LE00.IN,p90,72.34857600642924
actual_continuation,2033,SP.DYN.LE00.IN,p90,72.66987450654918
actual_continuation,2034,SP.DYN.LE00.IN,p90,72.98474703666672
actual_continuation,2035,SP.DYN.LE00.IN,p90,73.29332211618191
actual_continuation,2011,SH.DYN.MORT,p10,59.7
actual_continuation,2012,SH.DYN.MORT,p10,55.59278346773962
actual_continuation,2013,SH.DYN.MORT,p10,51.86841600877123
actual_continuation,2014,SH.DYN.MORT,p10,48.48410753718429
actual_continuation,2015,SH.DYN.MORT,p10,45.40255954984175
actual_continuation,2016,SH.DYN.MORT,p10,42.5911768843372
actual_continuation,2017,SH.DYN.MORT,p10,40.02140379955095
actual_continuation,2018,SH.DYN.MORT,p10,37.66816310707429
actual_continuation,2019,SH.DYN.MORT,p10,35.5093809917446
actual_continuation,2020,SH.DYN.MORT,p10,33.525583303367746
actual_continuation,2021,SH.DYN.MORT,p10,31.69955163842575
actual_continuation,2022,SH.DYN.MORT,p10,30.0160295844259
actual_continuation,2023,SH.DYN.MORT,p10,28.461471167975702
actual_continuation,2024,SH.DYN.MORT,p10,27.023824907374586
actual_continuation,2025,SH.DYN.MORT,p10,25.692347982097345
actual_continuation,2026,SH.DYN.MORT,p10,24.457445943056427
actual_continuation,2027,SH.DYN.MORT,p10,23.310534137198317
actual_continuation,2028,SH.DYN.MORT,p10,22.243917638327645
actual_continuation,2029,SH.DYN.MORT,p10,21.250686987503222
actual_continuation,2030,SH.DYN.MORT,p10,20.324627470543746
actual_continuation,2031,SH.DYN.MORT,p10,19.460140012944034
actual_continuation,2032,SH.DYN.MORT,p10,18.652172066622626
actual_continuation,2033,SH.DYN.MORT,p10,17.896157108768154
actual_continuation,2034,SH.DYN.MORT,p10,17.18796157905551
actual_continuation,2035,SH.DYN.MORT,p10,16.52383825453319
actual_continuation,2011,SH.DYN.MORT,p50,59.7
actual_continuation,2012,SH.DYN.MORT,p50,57.1571332716775
actual_continuation,2013,SH.DYN.MORT,p50,54.78044839537239
actual_continuation,2014,SH.DYN.MORT,p50,52.55653285696603
actual_continuation,2015,SH.DYN.MORT,p50,50.47324384885084
actual_continuation,2016,SH.DYN.MORT,p50,48.51957179913076
actual_continuation,2017,SH.DYN.MORT,p50,46.685520204940445
actual_continuation,2018,SH.DYN.MORT,p50,44.96199963707333
actual_continuation,2019,SH.DYN.MORT,p50,43.3407340851809
actual_continuation,2020,SH.DYN.MORT,p50,41.81417806896155
actual_continuation,2021,SH.DYN.MORT,p50,40.37544315843737
actual_continuation,2022,SH.DYN.MORT,p50,39.018232731779456
actual_continuation,2023,SH.DYN.MORT,p50,37.73678395730545
actual_continuation,2024,SH.DYN.MORT,p50,36.525816121489285
actual_continuation,2025,SH.DYN.MORT,p50,35.380484540648986
actual_continuation,2026,SH.DYN.MORT,p50,34.296339393376726
actual_continuation,2027,SH.DYN.MORT,p50,33.26928889623626
actual_continuation,2028,SH.DYN.MORT,p50,32.295566318860025
actual_continuation,2029,SH.DYN.MORT,p50,31.37170039809018
actual_continuation,2030,SH.DYN.MORT,p50,30.494488765701355
actual_continuation,2031,SH.DYN.MORT,p50,29.660974051768537
actual_continuation,2032,SH.DYN.MORT,p50,28.869528030703087
actual_continuation,2033,SH.DYN.MORT,p50,28.117240311136108
actual_continuation,2034,SH.DYN.MORT,p50,27.401024774396475
actual_continuation,2035,SH.DYN.MORT,p50,26.71870293682391
actual_continuation,2011,SH.DYN.MORT,p90,59.7
actual_continuation,2012,SH.DYN.MORT,p90,58.76871882133626
actual_continuation,2013,SH.DYN.MORT,p90,57.871856127797415
actual_continuation,2014,SH.DYN.MORT,p90,57.0078104076107
actual_continuation,2015,SH.DYN.MORT,p90,56.175070840681194
actual_continuation,2016,SH.DYN.MORT,p90,55.372211291168185
actual_continuation,2017,SH.DYN.MORT,p90,54.59788475220158
actual_continuation,2018,SH.DYN.MORT,p90,53.85081820482544
actual_continuation,2019,SH.DYN.MORT,p90,53.12980785674688
actual_continuation,2020,SH.DYN.MORT,p90,52.43371472961171
actual_continuation,2021,SH.DYN.MORT,p90,51.76146056635968
actual_continuation,2022,SH.DYN.MORT,p90,51.11202403276329
actual_continuation,2023,SH.DYN.MORT,p90,50.48443718955917
actual_continuation,2024,SH.DYN.MORT,p90,49.877782213659806
actual_continuation,2025,SH.DYN.MORT,p90,49.291188348816256
actual_continuation,2026,SH.DYN.MORT,p90,48.72382906780288
actual_continuation,2027,SH.DYN.MORT,p90,48.17491942973793
actual_continuation,2028,SH.DYN.MORT,p90,47.64371361755043
actual_continuation,2029,SH.DYN.MORT,p90,47.12950264187143
actual_continuation,2030,SH.DYN.MORT,p90,46.63161219877858
actual_continuation,2031,SH.DYN.MORT,p90,46.14940066986952
actual_continuation,2032,SH.DYN.MORT,p90,45.6822572540889
actual_continuation,2033,SH.DYN.MORT,p90,45.229600221601075
actual_continuation,2034,SH.DYN.MORT,p90,44.79087528078837
actual_continuation,2035,SH.DYN.MORT,p90,44.365554050172996
actual_continuation,2011,SE.SEC.ENRR,p10,52.42925548553468
actual_continuation,2012,SE.SEC.ENRR,p10,53.7335333458843
actual_continuation,2013,SE.SEC.ENRR,p10,54.982294392933454
actual_continuation,2014,SE.SEC.ENRR,p10,56.178501533125356
actual_continuation,2015,SE.SEC.ENRR,p10,57.32492811654422
actual_continuation,2016,SE.SEC.ENRR,p10,58.424171927794
actual_continuation,2017,SE.SEC.ENRR,p10,59.47866801587263
actual_continuation,2018,SE.SEC.ENRR,p10,60.49070046947424
actual_continuation,2019,SE.SEC.ENRR,p10,61.462413233511455
actual_continuation,2020,SE.SEC.ENRR,p10,62.39582005315892
actual_continuation,2021,SE.SEC.ENRR,p10,63.29281362323971
actual_continuation,2022,SE.SEC.ENRR,p10,64.15517401320328
actual_continuation,2023,SE.SEC.ENRR,p10,64.98457643116075
actual_continuation,2024,SE.SEC.ENRR,p10,65.78259838437101
actual_continuation,2025,SE.SEC.ENRR,p10,66.5507262881295
actual_continuation,2026,SE.SEC.ENRR,p10,67.29036157012223
actual_continuation,2027,SE.SEC.ENRR,p10,68.0028263129195
actual_continuation,2028,SE.SEC.ENRR,p10,68.68936847333995
actual_continuation,2029,SE.SEC.ENRR,p10,69.35116671386153
actual_continuation,2030,SE.SEC.ENRR,p10,69.98933487805728
actual_continuation,2031,SE.SEC.ENRR,p10,70.60492613915225
actual_continuation,2032,SE.SEC.ENRR,p10,71.19893684819296
actual_continuation,2033,SE.SEC.ENRR,p10,71.77231010597141
actual_continuation,2034,SE.SEC.ENRR,p10,72.32593908072201
actual_continuation,2035,SE.SEC.ENRR,p10,72.86067009168694
actual_continuation,2011,SE.SEC.ENRR,p50,52.42925548553468
actual_continuation,2012,SE.SEC.ENRR,p50,56.09990900662653
actual_continuation,2013,SE.SEC.ENRR,p50,59.46362424855907
actual_continuation,2014,SE.SEC.ENRR,p50,62.551179115631214
actual_continuation,2015,SE.SEC.ENRR,p50,65.38980851165546
actual_continuation,2016,SE.SEC.ENRR,p50,68.00366031099237
actual_continuation,2017,SE.SEC.ENRR,p50,70.41418687277154
actual_continuation,2018,SE.SEC.ENRR,p50,72.64048198024409
actual_continuation,2019,SE.SEC.ENRR,p50,74.69957145992076
actual_continuation,2020,SE.SEC.ENRR,p50,76.60666439350625
actual_continuation,2021,SE.SEC.ENRR,p50,78.37537072652873
actual_continuation,2022,SE.SEC.ENRR,p50,80.01789015826994
actual_continuation,2023,SE.SEC.ENRR,p50,81.54517643368774
actual_continuation,2024,SE.SEC.ENRR,p50,82.96708052164286
actual_continuation,2025,SE.SEC.ENRR,p50,84.2924756323068
actual_continuation,2026,SE.SEC.ENRR,p50,85.5293665817783
actual_continuation,2027,SE.SEC.ENRR,p50,86.68498563869773
actual_continuation,2028,SE.SEC.ENRR,p50,87.76587667378246
actual_continuation,2029,SE.SEC.ENRR,p50,88.77796916868408
actual_continuation,2030,SE.SEC.ENRR,p50,89.72664341714666
actual_continuation,2031,SE.SEC.ENRR,p50,90.61678806234212
actual_continuation,2032,SE.SEC.ENRR,p50,91.45285095386643
actual_continuation,2033,SE.SEC.ENRR,p50,92.23888417156962
actual_continuation,2034,SE.SEC.ENRR,p50,92.97858394731388
actual_continuation,2035,SE.SEC.ENRR,p50,93.67532611671534
actual_continuation,2011,SE.SEC.ENRR,p90,52.42925548553468
actual_continuation,2012,SE.SEC.ENRR,p90,58.34086358059575
actual_continuation,2013,SE.SEC.ENRR,p90,63.53353708777428
actual_continuation,2014,SE.SEC.ENRR,p90,68.11027188568995
actual_continuation,2015,SE.SEC.ENRR,p90,72.15244723172671
actual_continuation,2016,SE.SEC.ENRR,p90,75.73241335937053
actual_continuation,2017,SE.SEC.ENRR,p90,78.91223024687882
actual_continuation,2018,SE.SEC.ENRR,p90,81.74592234587509
actual_continuation,2019,SE.SEC.ENRR,p90,84.27656843574935
actual_continuation,2020,SE.SEC.ENRR,p90,86.54162851661351
actual_continuation,2021,SE.SEC.ENRR,p90,88.57370286911919
actual_continuation,2022,SE.SEC.ENRR,p90,90.40087497126841
actual_continuation,2023,SE.SEC.ENRR,p90,92.04740255576797
actual_continuation,2024,SE.SEC.ENRR,p90,93.53429365038818
actual_continuation,2025,SE.SEC.ENRR,p90,94.87978819817974
actual_continuation,2026,SE.SEC.ENRR,p90,96.09976191927079
actual_continuation,2027,SE.SEC.ENRR,p90,97.20806593756956
actual_continuation,2028,SE.SEC.ENRR,p90,98.21681318403213
actual_continuation,2029,SE.SEC.ENRR,p90,99.13662057125752
actual_continuation,2030,SE.SEC.ENRR,p90,99.97681430924884
actual_continuation,2031,SE.SEC.ENRR,p90,100.7456044188567
actual_continuation,2032,SE.SEC.ENRR,p90,101.45023343462692
actual_continuation,2033,SE.SEC.ENRR,p90,102.09710342285531
actual_continuation,2034,SE.SEC.ENRR,p90,102.69188473437274
actual_continuation,2035,SE.SEC.ENRR,p90,103.23960933384993
actual_continuation,2011,SH.XPD.CHEX.GD.ZS,p10,3.599743103022713
actual_continuation,2012,SH.XPD.CHEX.GD.ZS,p10,3.599743103022713
actual_continuation,2013,SH.XPD.CHEX.GD.ZS,p10,3.599743103022713
actual_continuation,2014,SH.XPD.CHEX.GD.ZS,p10,3.599743103022713
actual_continuation,2015,SH.XPD.CHEX.GD.ZS,p10,3.599743103022713
actual_continuation,2016,SH.XPD.CHEX.GD.ZS,p10,3.599743103022713
actual_continuation,2017,SH.XPD.CHEX.GD.ZS,p10,3.599743103022713
actual_continuation,2018,SH.XPD.CHEX.GD.ZS,p10,3.599743103022713
actual_continuation,2019,SH.XPD.CHEX.GD.ZS,p10,3.599743103022713
actual_continuation,2020,SH.XPD.CHEX.GD.ZS,p10,3.599743103022713
actual_continuation,2021,SH.XPD.CHEX.GD.ZS,p10,3.599743103022713
actual_continuation,2022,SH.XPD.CHEX.GD.ZS,p10,3.599743103022713
actual_continuation,2023,SH.XPD.CHEX.GD.ZS,p10,3.599743103022713
actual_continuation,2024,SH.XPD.CHEX.GD.ZS,p10,3.599743103022713
actual_continuation,2025,SH.XPD.CHEX.GD.ZS,p10,3.599743103022713
actual_continuation,2026,SH.XPD.CHEX.GD.ZS,p10,3.599743103022713
actual_continuation,2027,SH.XPD.CHEX.GD.ZS,p10,3.599743103022713
actual_continuation,2028,SH.XPD.CHEX.GD.ZS,p10,3.599743103022713
actual_continuation,2029,SH.XPD.CHEX.GD.ZS,p10,3.599743103022713
actual_continuation,2030,SH.XPD.CHEX.GD.ZS,p10,3.599743103022713
actual_continuation,2031,SH.XPD.CHEX.GD.ZS,p10,3.599743103022713
actual_continuation,2032,SH.XPD.CHEX.GD.ZS,p10,3.599743103022713
actual_continuation,2033,SH.XPD.CHEX.GD.ZS,p10,3.599743103022713
actual_continuation,2034,SH.XPD.CHEX.GD.ZS,p10,3.599743103022713
actual_continuation,2035,SH.XPD.CHEX.GD.ZS,p10,3.599743103022713
actual_continuation,2011,SH.XPD.CHEX.GD.ZS,p50,4.144061970969516
actual_continuation,2012,SH.XPD.CHEX.GD.ZS,p50,4.144061970969516
actual_continuation,2013,SH.XPD.CHEX.GD.ZS,p50,4.144061970969516
actual_continuation,2014,SH.XPD.CHEX.GD.ZS,p50,4.144061970969516
actual_continuation,2015,SH.XPD.CHEX.GD.ZS,p50,4.144061970969516
actual_continuation,2016,SH.XPD.CHEX.GD.ZS,p50,4.144061970969516
actual_continuation,2017,SH.XPD.CHEX.GD.ZS,p50,4.144061970969516
actual_continuation,2018,SH.XPD.CHEX.GD.ZS,p50,4.144061970969516
actual_continuation,2019,SH.XPD.CHEX.GD.ZS,p50,4.144061970969516
actual_continuation,2020,SH.XPD.CHEX.GD.ZS,p50,4.144061970969516
actual_continuation,2021,SH.XPD.CHEX.GD.ZS,p50,4.144061970969516
actual_continuation,2022,SH.XPD.CHEX.GD.ZS,p50,4.144061970969516
actual_continuation,2023,SH.XPD.CHEX.GD.ZS,p50,4.144061970969516
actual_continuation,2024,SH.XPD.CHEX.GD.ZS,p50,4.144061970969516
actual_continuation,2025,SH.XPD.CHEX.GD.ZS,p50,4.144061970969516
actual_continuation,2026,SH.XPD.CHEX.GD.ZS,p50,4.144061970969516
actual_continuation,2027,SH.XPD.CHEX.GD.ZS,p50,4.144061970969516
actual_continuation,2028,SH.XPD.CHEX.GD.ZS,p50,4.144061970969516
actual_continuation,2029,SH.XPD.CHEX.GD.ZS,p50,4.144061970969516
actual_continuation,2030,SH.XPD.CHEX.GD.ZS,p50,4.144061970969516
actual_continuation,2031,SH.XPD.CHEX.GD.ZS,p50,4.144061970969516
actual_continuation,2032,SH.XPD.CHEX.GD.ZS,p50,4.144061970969516
actual_continuation,2033,SH.XPD.CHEX.GD.ZS,p50,4.144061970969516
actual_continuation,2034,SH.XPD.CHEX.GD.ZS,p50,4.144061970969516
actual_continuation,2035,SH.XPD.CHEX.GD.ZS,p50,4.144061970969516
actual_continuation,2011,SH.XPD.CHEX.GD.ZS,p90,4.6553978813254595
actual_continuation,2012,SH.XPD.CHEX.GD.ZS,p90,4.6553978813254595
actual_continuation,2013,SH.XPD.CHEX.GD.ZS,p90,4.6553978813254595
actual_continuation,2014,SH.XPD.CHEX.GD.ZS,p90,4.6553978813254595
actual_continuation,2015,SH.XPD.CHEX.GD.ZS,p90,4.6553978813254595
actual_continuation,2016,SH.XPD.CHEX.GD.ZS,p90,4.6553978813254595
actual_continuation,2017,SH.XPD.CHEX.GD.ZS,p90,4.6553978813254595
actual_continuation,2018,SH.XPD.CHEX.GD.ZS,p90,4.6553978813254595
actual_continuation,2019,SH.XPD.CHEX.GD.ZS,p90,4.6553978813254595
actual_continuation,2020,SH.XPD.CHEX.GD.ZS,p90,4.6553978813254595
actual_continuation,2021,SH.XPD.CHEX.GD.ZS,p90,4.6553978813254595
actual_continuation,2022,SH.XPD.CHEX.GD.ZS,p90,4.6553978813254595
actual_continuation,2023,SH.XPD.CHEX.GD.ZS,p90,4.6553978813254595
actual_continuation,2024,SH.XPD.CHEX.GD.ZS,p90,4.6553978813254595
actual_continuation,2025,SH.XPD.CHEX.GD.ZS,p90,4.6553978813254595
actual_continuation,2026,SH.XPD.CHEX.GD.ZS,p90,4.6553978813254595
actual_continuation,2027,SH.XPD.CHEX.GD.ZS,p90,4.6553978813254595
actual_continuation,2028,SH.XPD.CHEX.GD.ZS,p90,4.6553978813254595
actual_continuation,2029,SH.XPD.CHEX.GD.ZS,p90,4.6553978813254595
actual_continuation,2030,SH.XPD.CHEX.GD.ZS,p90,4.6553978813254595
actual_continuation,2031,SH.XPD.CHEX.GD.ZS,p90,4.6553978813254595
actual_continuation,2032,SH.XPD.CHEX.GD.ZS,p90,4.6553978813254595
actual_continuation,2033,SH.XPD.CHEX.GD.ZS,p90,4.6553978813254595
actual_continuation,2034,SH.XPD.CHEX.GD.ZS,p90,4.6553978813254595
actual_continuation,2035,SH.XPD.CHEX.GD.ZS,p90,4.6553978813254595
actual_continuation,2011,economy,p10,0.3958326808561073
actual_continuation,2012,economy,p10,0.3986431656869525
actual_continuation,2013,economy,p10,0.40665489413755773
actual_continuation,2014,economy,p10,0.41503800621647974
actual_continuation,2015,economy,p10,0.42454121546911405
actual_continuation,2016,economy,p10,0.43644593489298245
actual_continuation,2017,economy,p10,0.4489724443545115
actual_continuation,2018,economy,p10,0.46294775925819
actual_continuation,2019,economy,p10,0.47280784254745
actual_continuation,2020,economy,p10,0.30079786184596324
actual_continuation,2021,economy,p10,0.09468955366486287
actual_continuation,2022,economy,p10,0.39710298437177133
actual_continuation,2023,economy,p10,0.4009823308563963
actual_continuation,2024,economy,p10,0.40110071513682394
actual_continuation,2025,economy,p10,0.4055081886433659
actual_continuation,2026,economy,p10,0.40750288535583506
actual_continuation,2027,economy,p10,0.4102151807259826
actual_continuation,2028,economy,p10,0.4133872379174577
actual_continuation,2029,economy,p10,0.41570141153238904
actual_continuation,2030,economy,p10,0.4179909801734116
actual_continuation,2031,economy,p10,0.4202336487412777
actual_continuation,2032,economy,p10,0.42239408438462683
actual_continuation,2033,economy,p10,0.424305703218019
actual_continuation,2034,economy,p10,0.4264874932117267
actual_continuation,2035,economy,p10,0.42848611293041816
actual_continuation,2011,economy,p50,0.4051645185103457
actual_continuation,2012,economy,p50,0.411716263449952
actual_continuation,2013,economy,p50,0.42060271973524366
actual_continuation,2014,economy,p50,0.4294121572257499
actual_continuation,2015,economy,p50,0.4395015541265811
actual_continuation,2016,economy,p50,0.4497953188134589
actual_continuation,2017,economy,p50,0.46138596465915943
actual_continuation,2018,economy,p50,0.4771336173046775
actual_continuation,2019,economy,p50,0.49544662226293495
actual_continuation,2020,economy,p50,0.3331787039994254
actual_continuation,2021,economy,p50,0.25554361140226667
actual_continuation,2022,economy,p50,0.42847912038378966
actual_continuation,2023,economy,p50,0.4318323743730501
actual_continuation,2024,economy,p50,0.4338165174930238
actual_continuation,2025,economy,p50,0.4351354858824173
actual_continuation,2026,economy,p50,0.43911060943540847
actual_continuation,2027,economy,p50,0.44318368510443784
actual_continuation,2028,economy,p50,0.44823872741836024
actual_continuation,2029,economy,p50,0.452818377022557
actual_continuation,2030,economy,p50,0.45576880367525086
actual_continuation,2031,economy,p50,0.4598394242387268
actual_continuation,2032,economy,p50,0.46370141590121616
actual_continuation,2033,economy,p50,0.46765304644781697
actual_continuation,2034,economy,p50,0.4713793961228845
actual_continuation,2035,economy,p50,0.4741802917159995
actual_continuation,2011,economy,p90,0.414453141095368
actual_continuation,2012,economy,p90,0.4287929087745484
actual_continuation,2013,economy,p90,0.4387157754322984
actual_continuation,2014,economy,p90,0.4471834539427536
actual_continuation,2015,economy,p90,0.45538652023644094
actual_continuation,2016,economy,p90,0.4648349239012174
actual_continuation,2017,economy,p90,0.47653011444711
actual_continuation,2018,economy,p90,0.4930945510834593
actual_continuation,2019,economy,p90,0.5200039263819659
actual_continuation,2020,economy,p90,0.3697462663317778
actual_continuation,2021,economy,p90,0.36183625461270075
actual_continuation,2022,economy,p90,0.4568210058626942
actual_continuation,2023,economy,p90,0.45891686356502703
actual_continuation,2024,economy,p90,0.45987074568675
actual_continuation,2025,economy,p90,0.46299858257122556
actual_continuation,2026,economy,p90,0.4691769097940677
actual_continuation,2027,economy,p90,0.4738314504754804
actual_continuation,2028,economy,p90,0.4795476010414739
actual_continuation,2029,economy,p90,0.48562954266506186
actual_continuation,2030,economy,p90,0.4907659785484704
actual_continuation,2031,economy,p90,0.49647505333342007
actual_continuation,2032,economy,p90,0.5023398369228261
actual_continuation,2033,economy,p90,0.507717214752273
actual_continuation,2034,economy,p90,0.5137348347083557
actual_continuation,2035,economy,p90,0.5196337551373071
actual_continuation,2011,innovation,p10,0.02293988039810109
actual_continuation,2012,innovation,p10,0.03402333616579577
actual_continuation,2013,innovation,p10,0.0500199140088081
actual_continuation,2014,innovation,p10,0.0741478600519427
actual_continuation,2015,innovation,p10,0.10911086693546113
actual_continuation,2016,innovation,p10,0.1600154411627375
actual_continuation,2017,innovation,p10,0.22907166451072522
actual_continuation,2018,innovation,p10,0.31791229924112885
actual_continuation,2019,innovation,p10,0.42081171634314
actual_continuation,2020,innovation,p10,0.5354556357370207
actual_continuation,2021,innovation,p10,0.5462388886583898
actual_continuation,2022,innovation,p10,0.5956043733377249
actual_continuation,2023,innovation,p10,0.6352273259541832
actual_continuation,2024,innovation,p10,0.6534735362029946
actual_continuation,2025,innovation,p10,0.6649257500774589
actual_continuation,2026,innovation,p10,0.6746686478669164
actual_continuation,2027,innovation,p10,0.6787721979221598
actual_continuation,2028,innovation,p10,0.6802124681842078
actual_continuation,2029,innovation,p10,0.6809480571791142
actual_continuation,2030,innovation,p10,0.6813970436849673
actual_continuation,2031,innovation,p10,0.6817890664552086
actual_continuation,2032,innovation,p10,0.6821118977410728
actual_continuation,2033,innovation,p10,0.6824147706847289
actual_continuation,2034,innovation,p10,0.6827048827246955
actual_continuation,2035,innovation,p10,0.6829845586825908
actual_continuation,2011,innovation,p50,0.024882722896935786
actual_continuation,2012,innovation,p50,0.03686283764769171
actual_continuation,2013,innovation,p50,0.055992149161567736
actual_continuation,2014,innovation,p50,0.08475485340334935
actual_continuation,2015,innovation,p50,0.12803540881286196
actual_continuation,2016,innovation,p50,0.19186213534127639
actual_continuation,2017,innovation,p50,0.27715274528334455
actual_continuation,2018,innovation,p50,0.3839807463683085
actual_continuation,2019,innovation,p50,0.5017038478734395
actual_continuation,2020,innovation,p50,0.6248520535200428
actual_continuation,2021,innovation,p50,0.6248161650569096
actual_continuation,2022,innovation,p50,0.6706002349876368
actual_continuation,2023,innovation,p50,0.7017422063599302
actual_continuation,2024,innovation,p50,0.7140806917321872
actual_continuation,2025,innovation,p50,0.7224721913555341
actual_continuation,2026,innovation,p50,0.725363655956405
actual_continuation,2027,innovation,p50,0.7274932840653054
actual_continuation,2028,innovation,p50,0.7283504015073393
actual_continuation,2029,innovation,p50,0.7287362713316092
actual_continuation,2030,innovation,p50,0.729063812732228
actual_continuation,2031,innovation,p50,0.7293676472641308
actual_continuation,2032,innovation,p50,0.7296565487622004
actual_continuation,2033,innovation,p50,0.7299328164131162
actual_continuation,2034,innovation,p50,0.7301973322199145
actual_continuation,2035,innovation,p50,0.7304506956422556
actual_continuation,2011,innovation,p90,0.027158879941306856
actual_continuation,2012,innovation,p90,0.04029825208645451
actual_continuation,2013,innovation,p90,0.062032379301737536
actual_continuation,2014,innovation,p90,0.09749084714383441
actual_continuation,2015,innovation,p90,0.15149131778611744
actual_continuation,2016,innovation,p90,0.22976835522999003
actual_continuation,2017,innovation,p90,0.3334383227522195
actual_continuation,2018,innovation,p90,0.4587151966527546
actual_continuation,2019,innovation,p90,0.5938129206003829
actual_continuation,2020,innovation,p90,0.726739117760981
actual_continuation,2021,innovation,p90,0.7195672441609889
actual_continuation,2022,innovation,p90,0.7538525154161612
actual_continuation,2023,innovation,p90,0.7700734210848349
actual_continuation,2024,innovation,p90,0.7828749398824634
actual_continuation,2025,innovation,p90,0.7901958226182368
actual_continuation,2026,innovation,p90,0.7921971128961109
actual_continuation,2027,innovation,p90,0.7945704115372736
actual_continuation,2028,innovation,p90,0.7956894973276508
actual_continuation,2029,innovation,p90,0.7963154223550079
actual_continuation,2030,innovation,p90,0.796817269018826
actual_continuation,2031,innovation,p90,0.7972770521241211
actual_continuation,2032,innovation,p90,0.797711894172238
actual_continuation,2033,innovation,p90,0.7981251910219123
actual_continuation,2034,innovation,p90,0.7984736056024485
actual_continuation,2035,innovation,p90,0.7988044108628156
actual_continuation,2011,human_development,p10,0.4519896249349995
actual_continuation,2012,human_development,p10,0.474109019947797
actual_continuation,2013,human_development,p10,0.48586140368317615
actual_continuation,2014,human_development,p10,0.49547258872162964
actual_continuation,2015,human_development,p10,0.5051013213105232
actual_continuation,2016,human_development,p10,0.5123121882121807
actual_continuation,2017,human_development,p10,0.5184545214356296
actual_continuation,2018,human_development,p10,0.5242555628425011
actual_continuation,2019,human_development,p10,0.5298858465386791
actual_continuation,2020,human_development,p10,0.5352376266513019
actual_continuation,2021,human_development,p10,0.5406687825464309
actual_continuation,2022,human_development,p10,0.545967667510826
actual_continuation,2023,human_development,p10,0.5509230326260738
actual_continuation,2024,human_development,p10,0.5556384712855708
actual_continuation,2025,human_development,p10,0.5601315540094997
actual_continuation,2026,human_development,p10,0.5644180024674377
actual_continuation,2027,human_development,p10,0.5685119479619751
actual_continuation,2028,human_development,p10,0.5724261450427728
actual_continuation,2029,human_development,p10,0.5761721494478245
actual_continuation,2030,human_development,p10,0.5797604674195583
actual_continuation,2031,human_development,p10,0.5832006818531397
actual_continuation,2032,human_development,p10,0.5865015595439791
actual_continuation,2033,human_development,p10,0.5896711429008773
actual_continuation,2034,human_development,p10,0.5927168288030796
actual_continuation,2035,human_development,p10,0.5956454367487946
actual_continuation,2011,human_development,p50,0.4681846057218212
actual_continuation,2012,human_development,p50,0.4922976086391589
actual_continuation,2013,human_development,p50,0.5144799864953327
actual_continuation,2014,human_development,p50,0.5336774728224147
actual_continuation,2015,human_development,p50,0.5510053220810982
actual_continuation,2016,human_development,p50,0.5658620885698173
actual_continuation,2017,human_development,p50,0.5780598448699066
actual_continuation,2018,human_development,p50,0.5890939888746163
actual_continuation,2019,human_development,p50,0.5995733816468938
actual_continuation,2020,human_development,p50,0.6098658981482712
actual_continuation,2021,human_development,p50,0.6193157601314663
actual_continuation,2022,human_development,p50,0.6279950558805613
actual_continuation,2023,human_development,p50,0.6359473738890841
actual_continuation,2024,human_development,p50,0.6432083445389432
actual_continuation,2025,human_development,p50,0.6500146769501798
actual_continuation,2026,human_development,p50,0.6564165090419507
actual_continuation,2027,human_development,p50,0.6624472419606815
actual_continuation,2028,human_development,p50,0.6681025377843504
actual_continuation,2029,human_development,p50,0.6733980658604615
actual_continuation,2030,human_development,p50,0.6782951871049483
actual_continuation,2031,human_development,p50,0.6829001748889632
actual_continuation,2032,human_development,p50,0.687261016673133
actual_continuation,2033,human_development,p50,0.6913974564890324
actual_continuation,2034,human_development,p50,0.6953149025287761
actual_continuation,2035,human_development,p50,0.6990821462423433
actual_continuation,2011,human_development,p90,0.4820030570604048
actual_continuation,2012,human_development,p90,0.5135585129576341
actual_continuation,2013,human_development,p90,0.5437494770345738
actual_continuation,2014,human_development,p90,0.5702380376028605
actual_continuation,2015,human_development,p90,0.5913532659884381
actual_continuation,2016,human_development,p90,0.609813153589251
actual_continuation,2017,human_development,p90,0.6265609346966587
actual_continuation,2018,human_development,p90,0.6416009334222755
actual_continuation,2019,human_development,p90,0.6548044735173963
actual_continuation,2020,human_development,p90,0.6667497313591491
actual_continuation,2021,human_development,p90,0.6775307490677788
actual_continuation,2022,human_development,p90,0.6873029047911124
actual_continuation,2023,human_development,p90,0.6962009074015757
actual_continuation,2024,human_development,p90,0.7043626235224987
actual_continuation,2025,human_development,p90,0.7119502767970691
actual_continuation,2026,human_development,p90,0.7189558510061628
actual_continuation,2027,human_development,p90,0.7254528671186086
actual_continuation,2028,human_development,p90,0.731493564077221
actual_continuation,2029,human_development,p90,0.7371232634034283
actual_continuation,2030,human_development,p90,0.7423800059962079
actual_continuation,2031,human_development,p90,0.7471546332773675
actual_continuation,2032,human_development,p90,0.7516303500936421
actual_continuation,2033,human_development,p90,0.7558343020350479
actual_continuation,2034,human_development,p90,0.759853047823762
actual_continuation,2035,human_development,p90,0.7637143329695861
actual_continuation,2011,combined,p10,0.16250938288065925
actual_continuation,2012,combined,p10,0.1898135235310847
actual_continuation,2013,combined,p10,0.22082034377711243
actual_continuation,2014,combined,p10,0.255588829689826
actual_continuation,2015,combined,p10,0.2960088328436265
actual_continuation,2016,combined,p10,0.34099370403539214
actual_continuation,2017,combined,p10,0.38747499150045694
actual_continuation,2018,combined,p10,0.43970578285032713
actual_continuation,2019,combined,p10,0.4900295086628152
actual_continuation,2020,combined,p10,0.4591396854367829
actual_continuation,2021,combined,p10,0.3191115478711776
actual_continuation,2022,combined,p10,0.5235605063352152
actual_continuation,2023,combined,p10,0.5368664851611875
actual_continuation,2024,combined,p10,0.5441707604714391
actual_continuation,2025,combined,p10,0.5492134908894486
actual_continuation,2026,combined,p10,0.5516817498707678
actual_continuation,2027,combined,p10,0.5551182125962378
actual_continuation,2028,combined,p10,0.5586470727443393
actual_continuation,2029,combined,p10,0.5619368079532575
actual_continuation,2030,combined,p10,0.56506627300957
actual_continuation,2031,combined,p10,0.5680707225133117
actual_continuation,2032,combined,p10,0.5709671390795867
actual_continuation,2033,combined,p10,0.5728754629890214
actual_continuation,2034,combined,p10,0.575435846804529
actual_continuation,2035,combined,p10,0.5783949515292512
actual_continuation,2011,combined,p50,0.16759027375929691
actual_continuation,2012,combined,p50,0.19579811418852716
actual_continuation,2013,combined,p50,0.22974308323529813
actual_continuation,2014,combined,p50,0.26855707960456676
actual_continuation,2015,combined,p50,0.3143139708012611
actual_continuation,2016,combined,p50,0.3653922029213479
actual_continuation,2017,combined,p50,0.41834858238232453
actual_continuation,2018,combined,p50,0.47435835698155043
actual_continuation,2019,combined,p50,0.5268644957315168
actual_continuation,2020,combined,p50,0.50113458463347
actual_continuation,2021,combined,p50,0.45729732145212776
actual_continuation,2022,combined,p50,0.56739034844811
actual_continuation,2023,combined,p50,0.5779505493051664
actual_continuation,2024,combined,p50,0.5849469414970029
actual_continuation,2025,combined,p50,0.5897867173812747
actual_continuation,2026,combined,p50,0.595669214191424
actual_continuation,2027,combined,p50,0.5998956676879954
actual_continuation,2028,combined,p50,0.6040402420591129
actual_continuation,2029,combined,p50,0.6078804247576317
actual_continuation,2030,combined,p50,0.611263653389785
actual_continuation,2031,combined,p50,0.6148571662910142
actual_continuation,2032,combined,p50,0.6178740850266748
actual_continuation,2033,combined,p50,0.6206596782571034
actual_continuation,2034,combined,p50,0.6231075176116221
actual_continuation,2035,combined,p50,0.6255809171703939
actual_continuation,2011,combined,p90,0.17325026861208262
actual_continuation,2012,combined,p90,0.20240328411783343
actual_continuation,2013,combined,p90,0.23950620517010396
actual_continuation,2014,combined,p90,0.2833222389333567
actual_continuation,2015,combined,p90,0.334152170294047
actual_continuation,2016,combined,p90,0.3903021570069399
actual_continuation,2017,combined,p90,0.4513117422497405
actual_continuation,2018,combined,p90,0.5126396337843765
actual_continuation,2019,combined,p90,0.5697858255652536
actual_continuation,2020,combined,p90,0.5457227357223196
actual_continuation,2021,combined,p90,0.5351209225452399
actual_continuation,2022,combined,p90,0.600766279050635
actual_continuation,2023,combined,p90,0.6086443217068996
actual_continuation,2024,combined,p90,0.6150108811738393
actual_continuation,2025,combined,p90,0.6215888214724379
actual_continuation,2026,combined,p90,0.6263959114677583
actual_continuation,2027,combined,p90,0.6307207413863806
actual_continuation,2028,combined,p90,0.6350228153484027
actual_continuation,2029,combined,p90,0.6391482518564982
actual_continuation,2030,combined,p90,0.6423316008448727
actual_continuation,2031,combined,p90,0.646573211931507
actual_continuation,2032,combined,p90,0.650589098374073
actual_continuation,2033,combined,p90,0.6531060965185296
actual_continuation,2034,combined,p90,0.6554557151412426
actual_continuation,2035,combined,p90,0.6592676696824052
no_coup,2011,K,p10,2238.7813468759027
no_coup,2012,K,p10,2305.9447872821797
no_coup,2013,K,p10,2376.010276826187
no_coup,2014,K,p10,2449.3649389828515
no_coup,2015,K,p10,2526.621462304795
no_coup,2016,K,p10,2608.837316591745
no_coup,2017,K,p10,2697.7695372952944
no_coup,2018,K,p10,2795.064822470252
no_coup,2019,K,p10,2903.9508677257186
no_coup,2020,K,p10,3032.709000054358
no_coup,2021,K,p10,3122.481553309674
no_coup,2022,K,p10,3225.541047614475
no_coup,2023,K,p10,3340.483121055663
no_coup,2024,K,p10,3466.376523074889
no_coup,2025,K,p10,3601.301485552651
no_coup,2026,K,p10,3745.988621904578
no_coup,2027,K,p10,3885.8292354329333
no_coup,2028,K,p10,4037.400829373244
no_coup,2029,K,p10,4198.507752538664
no_coup,2030,K,p10,4367.865024480647
no_coup,2031,K,p10,4545.41769251921
no_coup,2032,K,p10,4729.583818005975
no_coup,2033,K,p10,4920.540863259961
no_coup,2034,K,p10,5113.067202363047
no_coup,2035,K,p10,5302.040771724836
no_coup,2011,K,p50,2238.7813468759027
no_coup,2012,K,p50,2395.496041157216
no_coup,2013,K,p50,2556.9888835004795
no_coup,2014,K,p50,2723.566303582281
no_coup,2015,K,p50,2895.7705377102325
no_coup,2016,K,p50,3074.513876526408
no_coup,2017,K,p50,3261.6993014815107
no_coup,2018,K,p50,3459.181840111396
no_coup,2019,K,p50,3667.2848858183597
no_coup,2020,K,p50,3899.2496932132626
no_coup,2021,K,p50,4081.2903321994672
no_coup,2022,K,p50,4282.838235322968
no_coup,2023,K,p50,4502.22558861789
no_coup,2024,K,p50,4733.58076739567
no_coup,2025,K,p50,4968.474947719174
no_coup,2026,K,p50,5203.720441743843
no_coup,2027,K,p50,5451.375285080996
no_coup,2028,K,p50,5711.2959617404995
no_coup,2029,K,p50,5966.99452929932
no_coup,2030,K,p50,6243.559580496419
no_coup,2031,K,p50,6527.372536567173
no_coup,2032,K,p50,6811.790068615088
no_coup,2033,K,p50,7093.976459062687
no_coup,2034,K,p50,7400.072138651458
no_coup,2035,K,p50,7703.113963484337
no_coup,2011,K,p90,2238.7813468759027
no_coup,2012,K,p90,2574.598548907288
no_coup,2013,K,p90,2923.172995086493
no_coup,2014,K,p90,3283.6407489216385
no_coup,2015,K,p90,3655.282698958877
no_coup,2016,K,p90,4037.500683758488
no_coup,2017,K,p90,4429.798894049198
no_coup,2018,K,p90,4831.769121689981
no_coup,2019,K,p90,5243.078877467301
no_coup,2020,K,p90,5674.797503221935
no_coup,2021,K,p90,6033.807185082128
no_coup,2022,K,p90,6415.747671256029
no_coup,2023,K,p90,6810.444220043439
no_coup,2024,K,p90,7229.691873700577
no_coup,2025,K,p90,7651.868354490451
no_coup,2026,K,p90,8072.453723186983
no_coup,2027,K,p90,8490.450220797295
no_coup,2028,K,p90,8905.192324398406
no_coup,2029,K,p90,9323.798482375229
no_coup,2030,K,p90,9742.67730275039
no_coup,2031,K,p90,10148.996209732783
no_coup,2032,K,p90,10580.962940053392
no_coup,2033,K,p90,11023.747912553137
no_coup,2034,K,p90,11466.260656555916
no_coup,2035,K,p90,11875.752877041055
no_coup,2011,H,p10,1.0
no_coup,2012,H,p10,1.0017109925859786
no_coup,2013,H,p10,1.0033877653202374
no_coup,2014,H,p10,1.0050310025998113
no_coup,2015,H,p10,1.0066413751337935
no_coup,2016,H,p10,1.0082195402170961
no_coup,2017,H,p10,1.009766141998733
no_coup,2018,H,p10,1.0112818117447369
no_coup,2019,H,p10,1.0127671680958208
no_coup,2020,H,p10,1.0142228173198828
no_coup,2021,H,p10,1.0156493535594637
no_coup,2022,H,p10,1.017047359074253
no_coup,2023,H,p10,1.0184174044787466
no_coup,2024,H,p10,1.0197600489751502
no_coup,2025,H,p10,1.0210758405816256
no_coup,2026,H,p10,1.0223653163559716
no_coup,2027,H,p10,1.0236290026148307
no_coup,2028,H,p10,1.0248674151485127
no_coup,2029,H,p10,1.026081059431521
no_coup,2030,H,p10,1.0272704308288692
no_coup,2031,H,p10,1.0284360147982703
no_coup,2032,H,p10,1.0295782870882837
no_coup,2033,H,p10,1.0306977139324964
no_coup,2034,H,p10,1.0317947522398252
no_coup,2035,H,p10,1.0328698497810072
no_coup,2011,H,p50,1.0
no_coup,2012,H,p50,1.0049236581497991
no_coup,2013,H,p50,1.0097488431366022
no_coup,2014,H,p50,1.0144775244236692
no_coup,2015,H,p50,1.0191116320849951
no_coup,2016,H,p50,1.0236530575930944
no_coup,2017,H,p50,1.0281036545910316
no_coup,2018,H,p50,1.0324652396490102
no_coup,2019,H,p50,1.036739593005829
no_coup,2020,H,p50,1.0409284592955115
no_coup,2021,H,p50,1.0450335482594004
no_coup,2022,H,p50,1.0490565354440116
no_coup,2023,H,p50,1.0529990628849304
no_coup,2024,H,p50,1.056862739777031
no_coup,2025,H,p50,1.0606491431312894
no_coup,2026,H,p50,1.0643598184184628
no_coup,2027,H,p50,1.0679962801998926
no_coup,2028,H,p50,1.071560012745694
no_coup,2029,H,p50,1.0750524706405793
no_coup,2030,H,p50,1.0784750793775668
no_coup,2031,H,p50,1.0818292359398145
no_coup,2032,H,p50,1.0851163093708174
no_coup,2033,H,p50,1.0883376413332002
no_coup,2034,H,p50,1.0914945466563353
no_coup,2035,H,p50,1.0945883138730077
no_coup,2011,H,p90,1.0
no_coup,2012,H,p90,1.0076902240913344
no_coup,2013,H,p90,1.0152266437008421
no_coup,2014,H,p90,1.0226123349181597
no_coup,2015,H,p90,1.0298503123111309
no_coup,2016,H,p90,1.0369435301562426
no_coup,2017,H,p90,1.0438948836444524
no_coup,2018,H,p90,1.0507072100628978
no_coup,2019,H,p90,1.0573832899529743
no_coup,2020,H,p90,1.0639258482452492
no_coup,2021,H,p90,1.0703375553716785
no_coup,2022,H,p90,1.0766210283555793
no_coup,2023,H,p90,1.0827788318798022
no_coup,2024,H,p90,1.0888134793335407
no_coup,2025,H,p90,1.0947274338382043
no_coup,2026,H,p90,1.1005231092527745
no_coup,2027,H,p90,1.1062028711590535
no_coup,2028,H,p90,1.111769037827207
no_coup,2029,H,p90,1.1172238811619972
no_coup,2030,H,p90,1.1225696276300916
no_coup,2031,H,p90,1.1278084591688242
no_coup,2032,H,p90,1.1329425140767821
no_coup,2033,H,p90,1.137973887886581
no_coup,2034,H,p90,1.1429046342201838
no_coup,2035,H,p90,1.1477367656271145
no_coup,2011,I,p10,0.98
no_coup,2012,I,p10,1.4231383975464003
no_coup,2013,I,p10,2.0984272359031406
no_coup,2014,I,p10,3.1350454003080883
no_coup,2015,I,p10,4.743051535239091
no_coup,2016,I,p10,7.253784040672879
no_coup,2017,I,p10,11.21328536587798
no_coup,2018,I,p10,17.319173656695035
no_coup,2019,I,p10,26.628310836090012
no_coup,2020,I,p10,40.17428744169152
no_coup,2021,I,p10,54.68154956501295
no_coup,2022,I,p10,70.47885348417316
no_coup,2023,I,p10,84.01719965179826
no_coup,2024,I,p10,92.48799090484687
no_coup,2025,I,p10,96.16251904497308
no_coup,2026,I,p10,97.32403119260393
no_coup,2027,I,p10,97.61589558490839
no_coup,2028,I,p10,97.73379182095535
no_coup,2029,I,p10,97.81772836279028
no_coup,2030,I,p10,97.88775198085841
no_coup,2031,I,p10,97.95407171485472
no_coup,2032,I,p10,98.01254065692662
no_coup,2033,I,p10,98.07706671286176
no_coup,2034,I,p10,98.1428267373312
no_coup,2035,I,p10,98.1945656936549
no_coup,2011,I,p50,0.98
no_coup,2012,I,p50,1.4850689008060465
no_coup,2013,I,p50,2.2964870813197145
no_coup,2014,I,p50,3.5803090865873477
no_coup,2015,I,p50,5.629059641501058
no_coup,2016,I,p50,8.973354948133341
no_coup,2017,I,p50,14.388778776315768
no_coup,2018,I,p50,22.985782215135927
no_coup,2019,I,p50,36.152146622035005
no_coup,2020,I,p50,54.476707265110065
no_coup,2021,I,p50,72.15737765247553
no_coup,2022,I,p50,87.32748386668624
no_coup,2023,I,p50,95.02339537738246
no_coup,2024,I,p50,97.33636980792917
no_coup,2025,I,p50,97.81776596397674
no_coup,2026,I,p50,97.94334377221347
no_coup,2027,I,p50,98.0150467629123
no_coup,2028,I,p50,98.08822281983228
no_coup,2029,I,p50,98.16450250726979
no_coup,2030,I,p50,98.23256347258992
no_coup,2031,I,p50,98.28566310547697
no_coup,2032,I,p50,98.34336822719237
no_coup,2033,I,p50,98.39668392032557
no_coup,2034,I,p50,98.4513976251806
no_coup,2035,I,p50,98.51270377893087
no_coup,2011,I,p90,0.98
no_coup,2012,I,p90,1.551115210051683
no_coup,2013,I,p90,2.4940354645678555
no_coup,2014,I,p90,4.075741400298968
no_coup,2015,I,p90,6.711329773113122
no_coup,2016,I,p90,11.143003018504693
no_coup,2017,I,p90,18.642109408812285
no_coup,2018,I,p90,30.752865166138154
no_coup,2019,I,p90,48.94585596369471
no_coup,2020,I,p90,71.87169948734667
no_coup,2021,I,p90,88.541767504598
no_coup,2022,I,p90,96.65462476321005
no_coup,2023,I,p90,98.00065755750319
no_coup,2024,I,p90,98.12598186333769
no_coup,2025,I,p90,98.1904648943963
no_coup,2026,I,p90,98.24796230120295
no_coup,2027,I,p90,98.31132263812155
no_coup,2028,I,p90,98.36376052634398
no_coup,2029,I,p90,98.42380950557983
no_coup,2030,I,p90,98.4847956680343
no_coup,2031,I,p90,98.55461078244898
no_coup,2032,I,p90,98.60799131830129
no_coup,2033,I,p90,98.65502158404217
no_coup,2034,I,p90,98.70660094109127
no_coup,2035,I,p90,98.76769471590832
no_coup,2011,S,p10,1.0
no_coup,2012,S,p10,1.0
no_coup,2013,S,p10,1.0
no_coup,2014,S,p10,1.0
no_coup,2015,S,p10,1.0
no_coup,2016,S,p10,1.0
no_coup,2017,S,p10,1.0
no_coup,2018,S,p10,1.0
no_coup,2019,S,p10,1.0
no_coup,2020,S,p10,1.0
no_coup,2021,S,p10,1.0
no_coup,2022,S,p10,1.0
no_coup,2023,S,p10,1.0
no_coup,2024,S,p10,1.0
no_coup,2025,S,p10,1.0
no_coup,2026,S,p10,1.0
no_coup,2027,S,p10,1.0
no_coup,2028,S,p10,1.0
no_coup,2029,S,p10,1.0
no_coup,2030,S,p10,1.0
no_coup,2031,S,p10,1.0
no_coup,2032,S,p10,1.0
no_coup,2033,S,p10,1.0
no_coup,2034,S,p10,1.0
no_coup,2035,S,p10,1.0
no_coup,2011,S,p50,1.0
no_coup,2012,S,p50,1.0
no_coup,2013,S,p50,1.0
no_coup,2014,S,p50,1.0
no_coup,2015,S,p50,1.0
no_coup,2016,S,p50,1.0
no_coup,2017,S,p50,1.0
no_coup,2018,S,p50,1.0
no_coup,2019,S,p50,1.0
no_coup,2020,S,p50,1.0
no_coup,2021,S,p50,1.0
no_coup,2022,S,p50,1.0
no_coup,2023,S,p50,1.0
no_coup,2024,S,p50,1.0
no_coup,2025,S,p50,1.0
no_coup,2026,S,p50,1.0
no_coup,2027,S,p50,1.0
no_coup,2028,S,p50,1.0
no_coup,2029,S,p50,1.0
no_coup,2030,S,p50,1.0
no_coup,2031,S,p50,1.0
no_coup,2032,S,p50,1.0
no_coup,2033,S,p50,1.0
no_coup,2034,S,p50,1.0
no_coup,2035,S,p50,1.0
no_coup,2011,S,p90,1.0
no_coup,2012,S,p90,1.0
no_coup,2013,S,p90,1.0
no_coup,2014,S,p90,1.0
no_coup,2015,S,p90,1.0
no_coup,2016,S,p90,1.0
no_coup,2017,S,p90,1.0
no_coup,2018,S,p90,1.0
no_coup,2019,S,p90,1.0
no_coup,2020,S,p90,1.0
no_coup,2021,S,p90,1.0
no_coup,2022,S,p90,1.0
no_coup,2023,S,p90,1.0
no_coup,2024,S,p90,1.0
no_coup,2025,S,p90,1.0
no_coup,2026,S,p90,1.0
no_coup,2027,S,p90,1.0
no_coup,2028,S,p90,1.0
no_coup,2029,S,p90,1.0
no_coup,2030,S,p90,1.0
no_coup,2031,S,p90,1.0
no_coup,2032,S,p90,1.0
no_coup,2033,S,p90,1.0
no_coup,2034,S,p90,1.0
no_coup,2035,S,p90,1.0
no_coup,2011,Y,p10,895.512538750361
no_coup,2012,Y,p10,926.81364454058
no_coup,2013,Y,p10,960.7758799898693
no_coup,2014,Y,p10,997.4251255983393
no_coup,2015,Y,p10,1039.803405246835
no_coup,2016,Y,p10,1090.3611549832635
no_coup,2017,Y,p10,1153.2453241444703
no_coup,2018,Y,p10,1235.6696057582535
no_coup,2019,Y,p10,1319.662790806932
no_coup,2020,Y,p10,1180.3459472253476
no_coup,2021,Y,p10,1257.8780434841535
no_coup,2022,Y,p10,1326.7447680265868
no_coup,2023,Y,p10,1388.824313825025
no_coup,2024,Y,p10,1451.1863466498055
no_coup,2025,Y,p10,1506.9417754686308
no_coup,2026,Y,p10,1564.3411701547175
no_coup,2027,Y,p10,1626.041422474499
no_coup,2028,Y,p10,1679.6209908441274
no_coup,2029,Y,p10,1726.2575268292294
no_coup,2030,Y,p10,1769.4035517132704
no_coup,2031,Y,p10,1810.263659135569
no_coup,2032,Y,p10,1853.448304928032
no_coup,2033,Y,p10,1888.606912713964
no_coup,2034,Y,p10,1920.0093613617219
no_coup,2035,Y,p10,1955.8261297667293
no_coup,2011,Y,p50,895.512538750361
no_coup,2012,Y,p50,940.9894076258486
no_coup,2013,Y,p50,985.9799687805336
no_coup,2014,Y,p50,1032.694676998416
no_coup,2015,Y,p50,1083.462073092795
no_coup,2016,Y,p50,1139.6423756203892
no_coup,2017,Y,p50,1207.0177839969124
no_coup,2018,Y,p50,1286.1526868154033
no_coup,2019,Y,p50,1378.279523407361
no_coup,2020,Y,p50,1249.8552306008655
no_coup,2021,Y,p50,1330.917733109098
no_coup,2022,Y,p50,1412.326744484974
no_coup,2023,Y,p50,1489.415345115551
no_coup,2024,Y,p50,1556.8241652438714
no_coup,2025,Y,p50,1617.107617353628
no_coup,2026,Y,p50,1681.0178824959494
no_coup,2027,Y,p50,1732.0333419030462
no_coup,2028,Y,p50,1794.0852670449644
no_coup,2029,Y,p50,1848.2999417036126
no_coup,2030,Y,p50,1911.252190238856
no_coup,2031,Y,p50,1981.0842863894936
no_coup,2032,Y,p50,2053.822685851996
no_coup,2033,Y,p50,2120.2277527458755
no_coup,2034,Y,p50,2189.926951465407
no_coup,2035,Y,p50,2273.094410880759
no_coup,2011,Y,p90,895.5125387503613
no_coup,2012,Y,p90,954.6087472491387
no_coup,2013,Y,p90,1013.2528071789402
no_coup,2014,Y,p90,1071.6479749666403
no_coup,2015,Y,p90,1130.7286638221697
no_coup,2016,Y,p90,1195.0837140620592
no_coup,2017,Y,p90,1257.218625353594
no_coup,2018,Y,p90,1329.9433081669638
no_coup,2019,Y,p90,1429.620329470493
no_coup,2020,Y,p90,1315.0717790164233
no_coup,2021,Y,p90,1428.2023173247528
no_coup,2022,Y,p90,1533.1631671546893
no_coup,2023,Y,p90,1598.9836358913533
no_coup,2024,Y,p90,1655.487318713295
no_coup,2025,Y,p90,1710.110228317531
no_coup,2026,Y,p90,1770.8632981653336
no_coup,2027,Y,p90,1849.8631702737293
no_coup,2028,Y,p90,1933.1300692808888
no_coup,2029,Y,p90,2020.0931316950728
no_coup,2030,Y,p90,2117.5040592368327
no_coup,2031,Y,p90,2221.8251777111655
no_coup,2032,Y,p90,2337.067490824713
no_coup,2033,Y,p90,2464.1537990541947
no_coup,2034,Y,p90,2596.3745673861463
no_coup,2035,Y,p90,2734.177396320962
no_coup,2011,NY.GDP.PCAP.KD,p10,895.512538750361
no_coup,2012,NY.GDP.PCAP.KD,p10,926.81364454058
no_coup,2013,NY.GDP.PCAP.KD,p10,960.7758799898693
no_coup,2014,NY.GDP.PCAP.KD,p10,997.4251255983393
no_coup,2015,NY.GDP.PCAP.KD,p10,1039.803405246835
no_coup,2016,NY.GDP.PCAP.KD,p10,1090.3611549832635
no_coup,2017,NY.GDP.PCAP.KD,p10,1153.2453241444703
no_coup,2018,NY.GDP.PCAP.KD,p10,1235.6696057582535
no_coup,2019,NY.GDP.PCAP.KD,p10,1319.662790806932
no_coup,2020,NY.GDP.PCAP.KD,p10,1180.3459472253476
no_coup,2021,NY.GDP.PCAP.KD,p10,1257.8780434841535
no_coup,2022,NY.GDP.PCAP.KD,p10,1326.7447680265868
no_coup,2023,NY.GDP.PCAP.KD,p10,1388.824313825025
no_coup,2024,NY.GDP.PCAP.KD,p10,1451.1863466498055
no_coup,2025,NY.GDP.PCAP.KD,p10,1506.9417754686308
no_coup,2026,NY.GDP.PCAP.KD,p10,1564.3411701547175
no_coup,2027,NY.GDP.PCAP.KD,p10,1626.041422474499
no_coup,2028,NY.GDP.PCAP.KD,p10,1679.6209908441274
no_coup,2029,NY.GDP.PCAP.KD,p10,1726.2575268292294
no_coup,2030,NY.GDP.PCAP.KD,p10,1769.4035517132704
no_coup,2031,NY.GDP.PCAP.KD,p10,1810.263659135569
no_coup,2032,NY.GDP.PCAP.KD,p10,1853.448304928032
no_coup,2033,NY.GDP.PCAP.KD,p10,1888.606912713964
no_coup,2034,NY.GDP.PCAP.KD,p10,1920.0093613617219
no_coup,2035,NY.GDP.PCAP.KD,p10,1955.8261297667293
no_coup,2011,NY.GDP.PCAP.KD,p50,895.512538750361
no_coup,2012,NY.GDP.PCAP.KD,p50,940.9894076258486
no_coup,2013,NY.GDP.PCAP.KD,p50,985.9799687805336
no_coup,2014,NY.GDP.PCAP.KD,p50,1032.694676998416
no_coup,2015,NY.GDP.PCAP.KD,p50,1083.462073092795
no_coup,2016,NY.GDP.PCAP.KD,p50,1139.6423756203892
no_coup,2017,NY.GDP.PCAP.KD,p50,1207.0177839969124
no_coup,2018,NY.GDP.PCAP.KD,p50,1286.1526868154033
no_coup,2019,NY.GDP.PCAP.KD,p50,1378.279523407361
no_coup,2020,NY.GDP.PCAP.KD,p50,1249.8552306008655
no_coup,2021,NY.GDP.PCAP.KD,p50,1330.917733109098
no_coup,2022,NY.GDP.PCAP.KD,p50,1412.326744484974
no_coup,2023,NY.GDP.PCAP.KD,p50,1489.415345115551
no_coup,2024,NY.GDP.PCAP.KD,p50,1556.8241652438714
no_coup,2025,NY.GDP.PCAP.KD,p50,1617.107617353628
no_coup,2026,NY.GDP.PCAP.KD,p50,1681.0178824959494
no_coup,2027,NY.GDP.PCAP.KD,p50,1732.0333419030462
no_coup,2028,NY.GDP.PCAP.KD,p50,1794.0852670449644
no_coup,2029,NY.GDP.PCAP.KD,p50,1848.2999417036126
no_coup,2030,NY.GDP.PCAP.KD,p50,1911.252190238856
no_coup,2031,NY.GDP.PCAP.KD,p50,1981.0842863894936
no_coup,2032,NY.GDP.PCAP.KD,p50,2053.822685851996
no_coup,2033,NY.GDP.PCAP.KD,p50,2120.2277527458755
no_coup,2034,NY.GDP.PCAP.KD,p50,2189.926951465407
no_coup,2035,NY.GDP.PCAP.KD,p50,2273.094410880759
no_coup,2011,NY.GDP.PCAP.KD,p90,895.5125387503613
no_coup,2012,NY.GDP.PCAP.KD,p90,954.6087472491387
no_coup,2013,NY.GDP.PCAP.KD,p90,1013.2528071789402
no_coup,2014,NY.GDP.PCAP.KD,p90,1071.6479749666403
no_coup,2015,NY.GDP.PCAP.KD,p90,1130.7286638221697
no_coup,2016,NY.GDP.PCAP.KD,p90,1195.0837140620592
no_coup,2017,NY.GDP.PCAP.KD,p90,1257.218625353594
no_coup,2018,NY.GDP.PCAP.KD,p90,1329.9433081669638
no_coup,2019,NY.GDP.PCAP.KD,p90,1429.620329470493
no_coup,2020,NY.GDP.PCAP.KD,p90,1315.0717790164233
no_coup,2021,NY.GDP.PCAP.KD,p90,1428.2023173247528
no_coup,2022,NY.GDP.PCAP.KD,p90,1533.1631671546893
no_coup,2023,NY.GDP.PCAP.KD,p90,1598.9836358913533
no_coup,2024,NY.GDP.PCAP.KD,p90,1655.487318713295
no_coup,2025,NY.GDP.PCAP.KD,p90,1710.110228317531
no_coup,2026,NY.GDP.PCAP.KD,p90,1770.8632981653336
no_coup,2027,NY.GDP.PCAP.KD,p90,1849.8631702737293
no_coup,2028,NY.GDP.PCAP.KD,p90,1933.1300692808888
no_coup,2029,NY.GDP.PCAP.KD,p90,2020.0931316950728
no_coup,2030,NY.GDP.PCAP.KD,p90,2117.5040592368327
no_coup,2031,NY.GDP.PCAP.KD,p90,2221.8251777111655
no_coup,2032,NY.GDP.PCAP.KD,p90,2337.067490824713
no_coup,2033,NY.GDP.PCAP.KD,p90,2464.1537990541947
no_coup,2034,NY.GDP.PCAP.KD,p90,2596.3745673861463
no_coup,2035,NY.GDP.PCAP.KD,p90,2734.177396320962
no_coup,2011,NY.GDP.MKTP.KD.ZG,p10,5.59148237823661
no_coup,2012,NY.GDP.MKTP.KD.ZG,p10,3.6730231829731945
no_coup,2013,NY.GDP.MKTP.KD.ZG,p10,3.844786510872214
no_coup,2014,NY.GDP.MKTP.KD.ZG,p10,4.041830439863234
no_coup,2015,NY.GDP.MKTP.KD.ZG,p10,4.4142067418394575
no_coup,2016,NY.GDP.MKTP.KD.ZG,p10,4.8788233528121845
no_coup,2017,NY.GDP.MKTP.KD.ZG,p10,5.333851919734867
no_coup,2018,NY.GDP.MKTP.KD.ZG,p10,5.417135040736397
no_coup,2019,NY.GDP.MKTP.KD.ZG,p10,5.3312619805607415
no_coup,2020,NY.GDP.MKTP.KD.ZG,p10,-11.279089285966046
no_coup,2021,NY.GDP.MKTP.KD.ZG,p10,4.611748906469896
no_coup,2022,NY.GDP.MKTP.KD.ZG,p10,4.539385232899663
no_coup,2023,NY.GDP.MKTP.KD.ZG,p10,3.855802651202077
no_coup,2024,NY.GDP.MKTP.KD.ZG,p10,3.2073943128603
no_coup,2025,NY.GDP.MKTP.KD.ZG,p10,2.9829279997136893
no_coup,2026,NY.GDP.MKTP.KD.ZG,p10,2.432425004208041
no_coup,2027,NY.GDP.MKTP.KD.ZG,p10,2.1579905778166806
no_coup,2028,NY.GDP.MKTP.KD.ZG,p10,2.001573927573408
no_coup,2029,NY.GDP.MKTP.KD.ZG,p10,1.8824433216370524
no_coup,2030,NY.GDP.MKTP.KD.ZG,p10,1.7813652624824177
no_coup,2031,NY.GDP.MKTP.KD.ZG,p10,1.6902168656346288
no_coup,2032,NY.GDP.MKTP.KD.ZG,p10,1.6068296712376788
no_coup,2033,NY.GDP.MKTP.KD.ZG,p10,1.5299944050075214
no_coup,2034,NY.GDP.MKTP.KD.ZG,p10,1.4589018460580332
no_coup,2035,NY.GDP.MKTP.KD.ZG,p10,1.3929498505064235
no_coup,2011,NY.GDP.MKTP.KD.ZG,p50,5.59148237823661
no_coup,2012,NY.GDP.MKTP.KD.ZG,p50,5.21099091123431
no_coup,2013,NY.GDP.MKTP.KD.ZG,p50,4.992808098912954
no_coup,2014,NY.GDP.MKTP.KD.ZG,p50,5.010865040014583
no_coup,2015,NY.GDP.MKTP.KD.ZG,p50,5.170135650455533
no_coup,2016,NY.GDP.MKTP.KD.ZG,p50,5.469663204726645
no_coup,2017,NY.GDP.MKTP.KD.ZG,p50,5.857975962456106
no_coup,2018,NY.GDP.MKTP.KD.ZG,p50,6.487558414388419
no_coup,2019,NY.GDP.MKTP.KD.ZG,p50,7.589754766173982
no_coup,2020,NY.GDP.MKTP.KD.ZG,p50,-9.0269213030003
no_coup,2021,NY.GDP.MKTP.KD.ZG,p50,7.5576641498223545
no_coup,2022,NY.GDP.MKTP.KD.ZG,p50,6.132903649359061
no_coup,2023,NY.GDP.MKTP.KD.ZG,p50,5.215068300064044
no_coup,2024,NY.GDP.MKTP.KD.ZG,p50,4.470529773210764
no_coup,2025,NY.GDP.MKTP.KD.ZG,p50,4.119702248721451
no_coup,2026,NY.GDP.MKTP.KD.ZG,p50,4.002526784133568
no_coup,2027,NY.GDP.MKTP.KD.ZG,p50,3.960763884224132
no_coup,2028,NY.GDP.MKTP.KD.ZG,p50,3.9130530215756343
no_coup,2029,NY.GDP.MKTP.KD.ZG,p50,3.8686274395171623
no_coup,2030,NY.GDP.MKTP.KD.ZG,p50,3.8327103683686903
no_coup,2031,NY.GDP.MKTP.KD.ZG,p50,3.8033330405696053
no_coup,2032,NY.GDP.MKTP.KD.ZG,p50,3.775691860683499
no_coup,2033,NY.GDP.MKTP.KD.ZG,p50,3.7539525432851226
no_coup,2034,NY.GDP.MKTP.KD.ZG,p50,3.738209522210779
no_coup,2035,NY.GDP.MKTP.KD.ZG,p50,3.719834444714741
no_coup,2011,NY.GDP.MKTP.KD.ZG,p90,5.59148237823661
no_coup,2012,NY.GDP.MKTP.KD.ZG,p90,7.083401894062369
no_coup,2013,NY.GDP.MKTP.KD.ZG,p90,6.628089350926328
no_coup,2014,NY.GDP.MKTP.KD.ZG,p90,6.305375358899344
no_coup,2015,NY.GDP.MKTP.KD.ZG,p90,6.1495512780076504
no_coup,2016,NY.GDP.MKTP.KD.ZG,p90,5.969851457675694
no_coup,2017,NY.GDP.MKTP.KD.ZG,p90,6.594772699505145
no_coup,2018,NY.GDP.MKTP.KD.ZG,p90,8.257357686437013
no_coup,2019,NY.GDP.MKTP.KD.ZG,p90,10.622311777639252
no_coup,2020,NY.GDP.MKTP.KD.ZG,p90,-6.8181883345921
no_coup,2021,NY.GDP.MKTP.KD.ZG,p90,9.984674707811909
no_coup,2022,NY.GDP.MKTP.KD.ZG,p90,8.764357725600888
no_coup,2023,NY.GDP.MKTP.KD.ZG,p90,7.206045268020413
no_coup,2024,NY.GDP.MKTP.KD.ZG,p90,5.762429589250925
no_coup,2025,NY.GDP.MKTP.KD.ZG,p90,5.480665639857387
no_coup,2026,NY.GDP.MKTP.KD.ZG,p90,5.493182952901514
no_coup,2027,NY.GDP.MKTP.KD.ZG,p90,5.504377166610953
no_coup,2028,NY.GDP.MKTP.KD.ZG,p90,5.514677771762587
no_coup,2029,NY.GDP.MKTP.KD.ZG,p90,5.524227382942336
no_coup,2030,NY.GDP.MKTP.KD.ZG,p90,5.529320124007904
no_coup,2031,NY.GDP.MKTP.KD.ZG,p90,5.532419411840539
no_coup,2032,NY.GDP.MKTP.KD.ZG,p90,5.535087426344765
no_coup,2033,NY.GDP.MKTP.KD.ZG,p90,5.537355085118645
no_coup,2034,NY.GDP.MKTP.KD.ZG,p90,5.562179544373648
no_coup,2035,NY.GDP.MKTP.KD.ZG,p90,5.572000323366455
no_coup,2011,BX.KLT.DINV.WD.GD.ZS,p10,3.3302980578800403
no_coup,2012,BX.KLT.DINV.WD.GD.ZS,p10,3.3302980578800403
no_coup,2013,BX.KLT.DINV.WD.GD.ZS,p10,3.3302980578800403
no_coup,2014,BX.KLT.DINV.WD.GD.ZS,p10,3.3302980578800403
no_coup,2015,BX.KLT.DINV.WD.GD.ZS,p10,3.3302980578800403
no_coup,2016,BX.KLT.DINV.WD.GD.ZS,p10,3.3302980578800403
no_coup,2017,BX.KLT.DINV.WD.GD.ZS,p10,3.3302980578800403
no_coup,2018,BX.KLT.DINV.WD.GD.ZS,p10,3.3302980578800403
no_coup,2019,BX.KLT.DINV.WD.GD.ZS,p10,3.3302980578800403
no_coup,2020,BX.KLT.DINV.WD.GD.ZS,p10,3.3302980578800403
no_coup,2021,BX.KLT.DINV.WD.GD.ZS,p10,3.3302980578800403
no_coup,2022,BX.KLT.DINV.WD.GD.ZS,p10,3.3302980578800403
no_coup,2023,BX.KLT.DINV.WD.GD.ZS,p10,3.3302980578800403
no_coup,2024,BX.KLT.DINV.WD.GD.ZS,p10,3.3302980578800403
no_coup,2025,BX.KLT.DINV.WD.GD.ZS,p10,3.3302980578800403
no_coup,2026,BX.KLT.DINV.WD.GD.ZS,p10,3.3302980578800403
no_coup,2027,BX.KLT.DINV.WD.GD.ZS,p10,3.3302980578800403
no_coup,2028,BX.KLT.DINV.WD.GD.ZS,p10,3.3302980578800403
no_coup,2029,BX.KLT.DINV.WD.GD.ZS,p10,3.3302980578800403
no_coup,2030,BX.KLT.DINV.WD.GD.ZS,p10,3.3302980578800403
no_coup,2031,BX.KLT.DINV.WD.GD.ZS,p10,3.3302980578800403
no_coup,2032,BX.KLT.DINV.WD.GD.ZS,p10,3.3302980578800403
no_coup,2033,BX.KLT.DINV.WD.GD.ZS,p10,3.3302980578800403
no_coup,2034,BX.KLT.DINV.WD.GD.ZS,p10,3.3302980578800403
no_coup,2035,BX.KLT.DINV.WD.GD.ZS,p10,3.3302980578800403
no_coup,2011,BX.KLT.DINV.WD.GD.ZS,p50,3.7886515938381757
no_coup,2012,BX.KLT.DINV.WD.GD.ZS,p50,3.7886515938381757
no_coup,2013,BX.KLT.DINV.WD.GD.ZS,p50,3.7886515938381757
no_coup,2014,BX.KLT.DINV.WD.GD.ZS,p50,3.7886515938381757
no_coup,2015,BX.KLT.DINV.WD.GD.ZS,p50,3.7886515938381757
no_coup,2016,BX.KLT.DINV.WD.GD.ZS,p50,3.7886515938381757
no_coup,2017,BX.KLT.DINV.WD.GD.ZS,p50,3.7886515938381757
no_coup,2018,BX.KLT.DINV.WD.GD.ZS,p50,3.7886515938381757
no_coup,2019,BX.KLT.DINV.WD.GD.ZS,p50,3.7886515938381757
no_coup,2020,BX.KLT.DINV.WD.GD.ZS,p50,3.7886515938381757
no_coup,2021,BX.KLT.DINV.WD.GD.ZS,p50,3.7886515938381757
no_coup,2022,BX.KLT.DINV.WD.GD.ZS,p50,3.7886515938381757
no_coup,2023,BX.KLT.DINV.WD.GD.ZS,p50,3.7886515938381757
no_coup,2024,BX.KLT.DINV.WD.GD.ZS,p50,3.7886515938381757
no_coup,2025,BX.KLT.DINV.WD.GD.ZS,p50,3.7886515938381757
no_coup,2026,BX.KLT.DINV.WD.GD.ZS,p50,3.7886515938381757
no_coup,2027,BX.KLT.DINV.WD.GD.ZS,p50,3.7886515938381757
no_coup,2028,BX.KLT.DINV.WD.GD.ZS,p50,3.7886515938381757
no_coup,2029,BX.KLT.DINV.WD.GD.ZS,p50,3.7886515938381757
no_coup,2030,BX.KLT.DINV.WD.GD.ZS,p50,3.7886515938381757
no_coup,2031,BX.KLT.DINV.WD.GD.ZS,p50,3.7886515938381757
no_coup,2032,BX.KLT.DINV.WD.GD.ZS,p50,3.7886515938381757
no_coup,2033,BX.KLT.DINV.WD.GD.ZS,p50,3.7886515938381757
no_coup,2034,BX.KLT.DINV.WD.GD.ZS,p50,3.7886515938381757
no_coup,2035,BX.KLT.DINV.WD.GD.ZS,p50,3.7886515938381757
no_coup,2011,BX.KLT.DINV.WD.GD.ZS,p90,4.266336819537714
no_coup,2012,BX.KLT.DINV.WD.GD.ZS,p90,4.266336819537714
no_coup,2013,BX.KLT.DINV.WD.GD.ZS,p90,4.266336819537714
no_coup,2014,BX.KLT.DINV.WD.GD.ZS,p90,4.266336819537714
no_coup,2015,BX.KLT.DINV.WD.GD.ZS,p90,4.266336819537714
no_coup,2016,BX.KLT.DINV.WD.GD.ZS,p90,4.266336819537714
no_coup,2017,BX.KLT.DINV.WD.GD.ZS,p90,4.266336819537714
no_coup,2018,BX.KLT.DINV.WD.GD.ZS,p90,4.266336819537714
no_coup,2019,BX.KLT.DINV.WD.GD.ZS,p90,4.266336819537714
no_coup,2020,BX.KLT.DINV.WD.GD.ZS,p90,4.266336819537714
no_coup,2021,BX.KLT.DINV.WD.GD.ZS,p90,4.266336819537714
no_coup,2022,BX.KLT.DINV.WD.GD.ZS,p90,4.266336819537714
no_coup,2023,BX.KLT.DINV.WD.GD.ZS,p90,4.266336819537714
no_coup,2024,BX.KLT.DINV.WD.GD.ZS,p90,4.266336819537714
no_coup,2025,BX.KLT.DINV.WD.GD.ZS,p90,4.266336819537714
no_coup,2026,BX.KLT.DINV.WD.GD.ZS,p90,4.266336819537714
no_coup,2027,BX.KLT.DINV.WD.GD.ZS,p90,4.266336819537714
no_coup,2028,BX.KLT.DINV.WD.GD.ZS,p90,4.266336819537714
no_coup,2029,BX.KLT.DINV.WD.GD.ZS,p90,4.266336819537714
no_coup,2030,BX.KLT.DINV.WD.GD.ZS,p90,4.266336819537714
no_coup,2031,BX.KLT.DINV.WD.GD.ZS,p90,4.266336819537714
no_coup,2032,BX.KLT.DINV.WD.GD.ZS,p90,4.266336819537714
no_coup,2033,BX.KLT.DINV.WD.GD.ZS,p90,4.266336819537714
no_coup,2034,BX.KLT.DINV.WD.GD.ZS,p90,4.266336819537714
no_coup,2035,BX.KLT.DINV.WD.GD.ZS,p90,4.266336819537714
no_coup,2011,IT.NET.USER.ZS,p10,0.98
no_coup,2012,IT.NET.USER.ZS,p10,1.4231383975464003
no_coup,2013,IT.NET.USER.ZS,p10,2.0984272359031406
no_coup,2014,IT.NET.USER.ZS,p10,3.1350454003080883
no_coup,2015,IT.NET.USER.ZS,p10,4.743051535239091
no_coup,2016,IT.NET.USER.ZS,p10,7.253784040672879
no_coup,2017,IT.NET.USER.ZS,p10,11.21328536587798
no_coup,2018,IT.NET.USER.ZS,p10,17.319173656695035
no_coup,2019,IT.NET.USER.ZS,p10,26.628310836090012
no_coup,2020,IT.NET.USER.ZS,p10,40.17428744169152
no_coup,2021,IT.NET.USER.ZS,p10,54.68154956501295
no_coup,2022,IT.NET.USER.ZS,p10,70.47885348417316
no_coup,2023,IT.NET.USER.ZS,p10,84.01719965179826
no_coup,2024,IT.NET.USER.ZS,p10,92.48799090484687
no_coup,2025,IT.NET.USER.ZS,p10,96.16251904497308
no_coup,2026,IT.NET.USER.ZS,p10,97.32403119260393
no_coup,2027,IT.NET.USER.ZS,p10,97.61589558490839
no_coup,2028,IT.NET.USER.ZS,p10,97.73379182095535
no_coup,2029,IT.NET.USER.ZS,p10,97.81772836279028
no_coup,2030,IT.NET.USER.ZS,p10,97.88775198085841
no_coup,2031,IT.NET.USER.ZS,p10,97.95407171485472
no_coup,2032,IT.NET.USER.ZS,p10,98.01254065692662
no_coup,2033,IT.NET.USER.ZS,p10,98.07706671286176
no_coup,2034,IT.NET.USER.ZS,p10,98.1428267373312
no_coup,2035,IT.NET.USER.ZS,p10,98.1945656936549
no_coup,2011,IT.NET.USER.ZS,p50,0.98
no_coup,2012,IT.NET.USER.ZS,p50,1.4850689008060465
no_coup,2013,IT.NET.USER.ZS,p50,2.2964870813197145
no_coup,2014,IT.NET.USER.ZS,p50,3.5803090865873477
no_coup,2015,IT.NET.USER.ZS,p50,5.629059641501058
no_coup,2016,IT.NET.USER.ZS,p50,8.973354948133341
no_coup,2017,IT.NET.USER.ZS,p50,14.388778776315768
no_coup,2018,IT.NET.USER.ZS,p50,22.985782215135927
no_coup,2019,IT.NET.USER.ZS,p50,36.152146622035005
no_coup,2020,IT.NET.USER.ZS,p50,54.476707265110065
no_coup,2021,IT.NET.USER.ZS,p50,72.15737765247553
no_coup,2022,IT.NET.USER.ZS,p50,87.32748386668624
no_coup,2023,IT.NET.USER.ZS,p50,95.02339537738246
no_coup,2024,IT.NET.USER.ZS,p50,97.33636980792917
no_coup,2025,IT.NET.USER.ZS,p50,97.81776596397674
no_coup,2026,IT.NET.USER.ZS,p50,97.94334377221347
no_coup,2027,IT.NET.USER.ZS,p50,98.0150467629123
no_coup,2028,IT.NET.USER.ZS,p50,98.08822281983228
no_coup,2029,IT.NET.USER.ZS,p50,98.16450250726979
no_coup,2030,IT.NET.USER.ZS,p50,98.23256347258992
no_coup,2031,IT.NET.USER.ZS,p50,98.28566310547697
no_coup,2032,IT.NET.USER.ZS,p50,98.34336822719237
no_coup,2033,IT.NET.USER.ZS,p50,98.39668392032557
no_coup,2034,IT.NET.USER.ZS,p50,98.4513976251806
no_coup,2035,IT.NET.USER.ZS,p50,98.51270377893087
no_coup,2011,IT.NET.USER.ZS,p90,0.98
no_coup,2012,IT.NET.USER.ZS,p90,1.551115210051683
no_coup,2013,IT.NET.USER.ZS,p90,2.4940354645678555
no_coup,2014,IT.NET.USER.ZS,p90,4.075741400298968
no_coup,2015,IT.NET.USER.ZS,p90,6.711329773113122
no_coup,2016,IT.NET.USER.ZS,p90,11.143003018504693
no_coup,2017,IT.NET.USER.ZS,p90,18.642109408812285
no_coup,2018,IT.NET.USER.ZS,p90,30.752865166138154
no_coup,2019,IT.NET.USER.ZS,p90,48.94585596369471
no_coup,2020,IT.NET.USER.ZS,p90,71.87169948734667
no_coup,2021,IT.NET.USER.ZS,p90,88.541767504598
no_coup,2022,IT.NET.USER.ZS,p90,96.65462476321005
no_coup,2023,IT.NET.USER.ZS,p90,98.00065755750319
no_coup,2024,IT.NET.USER.ZS,p90,98.12598186333769
no_coup,2025,IT.NET.USER.ZS,p90,98.1904648943963
no_coup,2026,IT.NET.USER.ZS,p90,98.24796230120295
no_coup,2027,IT.NET.USER.ZS,p90,98.31132263812155
no_coup,2028,IT.NET.USER.ZS,p90,98.36376052634398
no_coup,2029,IT.NET.USER.ZS,p90,98.42380950557983
no_coup,2030,IT.NET.USER.ZS,p90,98.4847956680343
no_coup,2031,IT.NET.USER.ZS,p90,98.55461078244898
no_coup,2032,IT.NET.USER.ZS,p90,98.60799131830129
no_coup,2033,IT.NET.USER.ZS,p90,98.65502158404217
no_coup,2034,IT.NET.USER.ZS,p90,98.70660094109127
no_coup,2035,IT.NET.USER.ZS,p90,98.76769471590832
no_coup,2011,IT.CEL.SETS.P2,p10,10.787881717832825
no_coup,2012,IT.CEL.SETS.P2,p10,15.995786717761632
no_coup,2013,IT.CEL.SETS.P2,p10,23.798754929158328
no_coup,2014,IT.CEL.SETS.P2,p10,34.673974811855594
no_coup,2015,IT.CEL.SETS.P2,p10,49.27497259824456
no_coup,2016,IT.CEL.SETS.P2,p10,68.44318136368446
no_coup,2017,IT.CEL.SETS.P2,p10,91.19528233237112
no_coup,2018,IT.CEL.SETS.P2,p10,112.23685480413532
no_coup,2019,IT.CEL.SETS.P2,p10,126.02055808202158
no_coup,2020,IT.CEL.SETS.P2,p10,131.63329598204817
no_coup,2021,IT.CEL.SETS.P2,p10,133.05810602729653
no_coup,2022,IT.CEL.SETS.P2,p10,133.29652107374488
no_coup,2023,IT.CEL.SETS.P2,p10,133.31646526779952
no_coup,2024,IT.CEL.SETS.P2,p10,133.32040234717422
no_coup,2025,IT.CEL.SETS.P2,p10,133.32108605729186
no_coup,2026,IT.CEL.SETS.P2,p10,133.3212574294628
no_coup,2027,IT.CEL.SETS.P2,p10,133.32137010746285
no_coup,2028,IT.CEL.SETS.P2,p10,133.3214732858337
no_coup,2029,IT.CEL.SETS.P2,p10,133.32157079617414
no_coup,2030,IT.CEL.SETS.P2,p10,133.32166306180096
no_coup,2031,IT.CEL.SETS.P2,p10,133.32175037930216
no_coup,2032,IT.CEL.SETS.P2,p10,133.32183303050678
no_coup,2033,IT.CEL.SETS.P2,p10,133.32191128031153
no_coup,2034,IT.CEL.SETS.P2,p10,133.3219853780399
no_coup,2035,IT.CEL.SETS.P2,p10,133.32205555833607
no_coup,2011,IT.CEL.SETS.P2,p50,12.692573001775385
no_coup,2012,IT.CEL.SETS.P2,p50,18.885128050154748
no_coup,2013,IT.CEL.SETS.P2,p50,27.79471371887363
no_coup,2014,IT.CEL.SETS.P2,p50,41.14623535531682
no_coup,2015,IT.CEL.SETS.P2,p50,59.868866379412665
no_coup,2016,IT.CEL.SETS.P2,p50,83.19897115166495
no_coup,2017,IT.CEL.SETS.P2,p50,108.2131655825701
no_coup,2018,IT.CEL.SETS.P2,p50,129.5441441842266
no_coup,2019,IT.CEL.SETS.P2,p50,142.3210572992359
no_coup,2020,IT.CEL.SETS.P2,p50,147.24727430148346
no_coup,2021,IT.CEL.SETS.P2,p50,148.31619221118817
no_coup,2022,IT.CEL.SETS.P2,p50,148.65710830264584
no_coup,2023,IT.CEL.SETS.P2,p50,148.69112954913152
no_coup,2024,IT.CEL.SETS.P2,p50,148.69409380671038
no_coup,2025,IT.CEL.SETS.P2,p50,148.69468227521486
no_coup,2026,IT.CEL.SETS.P2,p50,148.69482057198968
no_coup,2027,IT.CEL.SETS.P2,p50,148.69488450457214
no_coup,2028,IT.CEL.SETS.P2,p50,148.69493706858105
no_coup,2029,IT.CEL.SETS.P2,p50,148.69498611755336
no_coup,2030,IT.CEL.SETS.P2,p50,148.69503250025448
no_coup,2031,IT.CEL.SETS.P2,p50,148.6950764574259
no_coup,2032,IT.CEL.SETS.P2,p50,148.6951181816101
no_coup,2033,IT.CEL.SETS.P2,p50,148.69515784430814
no_coup,2034,IT.CEL.SETS.P2,p50,148.6951955988511
no_coup,2035,IT.CEL.SETS.P2,p50,148.69523158284474
no_coup,2011,IT.CEL.SETS.P2,p90,15.120901095861507
no_coup,2012,IT.CEL.SETS.P2,p90,22.046126428954846
no_coup,2013,IT.CEL.SETS.P2,p90,33.105531027906125
no_coup,2014,IT.CEL.SETS.P2,p90,48.98923033218745
no_coup,2015,IT.CEL.SETS.P2,p90,71.03692350469917
no_coup,2016,IT.CEL.SETS.P2,p90,99.5469934174239
no_coup,2017,IT.CEL.SETS.P2,p90,128.58066977578315
no_coup,2018,IT.CEL.SETS.P2,p90,149.13254220634457
no_coup,2019,IT.CEL.SETS.P2,p90,161.2327464473533
no_coup,2020,IT.CEL.SETS.P2,p90,166.2768370745722
no_coup,2021,IT.CEL.SETS.P2,p90,167.93019108877758
no_coup,2022,IT.CEL.SETS.P2,p90,168.2701598067853
no_coup,2023,IT.CEL.SETS.P2,p90,168.41307538243177
no_coup,2024,IT.CEL.SETS.P2,p90,168.44359424657907
no_coup,2025,IT.CEL.SETS.P2,p90,168.45068928740582
no_coup,2026,IT.CEL.SETS.P2,p90,168.45234447042216
no_coup,2027,IT.CEL.SETS.P2,p90,168.45281613279218
no_coup,2028,IT.CEL.SETS.P2,p90,168.4530750205107
no_coup,2029,IT.CEL.SETS.P2,p90,168.45329589485456
no_coup,2030,IT.CEL.SETS.P2,p90,168.45350137531472
no_coup,2031,IT.CEL.SETS.P2,p90,168.45369393230615
no_coup,2032,IT.CEL.SETS.P2,p90,168.45387451151768
no_coup,2033,IT.CEL.SETS.P2,p90,168.45404396591567
no_coup,2034,IT.CEL.SETS.P2,p90,168.45420307689764
no_coup,2035,IT.CEL.SETS.P2,p90,168.45435256087498
no_coup,2011,SP.DYN.LE00.IN,p10,63.859
no_coup,2012,SP.DYN.LE00.IN,p10,63.96826227554801
no_coup,2013,SP.DYN.LE00.IN,p10,64.07533930558505
no_coup,2014,SP.DYN.LE00.IN,p10,64.18027479502133
no_coup,2015,SP.DYN.LE00.IN,p10,64.28311157466892
no_coup,2016,SP.DYN.LE00.IN,p10,64.38389161872355
no_coup,2017,SP.DYN.LE00.IN,p10,64.48265606189707
no_coup,2018,SP.DYN.LE00.IN,p10,64.57944521620715
no_coup,2019,SP.DYN.LE00.IN,p10,64.67429858743101
no_coup,2020,SP.DYN.LE00.IN,p10,64.76725489123041
no_coup,2021,SP.DYN.LE00.IN,p10,64.85835206895379
no_coup,2022,SP.DYN.LE00.IN,p10,64.94762730312273
no_coup,2023,SP.DYN.LE00.IN,p10,65.03511703260828
no_coup,2024,SP.DYN.LE00.IN,p10,65.12085696750411
no_coup,2025,SP.DYN.LE00.IN,p10,65.20488210370203
no_coup,2026,SP.DYN.LE00.IN,p10,65.287226737176
no_coup,2027,SP.DYN.LE00.IN,p10,65.36792447798048
no_coup,2028,SP.DYN.LE00.IN,p10,65.44700826396887
no_coup,2029,SP.DYN.LE00.IN,p10,65.5245103742375
no_coup,2030,SP.DYN.LE00.IN,p10,65.60046244230075
no_coup,2031,SP.DYN.LE00.IN,p10,65.67489546900275
no_coup,2032,SP.DYN.LE00.IN,p10,65.7478398351707
no_coup,2033,SP.DYN.LE00.IN,p10,65.81932531401529
no_coup,2034,SP.DYN.LE00.IN,p10,65.889381083283
no_coup,2035,SP.DYN.LE00.IN,p10,65.95803573716533
no_coup,2011,SP.DYN.LE00.IN,p50,63.859
no_coup,2012,SP.DYN.LE00.IN,p50,64.17341988578804
no_coup,2013,SP.DYN.LE00.IN,p50,64.48155137386027
no_coup,2014,SP.DYN.LE00.IN,p50,64.7835202321711
no_coup,2015,SP.DYN.LE00.IN,p50,65.07944971331571
no_coup,2016,SP.DYN.LE00.IN,p50,65.36946060483743
no_coup,2017,SP.DYN.LE00.IN,p50,65.65367127852869
no_coup,2018,SP.DYN.LE00.IN,p50,65.93219773874614
no_coup,2019,SP.DYN.LE00.IN,p50,66.20515366975923
no_coup,2020,SP.DYN.LE00.IN,p50,66.47265048215206
no_coup,2021,SP.DYN.LE00.IN,p50,66.73479735829704
no_coup,2022,SP.DYN.LE00.IN,p50,66.99170129691913
no_coup,2023,SP.DYN.LE00.IN,p50,67.24346715676877
no_coup,2024,SP.DYN.LE00.IN,p50,67.49019769942142
no_coup,2025,SP.DYN.LE00.IN,p50,67.73199363122102
no_coup,2026,SP.DYN.LE00.IN,p50,67.96895364438461
no_coup,2027,SP.DYN.LE00.IN,p50,68.20117445728494
no_coup,2028,SP.DYN.LE00.IN,p50,68.42875085392727
no_coup,2029,SP.DYN.LE00.IN,p50,68.65177572263676
no_coup,2030,SP.DYN.LE00.IN,p50,68.87034009397203
no_coup,2031,SP.DYN.LE00.IN,p50,69.08453317788062
no_coup,2032,SP.DYN.LE00.IN,p50,69.29444240011102
no_coup,2033,SP.DYN.LE00.IN,p50,69.50015343789684
no_coup,2034,SP.DYN.LE00.IN,p50,69.7017502549269
no_coup,2035,SP.DYN.LE00.IN,p50,69.8993151356164
no_coup,2011,SP.DYN.LE00.IN,p90,63.859
no_coup,2012,SP.DYN.LE00.IN,p90,64.35009002024853
no_coup,2013,SP.DYN.LE00.IN,p90,64.83135824009209
no_coup,2014,SP.DYN.LE00.IN,p90,65.30300109553876
no_coup,2015,SP.DYN.LE00.IN,p90,65.7652110938765
no_coup,2016,SP.DYN.LE00.IN,p90,66.2181768922475
no_coup,2017,SP.DYN.LE00.IN,p90,66.66208337465108
no_coup,2018,SP.DYN.LE00.IN,p90,67.0971117274066
no_coup,2019,SP.DYN.LE00.IN,p90,67.52343951310698
no_coup,2020,SP.DYN.LE00.IN,p90,67.94124074309337
no_coup,2021,SP.DYN.LE00.IN,p90,68.35068594848002
no_coup,2022,SP.DYN.LE00.IN,p90,68.75194224975894
no_coup,2023,SP.DYN.LE00.IN,p90,69.14517342501229
no_coup,2024,SP.DYN.LE00.IN,p90,69.53053997676058
no_coup,2025,SP.DYN.LE00.IN,p90,69.90819919747389
no_coup,2026,SP.DYN.LE00.IN,p90,70.27830523377294
no_coup,2027,SP.DYN.LE00.IN,p90,70.641009149346
no_coup,2028,SP.DYN.LE00.IN,p90,70.9964589866076
no_coup,2029,SP.DYN.LE00.IN,p90,71.34479982712398
no_coup,2030,SP.DYN.LE00.IN,p90,71.68617385083002
no_coup,2031,SP.DYN.LE00.IN,p90,72.02072039406194
no_coup,2032,SP.DYN.LE00.IN,p90,72.34857600642924
no_coup,2033,SP.DYN.LE00.IN,p90,72.66987450654918
no_coup,2034,SP.DYN.LE00.IN,p90,72.98474703666672
no_coup,2035,SP.DYN.LE00.IN,p90,73.29332211618191
no_coup,2011,SH.DYN.MORT,p10,59.7
no_coup,2012,SH.DYN.MORT,p10,55.59278346773962
no_coup,2013,SH.DYN.MORT,p10,51.86841600877123
no_coup,2014,SH.DYN.MORT,p10,48.48410753718429
no_coup,2015,SH.DYN.MORT,p10,45.40255954984175
no_coup,2016,SH.DYN.MORT,p10,42.5911768843372
no_coup,2017,SH.DYN.MORT,p10,40.02140379955095
no_coup,2018,SH.DYN.MORT,p10,37.66816310707429
no_coup,2019,SH.DYN.MORT,p10,35.5093809917446
no_coup,2020,SH.DYN.MORT,p10,33.525583303367746
no_coup,2021,SH.DYN.MORT,p10,31.69955163842575
no_coup,2022,SH.DYN.MORT,p10,30.0160295844259
no_coup,2023,SH.DYN.MORT,p10,28.461471167975702
no_coup,2024,SH.DYN.MORT,p10,27.023824907374586
no_coup,2025,SH.DYN.MORT,p10,25.692347982097345
no_coup,2026,SH.DYN.MORT,p10,24.457445943056427
no_coup,2027,SH.DYN.MORT,p10,23.310534137198317
no_coup,2028,SH.DYN.MORT,p10,22.243917638327645
no_coup,2029,SH.DYN.MORT,p10,21.250686987503222
no_coup,2030,SH.DYN.MORT,p10,20.324627470543746
no_coup,2031,SH.DYN.MORT,p10,19.460140012944034
no_coup,2032,SH.DYN.MORT,p10,18.652172066622626
no_coup,2033,SH.DYN.MORT,p10,17.896157108768154
no_coup,2034,SH.DYN.MORT,p10,17.18796157905551
no_coup,2035,SH.DYN.MORT,p10,16.52383825453319
no_coup,2011,SH.DYN.MORT,p50,59.7
no_coup,2012,SH.DYN.MORT,p50,57.1571332716775
no_coup,2013,SH.DYN.MORT,p50,54.78044839537239
no_coup,2014,SH.DYN.MORT,p50,52.55653285696603
no_coup,2015,SH.DYN.MORT,p50,50.47324384885084
no_coup,2016,SH.DYN.MORT,p50,48.51957179913076
no_coup,2017,SH.DYN.MORT,p50,46.685520204940445
no_coup,2018,SH.DYN.MORT,p50,44.96199963707333
no_coup,2019,SH.DYN.MORT,p50,43.3407340851809
no_coup,2020,SH.DYN.MORT,p50,41.81417806896155
no_coup,2021,SH.DYN.MORT,p50,40.37544315843737
no_coup,2022,SH.DYN.MORT,p50,39.018232731779456
no_coup,2023,SH.DYN.MORT,p50,37.73678395730545
no_coup,2024,SH.DYN.MORT,p50,36.525816121489285
no_coup,2025,SH.DYN.MORT,p50,35.380484540648986
no_coup,2026,SH.DYN.MORT,p50,34.296339393376726
no_coup,2027,SH.DYN.MORT,p50,33.26928889623626
no_coup,2028,SH.DYN.MORT,p50,32.295566318860025
no_coup,2029,SH.DYN.MORT,p50,31.37170039809018
no_coup,2030,SH.DYN.MORT,p50,30.494488765701355
no_coup,2031,SH.DYN.MORT,p50,29.660974051768537
no_coup,2032,SH.DYN.MORT,p50,28.869528030703087
no_coup,2033,SH.DYN.MORT,p50,28.117240311136108
no_coup,2034,SH.DYN.MORT,p50,27.401024774396475
no_coup,2035,SH.DYN.MORT,p50,26.71870293682391
no_coup,2011,SH.DYN.MORT,p90,59.7
no_coup,2012,SH.DYN.MORT,p90,58.76871882133626
no_coup,2013,SH.DYN.MORT,p90,57.871856127797415
no_coup,2014,SH.DYN.MORT,p90,57.0078104076107
no_coup,2015,SH.DYN.MORT,p90,56.175070840681194
no_coup,2016,SH.DYN.MORT,p90,55.372211291168185
no_coup,2017,SH.DYN.MORT,p90,54.59788475220158
no_coup,2018,SH.DYN.MORT,p90,53.85081820482544
no_coup,2019,SH.DYN.MORT,p90,53.12980785674688
no_coup,2020,SH.DYN.MORT,p90,52.43371472961171
no_coup,2021,SH.DYN.MORT,p90,51.76146056635968
no_coup,2022,SH.DYN.MORT,p90,51.11202403276329
no_coup,2023,SH.DYN.MORT,p90,50.48443718955917
no_coup,2024,SH.DYN.MORT,p90,49.877782213659806
no_coup,2025,SH.DYN.MORT,p90,49.291188348816256
no_coup,2026,SH.DYN.MORT,p90,48.72382906780288
no_coup,2027,SH.DYN.MORT,p90,48.17491942973793
no_coup,2028,SH.DYN.MORT,p90,47.64371361755043
no_coup,2029,SH.DYN.MORT,p90,47.12950264187143
no_coup,2030,SH.DYN.MORT,p90,46.63161219877858
no_coup,2031,SH.DYN.MORT,p90,46.14940066986952
no_coup,2032,SH.DYN.MORT,p90,45.6822572540889
no_coup,2033,SH.DYN.MORT,p90,45.229600221601075
no_coup,2034,SH.DYN.MORT,p90,44.79087528078837
no_coup,2035,SH.DYN.MORT,p90,44.365554050172996
no_coup,2011,SE.SEC.ENRR,p10,52.42925548553468
no_coup,2012,SE.SEC.ENRR,p10,53.7335333458843
no_coup,2013,SE.SEC.ENRR,p10,54.982294392933454
no_coup,2014,SE.SEC.ENRR,p10,56.178501533125356
no_coup,2015,SE.SEC.ENRR,p10,57.32492811654422
no_coup,2016,SE.SEC.ENRR,p10,58.424171927794
no_coup,2017,SE.SEC.ENRR,p10,59.47866801587263
no_coup,2018,SE.SEC.ENRR,p10,60.49070046947424
no_coup,2019,SE.SEC.ENRR,p10,61.462413233511455
no_coup,2020,SE.SEC.ENRR,p10,62.39582005315892
no_coup,2021,SE.SEC.ENRR,p10,63.29281362323971
no_coup,2022,SE.SEC.ENRR,p10,64.15517401320328
no_coup,2023,SE.SEC.ENRR,p10,64.98457643116075
no_coup,2024,SE.SEC.ENRR,p10,65.78259838437101
no_coup,2025,SE.SEC.ENRR,p10,66.5507262881295
no_coup,2026,SE.SEC.ENRR,p10,67.29036157012223
no_coup,2027,SE.SEC.ENRR,p10,68.0028263129195
no_coup,2028,SE.SEC.ENRR,p10,68.68936847333995
no_coup,2029,SE.SEC.ENRR,p10,69.35116671386153
no_coup,2030,SE.SEC.ENRR,p10,69.98933487805728
no_coup,2031,SE.SEC.ENRR,p10,70.60492613915225
no_coup,2032,SE.SEC.ENRR,p10,71.19893684819296
no_coup,2033,SE.SEC.ENRR,p10,71.77231010597141
no_coup,2034,SE.SEC.ENRR,p10,72.32593908072201
no_coup,2035,SE.SEC.ENRR,p10,72.86067009168694
no_coup,2011,SE.SEC.ENRR,p50,52.42925548553468
no_coup,2012,SE.SEC.ENRR,p50,56.09990900662653
no_coup,2013,SE.SEC.ENRR,p50,59.46362424855907
no_coup,2014,SE.SEC.ENRR,p50,62.551179115631214
no_coup,2015,SE.SEC.ENRR,p50,65.38980851165546
no_coup,2016,SE.SEC.ENRR,p50,68.00366031099237
no_coup,2017,SE.SEC.ENRR,p50,70.41418687277154
no_coup,2018,SE.SEC.ENRR,p50,72.64048198024409
no_coup,2019,SE.SEC.ENRR,p50,74.69957145992076
no_coup,2020,SE.SEC.ENRR,p50,76.60666439350625
no_coup,2021,SE.SEC.ENRR,p50,78.37537072652873
no_coup,2022,SE.SEC.ENRR,p50,80.01789015826994
no_coup,2023,SE.SEC.ENRR,p50,81.54517643368774
no_coup,2024,SE.SEC.ENRR,p50,82.96708052164286
no_coup,2025,SE.SEC.ENRR,p50,84.2924756323068
no_coup,2026,SE.SEC.ENRR,p50,85.5293665817783
no_coup,2027,SE.SEC.ENRR,p50,86.68498563869773
no_coup,2028,SE.SEC.ENRR,p50,87.76587667378246
no_coup,2029,SE.SEC.ENRR,p50,88.77796916868408
no_coup,2030,SE.SEC.ENRR,p50,89.72664341714666
no_coup,2031,SE.SEC.ENRR,p50,90.61678806234212
no_coup,2032,SE.SEC.ENRR,p50,91.45285095386643
no_coup,2033,SE.SEC.ENRR,p50,92.23888417156962
no_coup,2034,SE.SEC.ENRR,p50,92.97858394731388
no_coup,2035,SE.SEC.ENRR,p50,93.67532611671534
no_coup,2011,SE.SEC.ENRR,p90,52.42925548553468
no_coup,2012,SE.SEC.ENRR,p90,58.34086358059575
no_coup,2013,SE.SEC.ENRR,p90,63.53353708777428
no_coup,2014,SE.SEC.ENRR,p90,68.11027188568995
no_coup,2015,SE.SEC.ENRR,p90,72.15244723172671
no_coup,2016,SE.SEC.ENRR,p90,75.73241335937053
no_coup,2017,SE.SEC.ENRR,p90,78.91223024687882
no_coup,2018,SE.SEC.ENRR,p90,81.74592234587509
no_coup,2019,SE.SEC.ENRR,p90,84.27656843574935
no_coup,2020,SE.SEC.ENRR,p90,86.54162851661351
no_coup,2021,SE.SEC.ENRR,p90,88.57370286911919
no_coup,2022,SE.SEC.ENRR,p90,90.40087497126841
no_coup,2023,SE.SEC.ENRR,p90,92.04740255576797
no_coup,2024,SE.SEC.ENRR,p90,93.53429365038818
no_coup,2025,SE.SEC.ENRR,p90,94.87978819817974
no_coup,2026,SE.SEC.ENRR,p90,96.09976191927079
no_coup,2027,SE.SEC.ENRR,p90,97.20806593756956
no_coup,2028,SE.SEC.ENRR,p90,98.21681318403213
no_coup,2029,SE.SEC.ENRR,p90,99.13662057125752
no_coup,2030,SE.SEC.ENRR,p90,99.97681430924884
no_coup,2031,SE.SEC.ENRR,p90,100.7456044188567
no_coup,2032,SE.SEC.ENRR,p90,101.45023343462692
no_coup,2033,SE.SEC.ENRR,p90,102.09710342285531
no_coup,2034,SE.SEC.ENRR,p90,102.69188473437274
no_coup,2035,SE.SEC.ENRR,p90,103.23960933384993
no_coup,2011,SH.XPD.CHEX.GD.ZS,p10,3.599743103022713
no_coup,2012,SH.XPD.CHEX.GD.ZS,p10,3.599743103022713
no_coup,2013,SH.XPD.CHEX.GD.ZS,p10,3.599743103022713
no_coup,2014,SH.XPD.CHEX.GD.ZS,p10,3.599743103022713
no_coup,2015,SH.XPD.CHEX.GD.ZS,p10,3.599743103022713
no_coup,2016,SH.XPD.CHEX.GD.ZS,p10,3.599743103022713
no_coup,2017,SH.XPD.CHEX.GD.ZS,p10,3.599743103022713
no_coup,2018,SH.XPD.CHEX.GD.ZS,p10,3.599743103022713
no_coup,2019,SH.XPD.CHEX.GD.ZS,p10,3.599743103022713
no_coup,2020,SH.XPD.CHEX.GD.ZS,p10,3.599743103022713
no_coup,2021,SH.XPD.CHEX.GD.ZS,p10,3.599743103022713
no_coup,2022,SH.XPD.CHEX.GD.ZS,p10,3.599743103022713
no_coup,2023,SH.XPD.CHEX.GD.ZS,p10,3.599743103022713
no_coup,2024,SH.XPD.CHEX.GD.ZS,p10,3.599743103022713
no_coup,2025,SH.XPD.CHEX.GD.ZS,p10,3.599743103022713
no_coup,2026,SH.XPD.CHEX.GD.ZS,p10,3.599743103022713
no_coup,2027,SH.XPD.CHEX.GD.ZS,p10,3.599743103022713
no_coup,2028,SH.XPD.CHEX.GD.ZS,p10,3.599743103022713
no_coup,2029,SH.XPD.CHEX.GD.ZS,p10,3.599743103022713
no_coup,2030,SH.XPD.CHEX.GD.ZS,p10,3.599743103022713
no_coup,2031,SH.XPD.CHEX.GD.ZS,p10,3.599743103022713
no_coup,2032,SH.XPD.CHEX.GD.ZS,p10,3.599743103022713
no_coup,2033,SH.XPD.CHEX.GD.ZS,p10,3.599743103022713
no_coup,2034,SH.XPD.CHEX.GD.ZS,p10,3.599743103022713
no_coup,2035,SH.XPD.CHEX.GD.ZS,p10,3.599743103022713
no_coup,2011,SH.XPD.CHEX.GD.ZS,p50,4.144061970969516
no_coup,2012,SH.XPD.CHEX.GD.ZS,p50,4.144061970969516
no_coup,2013,SH.XPD.CHEX.GD.ZS,p50,4.144061970969516
no_coup,2014,SH.XPD.CHEX.GD.ZS,p50,4.144061970969516
no_coup,2015,SH.XPD.CHEX.GD.ZS,p50,4.144061970969516
no_coup,2016,SH.XPD.CHEX.GD.ZS,p50,4.144061970969516
no_coup,2017,SH.XPD.CHEX.GD.ZS,p50,4.144061970969516
no_coup,2018,SH.XPD.CHEX.GD.ZS,p50,4.144061970969516
no_coup,2019,SH.XPD.CHEX.GD.ZS,p50,4.144061970969516
no_coup,2020,SH.XPD.CHEX.GD.ZS,p50,4.144061970969516
no_coup,2021,SH.XPD.CHEX.GD.ZS,p50,4.144061970969516
no_coup,2022,SH.XPD.CHEX.GD.ZS,p50,4.144061970969516
no_coup,2023,SH.XPD.CHEX.GD.ZS,p50,4.144061970969516
no_coup,2024,SH.XPD.CHEX.GD.ZS,p50,4.144061970969516
no_coup,2025,SH.XPD.CHEX.GD.ZS,p50,4.144061970969516
no_coup,2026,SH.XPD.CHEX.GD.ZS,p50,4.144061970969516
no_coup,2027,SH.XPD.CHEX.GD.ZS,p50,4.144061970969516
no_coup,2028,SH.XPD.CHEX.GD.ZS,p50,4.144061970969516
no_coup,2029,SH.XPD.CHEX.GD.ZS,p50,4.144061970969516
no_coup,2030,SH.XPD.CHEX.GD.ZS,p50,4.144061970969516
no_coup,2031,SH.XPD.CHEX.GD.ZS,p50,4.144061970969516
no_coup,2032,SH.XPD.CHEX.GD.ZS,p50,4.144061970969516
no_coup,2033,SH.XPD.CHEX.GD.ZS,p50,4.144061970969516
no_coup,2034,SH.XPD.CHEX.GD.ZS,p50,4.144061970969516
no_coup,2035,SH.XPD.CHEX.GD.ZS,p50,4.144061970969516
no_coup,2011,SH.XPD.CHEX.GD.ZS,p90,4.6553978813254595
no_coup,2012,SH.XPD.CHEX.GD.ZS,p90,4.6553978813254595
no_coup,2013,SH.XPD.CHEX.GD.ZS,p90,4.6553978813254595
no_coup,2014,SH.XPD.CHEX.GD.ZS,p90,4.6553978813254595
no_coup,2015,SH.XPD.CHEX.GD.ZS,p90,4.6553978813254595
no_coup,2016,SH.XPD.CHEX.GD.ZS,p90,4.6553978813254595
no_coup,2017,SH.XPD.CHEX.GD.ZS,p90,4.6553978813254595
no_coup,2018,SH.XPD.CHEX.GD.ZS,p90,4.6553978813254595
no_coup,2019,SH.XPD.CHEX.GD.ZS,p90,4.6553978813254595
no_coup,2020,SH.XPD.CHEX.GD.ZS,p90,4.6553978813254595
no_coup,2021,SH.XPD.CHEX.GD.ZS,p90,4.6553978813254595
no_coup,2022,SH.XPD.CHEX.GD.ZS,p90,4.6553978813254595
no_coup,2023,SH.XPD.CHEX.GD.ZS,p90,4.6553978813254595
no_coup,2024,SH.XPD.CHEX.GD.ZS,p90,4.6553978813254595
no_coup,2025,SH.XPD.CHEX.GD.ZS,p90,4.6553978813254595
no_coup,2026,SH.XPD.CHEX.GD.ZS,p90,4.6553978813254595
no_coup,2027,SH.XPD.CHEX.GD.ZS,p90,4.6553978813254595
no_coup,2028,SH.XPD.CHEX.GD.ZS,p90,4.6553978813254595
no_coup,2029,SH.XPD.CHEX.GD.ZS,p90,4.6553978813254595
no_coup,2030,SH.XPD.CHEX.GD.ZS,p90,4.6553978813254595
no_coup,2031,SH.XPD.CHEX.GD.ZS,p90,4.6553978813254595
no_coup,2032,SH.XPD.CHEX.GD.ZS,p90,4.6553978813254595
no_coup,2033,SH.XPD.CHEX.GD.ZS,p90,4.6553978813254595
no_coup,2034,SH.XPD.CHEX.GD.ZS,p90,4.6553978813254595
no_coup,2035,SH.XPD.CHEX.GD.ZS,p90,4.6553978813254595
no_coup,2011,economy,p10,0.3958326808561073
no_coup,2012,economy,p10,0.3986431656869525
no_coup,2013,economy,p10,0.40665489413755773
no_coup,2014,economy,p10,0.41503800621647974
no_coup,2015,economy,p10,0.42454121546911405
no_coup,2016,economy,p10,0.43644593489298245
no_coup,2017,economy,p10,0.4489724443545115
no_coup,2018,economy,p10,0.46294775925819
no_coup,2019,economy,p10,0.47280784254745
no_coup,2020,economy,p10,0.30079786184596324
no_coup,2021,economy,p10,0.46114665600172605
no_coup,2022,economy,p10,0.46737079319596064
no_coup,2023,economy,p10,0.4720294570404926
no_coup,2024,economy,p10,0.47468026493276255
no_coup,2025,economy,p10,0.4767048562085166
no_coup,2026,economy,p10,0.479892617269118
no_coup,2027,economy,p10,0.48255788677393424
no_coup,2028,economy,p10,0.4855707611405115
no_coup,2029,economy,p10,0.48818585892139466
no_coup,2030,economy,p10,0.48967425888655014
no_coup,2031,economy,p10,0.49179053866749833
no_coup,2032,economy,p10,0.49444915326060357
no_coup,2033,economy,p10,0.49756662426507103
no_coup,2034,economy,p10,0.49955916193503913
no_coup,2035,economy,p10,0.500775328756159
no_coup,2011,economy,p50,0.4051645185103457
no_coup,2012,economy,p50,0.411716263449952
no_coup,2013,economy,p50,0.42060271973524366
no_coup,2014,economy,p50,0.4294121572257499
no_coup,2015,economy,p50,0.4395015541265811
no_coup,2016,economy,p50,0.4497953188134589
no_coup,2017,economy,p50,0.46138596465915943
no_coup,2018,economy,p50,0.4771336173046775
no_coup,2019,economy,p50,0.49544662226293495
no_coup,2020,economy,p50,0.3331787039994254
no_coup,2021,economy,p50,0.48964729689848774
no_coup,2022,economy,p50,0.49367831916578664
no_coup,2023,economy,p50,0.49117326482525037
no_coup,2024,economy,p50,0.49224273946599095
no_coup,2025,economy,p50,0.49421226433103327
no_coup,2026,economy,p50,0.4967699054471827
no_coup,2027,economy,p50,0.5003755257880237
no_coup,2028,economy,p50,0.5048077399574546
no_coup,2029,economy,p50,0.5088226952153199
no_coup,2030,economy,p50,0.5127711710511724
no_coup,2031,economy,p50,0.5162019587331107
no_coup,2032,economy,p50,0.5204153230430086
no_coup,2033,economy,p50,0.5242634065765629
no_coup,2034,economy,p50,0.5282214954874374
no_coup,2035,economy,p50,0.5318892614619259
no_coup,2011,economy,p90,0.414453141095368
no_coup,2012,economy,p90,0.4287929087745484
no_coup,2013,economy,p90,0.4387157754322984
no_coup,2014,economy,p90,0.4471834539427536
no_coup,2015,economy,p90,0.45538652023644094
no_coup,2016,economy,p90,0.4648349239012174
no_coup,2017,economy,p90,0.47653011444711
no_coup,2018,economy,p90,0.4930945510834593
no_coup,2019,economy,p90,0.5200039263819659
no_coup,2020,economy,p90,0.3697462663317778
no_coup,2021,economy,p90,0.5127837930644806
no_coup,2022,economy,p90,0.5158003008609461
no_coup,2023,economy,p90,0.5102134081221913
no_coup,2024,economy,p90,0.5063232008143352
no_coup,2025,economy,p90,0.5076163721171192
no_coup,2026,economy,p90,0.5131941377810582
no_coup,2027,economy,p90,0.5196422981466853
no_coup,2028,economy,p90,0.5249219378421723
no_coup,2029,economy,p90,0.5314056606040323
no_coup,2030,economy,p90,0.5383748518665593
no_coup,2031,economy,p90,0.5452137853516088
no_coup,2032,economy,p90,0.5518711559305332
no_coup,2033,economy,p90,0.5564664370950234
no_coup,2034,economy,p90,0.5620275700653095
no_coup,2035,economy,p90,0.5681639135180585
no_coup,2011,innovation,p10,0.02293988039810109
no_coup,2012,innovation,p10,0.03402333616579577
no_coup,2013,innovation,p10,0.0500199140088081
no_coup,2014,innovation,p10,0.0741478600519427
no_coup,2015,innovation,p10,0.10911086693546113
no_coup,2016,innovation,p10,0.1600154411627375
no_coup,2017,innovation,p10,0.22907166451072522
no_coup,2018,innovation,p10,0.31791229924112885
no_coup,2019,innovation,p10,0.42081171634314
no_coup,2020,innovation,p10,0.5354556357370207
no_coup,2021,innovation,p10,0.6278739030094208
no_coup,2022,innovation,p10,0.7123202280059119
no_coup,2023,innovation,p10,0.770152417190117
no_coup,2024,innovation,p10,0.7909357466850483
no_coup,2025,innovation,p10,0.7950296700225579
no_coup,2026,innovation,p10,0.7983454677129347
no_coup,2027,innovation,p10,0.7986557023838528
no_coup,2028,innovation,p10,0.7989495552341395
no_coup,2029,innovation,p10,0.7992303767826506
no_coup,2030,innovation,p10,0.7994989227212915
no_coup,2031,innovation,p10,0.7998474393680103
no_coup,2032,innovation,p10,0.8001812137281117
no_coup,2033,innovation,p10,0.8004987721771261
no_coup,2034,innovation,p10,0.8007798334192704
no_coup,2035,innovation,p10,0.8009895001757914
no_coup,2011,innovation,p50,0.024882722896935786
no_coup,2012,innovation,p50,0.03686283764769171
no_coup,2013,innovation,p50,0.055992149161567736
no_coup,2014,innovation,p50,0.08475485340334935
no_coup,2015,innovation,p50,0.12803540881286196
no_coup,2016,innovation,p50,0.19186213534127639
no_coup,2017,innovation,p50,0.27715274528334455
no_coup,2018,innovation,p50,0.3839807463683085
no_coup,2019,innovation,p50,0.5017038478734395
no_coup,2020,innovation,p50,0.6248520535200428
no_coup,2021,innovation,p50,0.7157904388181854
no_coup,2022,innovation,p50,0.7844687866129509
no_coup,2023,innovation,p50,0.8217305112790394
no_coup,2024,innovation,p50,0.8346260475660637
no_coup,2025,innovation,p50,0.8412555868617166
no_coup,2026,innovation,p50,0.8426830573786306
no_coup,2027,innovation,p50,0.8430237870378017
no_coup,2028,innovation,p50,0.8432983673003911
no_coup,2029,innovation,p50,0.8435545626716727
no_coup,2030,innovation,p50,0.8437982316733057
no_coup,2031,innovation,p50,0.8441151168983074
no_coup,2032,innovation,p50,0.8444149636158096
no_coup,2033,innovation,p50,0.844706574708729
no_coup,2034,innovation,p50,0.8450329130851191
no_coup,2035,innovation,p50,0.8452543839457687
no_coup,2011,innovation,p90,0.027158879941306856
no_coup,2012,innovation,p90,0.04029825208645451
no_coup,2013,innovation,p90,0.062032379301737536
no_coup,2014,innovation,p90,0.09749084714383441
no_coup,2015,innovation,p90,0.15149131778611744
no_coup,2016,innovation,p90,0.22976835522999003
no_coup,2017,innovation,p90,0.3334383227522195
no_coup,2018,innovation,p90,0.4587151966527546
no_coup,2019,innovation,p90,0.5938129206003829
no_coup,2020,innovation,p90,0.726739117760981
no_coup,2021,innovation,p90,0.8092665117250366
no_coup,2022,innovation,p90,0.8554416641978135
no_coup,2023,innovation,p90,0.8788953079645413
no_coup,2024,innovation,p90,0.8883300166270097
no_coup,2025,innovation,p90,0.8926561561880854
no_coup,2026,innovation,p90,0.896679046627323
no_coup,2027,innovation,p90,0.8973220750652856
no_coup,2028,innovation,p90,0.8977566336663033
no_coup,2029,innovation,p90,0.8981143637705158
no_coup,2030,innovation,p90,0.8984989524590231
no_coup,2031,innovation,p90,0.8988658200720013
no_coup,2032,innovation,p90,0.8992157896936559
no_coup,2033,innovation,p90,0.8995496519811331
no_coup,2034,innovation,p90,0.89986816031189
no_coup,2035,innovation,p90,0.900172033007852
no_coup,2011,human_development,p10,0.4519896249349995
no_coup,2012,human_development,p10,0.474109019947797
no_coup,2013,human_development,p10,0.48586140368317615
no_coup,2014,human_development,p10,0.49547258872162964
no_coup,2015,human_development,p10,0.5051013213105232
no_coup,2016,human_development,p10,0.5123121882121807
no_coup,2017,human_development,p10,0.5184545214356296
no_coup,2018,human_development,p10,0.5242555628425011
no_coup,2019,human_development,p10,0.5298858465386791
no_coup,2020,human_development,p10,0.5352376266513019
no_coup,2021,human_development,p10,0.5406687825464309
no_coup,2022,human_development,p10,0.545967667510826
no_coup,2023,human_development,p10,0.5509230326260738
no_coup,2024,human_development,p10,0.5556384712855708
no_coup,2025,human_development,p10,0.5601315540094997
no_coup,2026,human_development,p10,0.5644180024674377
no_coup,2027,human_development,p10,0.5685119479619751
no_coup,2028,human_development,p10,0.5724261450427728
no_coup,2029,human_development,p10,0.5761721494478245
no_coup,2030,human_development,p10,0.5797604674195583
no_coup,2031,human_development,p10,0.5832006818531397
no_coup,2032,human_development,p10,0.5865015595439791
no_coup,2033,human_development,p10,0.5896711429008773
no_coup,2034,human_development,p10,0.5927168288030796
no_coup,2035,human_development,p10,0.5956454367487946
no_coup,2011,human_development,p50,0.4681846057218212
no_coup,2012,human_development,p50,0.4922976086391589
no_coup,2013,human_development,p50,0.5144799864953327
no_coup,2014,human_development,p50,0.5336774728224147
no_coup,2015,human_development,p50,0.5510053220810982
no_coup,2016,human_development,p50,0.5658620885698173
no_coup,2017,human_development,p50,0.5780598448699066
no_coup,2018,human_development,p50,0.5890939888746163
no_coup,2019,human_development,p50,0.5995733816468938
no_coup,2020,human_development,p50,0.6098658981482712
no_coup,2021,human_development,p50,0.6193157601314663
no_coup,2022,human_development,p50,0.6279950558805613
no_coup,2023,human_development,p50,0.6359473738890841
no_coup,2024,human_development,p50,0.6432083445389432
no_coup,2025,human_development,p50,0.6500146769501798
no_coup,2026,human_development,p50,0.6564165090419507
no_coup,2027,human_development,p50,0.6624472419606815
no_coup,2028,human_development,p50,0.6681025377843504
no_coup,2029,human_development,p50,0.6733980658604615
no_coup,2030,human_development,p50,0.6782951871049483
no_coup,2031,human_development,p50,0.6829001748889632
no_coup,2032,human_development,p50,0.687261016673133
no_coup,2033,human_development,p50,0.6913974564890324
no_coup,2034,human_development,p50,0.6953149025287761
no_coup,2035,human_development,p50,0.6990821462423433
no_coup,2011,human_development,p90,0.4820030570604048
no_coup,2012,human_development,p90,0.5135585129576341
no_coup,2013,human_development,p90,0.5437494770345738
no_coup,2014,human_development,p90,0.5702380376028605
no_coup,2015,human_development,p90,0.5913532659884381
no_coup,2016,human_development,p90,0.609813153589251
no_coup,2017,human_development,p90,0.6265609346966587
no_coup,2018,human_development,p90,0.6416009334222755
no_coup,2019,human_development,p90,0.6548044735173963
no_coup,2020,human_development,p90,0.6667497313591491
no_coup,2021,human_development,p90,0.6775307490677788
no_coup,2022,human_development,p90,0.6873029047911124
no_coup,2023,human_development,p90,0.6962009074015757
no_coup,2024,human_development,p90,0.7043626235224987
no_coup,2025,human_development,p90,0.7119502767970691
no_coup,2026,human_development,p90,0.7189558510061628
no_coup,2027,human_development,p90,0.7254528671186086
no_coup,2028,human_development,p90,0.731493564077221
no_coup,2029,human_development,p90,0.7371232634034283
no_coup,2030,human_development,p90,0.7423800059962079
no_coup,2031,human_development,p90,0.7471546332773675
no_coup,2032,human_development,p90,0.7516303500936421
no_coup,2033,human_development,p90,0.7558343020350479
no_coup,2034,human_development,p90,0.759853047823762
no_coup,2035,human_development,p90,0.7637143329695861
no_coup,2011,combined,p10,0.16250938288065925
no_coup,2012,combined,p10,0.1898135235310847
no_coup,2013,combined,p10,0.22082034377711243
no_coup,2014,combined,p10,0.255588829689826
no_coup,2015,combined,p10,0.2960088328436265
no_coup,2016,combined,p10,0.34099370403539214
no_coup,2017,combined,p10,0.38747499150045694
no_coup,2018,combined,p10,0.43970578285032713
no_coup,2019,combined,p10,0.4900295086628152
no_coup,2020,combined,p10,0.4591396854367829
no_coup,2021,combined,p10,0.5598861351743403
no_coup,2022,combined,p10,0.587738319180427
no_coup,2023,combined,p10,0.5982028747247619
no_coup,2024,combined,p10,0.6084405051524188
no_coup,2025,combined,p10,0.6121673118363538
no_coup,2026,combined,p10,0.6172484784344195
no_coup,2027,combined,p10,0.6212194997120633
no_coup,2028,combined,p10,0.623954064142467
no_coup,2029,combined,p10,0.6266075673858055
no_coup,2030,combined,p10,0.6298730229762463
no_coup,2031,combined,p10,0.6319399100105191
no_coup,2032,combined,p10,0.6349110981896257
no_coup,2033,combined,p10,0.6374065426495856
no_coup,2034,combined,p10,0.6397949791160706
no_coup,2035,combined,p10,0.6418822934300686
no_coup,2011,combined,p50,0.16759027375929691
no_coup,2012,combined,p50,0.19579811418852716
no_coup,2013,combined,p50,0.22974308323529813
no_coup,2014,combined,p50,0.26855707960456676
no_coup,2015,combined,p50,0.3143139708012611
no_coup,2016,combined,p50,0.3653922029213479
no_coup,2017,combined,p50,0.41834858238232453
no_coup,2018,combined,p50,0.47435835698155043
no_coup,2019,combined,p50,0.5268644957315168
no_coup,2020,combined,p50,0.50113458463347
no_coup,2021,combined,p50,0.5972794043054811
no_coup,2022,combined,p50,0.6194414272050703
no_coup,2023,combined,p50,0.6359727561734131
no_coup,2024,combined,p50,0.6426646576755184
no_coup,2025,combined,p50,0.6472777787219315
no_coup,2026,combined,p50,0.6506055607192037
no_coup,2027,combined,p50,0.6540621874873669
no_coup,2028,combined,p50,0.6575746857483478
no_coup,2029,combined,p50,0.6608280528928081
no_coup,2030,combined,p50,0.6643195361345577
no_coup,2031,combined,p50,0.666890785002476
no_coup,2032,combined,p50,0.6698473138454746
no_coup,2033,combined,p50,0.672843100623694
no_coup,2034,combined,p50,0.6758258998177981
no_coup,2035,combined,p50,0.6783363562192765
no_coup,2011,combined,p90,0.17325026861208262
no_coup,2012,combined,p90,0.20240328411783343
no_coup,2013,combined,p90,0.23950620517010396
no_coup,2014,combined,p90,0.2833222389333567
no_coup,2015,combined,p90,0.334152170294047
no_coup,2016,combined,p90,0.3903021570069399
no_coup,2017,combined,p90,0.4513117422497405
no_coup,2018,combined,p90,0.5126396337843765
no_coup,2019,combined,p90,0.5697858255652536
no_coup,2020,combined,p90,0.5457227357223196
no_coup,2021,combined,p90,0.6385359058428797
no_coup,2022,combined,p90,0.6534719250160226
no_coup,2023,combined,p90,0.6612678846615861
no_coup,2024,combined,p90,0.665755093859016
no_coup,2025,combined,p90,0.66951685454982
no_coup,2026,combined,p90,0.6734416789777564
no_coup,2027,combined,p90,0.6779726727147602
no_coup,2028,combined,p90,0.6825891656641505
no_coup,2029,combined,p90,0.6868179790587418
no_coup,2030,combined,p90,0.6903004524461371
no_coup,2031,combined,p90,0.6941879689659329
no_coup,2032,combined,p90,0.6972716311172492
no_coup,2033,combined,p90,0.700474464504949
no_coup,2034,combined,p90,0.7033049764656363
no_coup,2035,combined,p90,0.7053243467523123
partial_recovery,2011,K,p10,2238.7813468759027
partial_recovery,2012,K,p10,2305.9447872821797
partial_recovery,2013,K,p10,2376.010276826187
partial_recovery,2014,K,p10,2449.3649389828515
partial_recovery,2015,K,p10,2526.621462304795
partial_recovery,2016,K,p10,2608.837316591745
partial_recovery,2017,K,p10,2697.7695372952944
partial_recovery,2018,K,p10,2795.064822470252
partial_recovery,2019,K,p10,2903.9508677257186
partial_recovery,2020,K,p10,3032.709000054358
partial_recovery,2021,K,p10,3122.481553309674
partial_recovery,2022,K,p10,3175.1647693995255
partial_recovery,2023,K,p10,3236.8519013997366
partial_recovery,2024,K,p10,3308.5614983758337
partial_recovery,2025,K,p10,3386.460745314544
partial_recovery,2026,K,p10,3471.37532547779
partial_recovery,2027,K,p10,3554.8528834432577
partial_recovery,2028,K,p10,3656.9566391729895
partial_recovery,2029,K,p10,3758.5217941478345
partial_recovery,2030,K,p10,3875.269950252449
partial_recovery,2031,K,p10,4001.913927527372
partial_recovery,2032,K,p10,4139.330765988446
partial_recovery,2033,K,p10,4286.957404335625
partial_recovery,2034,K,p10,4440.392841971264
partial_recovery,2035,K,p10,4614.140934745559
partial_recovery,2011,K,p50,2238.7813468759027
partial_recovery,2012,K,p50,2395.496041157216
partial_recovery,2013,K,p50,2556.9888835004795
partial_recovery,2014,K,p50,2723.566303582281
partial_recovery,2015,K,p50,2895.7705377102325
partial_recovery,2016,K,p50,3074.513876526408
partial_recovery,2017,K,p50,3261.6993014815107
partial_recovery,2018,K,p50,3459.181840111396
partial_recovery,2019,K,p50,3667.2848858183597
partial_recovery,2020,K,p50,3899.2496932132626
partial_recovery,2021,K,p50,4081.2903321994672
partial_recovery,2022,K,p50,4210.349454167443
partial_recovery,2023,K,p50,4343.442320260791
partial_recovery,2024,K,p50,4488.221318417651
partial_recovery,2025,K,p50,4642.020960871127
partial_recovery,2026,K,p50,4802.510667697748
partial_recovery,2027,K,p50,4967.545919655584
partial_recovery,2028,K,p50,5146.150565239599
partial_recovery,2029,K,p50,5328.164415395359
partial_recovery,2030,K,p50,5522.645494454389
partial_recovery,2031,K,p50,5726.001557046357
partial_recovery,2032,K,p50,5944.592730948542
partial_recovery,2033,K,p50,6179.177849338237
partial_recovery,2034,K,p50,6427.982763387691
partial_recovery,2035,K,p50,6676.092368119016
partial_recovery,2011,K,p90,2238.7813468759027
partial_recovery,2012,K,p90,2574.598548907288
partial_recovery,2013,K,p90,2923.172995086493
partial_recovery,2014,K,p90,3283.6407489216385
partial_recovery,2015,K,p90,3655.282698958877
partial_recovery,2016,K,p90,4037.500683758488
partial_recovery,2017,K,p90,4429.798894049198
partial_recovery,2018,K,p90,4831.769121689981
partial_recovery,2019,K,p90,5243.078877467301
partial_recovery,2020,K,p90,5674.797503221935
partial_recovery,2021,K,p90,6033.807185082128
partial_recovery,2022,K,p90,6300.119479745162
partial_recovery,2023,K,p90,6576.174938243785
partial_recovery,2024,K,p90,6870.762749025168
partial_recovery,2025,K,p90,7157.829010690238
partial_recovery,2026,K,p90,7466.935274819501
partial_recovery,2027,K,p90,7778.752863913928
partial_recovery,2028,K,p90,8097.554092908885
partial_recovery,2029,K,p90,8422.246461058488
partial_recovery,2030,K,p90,8752.402510105292
partial_recovery,2031,K,p90,9095.030283769956
partial_recovery,2032,K,p90,9448.609945306098
partial_recovery,2033,K,p90,9799.038006253488
partial_recovery,2034,K,p90,10163.42018780636
partial_recovery,2035,K,p90,10540.217409683431
partial_recovery,2011,H,p10,1.0
partial_recovery,2012,H,p10,1.0017109925859786
partial_recovery,2013,H,p10,1.0033877653202374
partial_recovery,2014,H,p10,1.0050310025998113
partial_recovery,2015,H,p10,1.0066413751337935
partial_recovery,2016,H,p10,1.0082195402170961
partial_recovery,2017,H,p10,1.009766141998733
partial_recovery,2018,H,p10,1.0112818117447369
partial_recovery,2019,H,p10,1.0127671680958208
partial_recovery,2020,H,p10,1.0142228173198828
partial_recovery,2021,H,p10,1.0156493535594637
partial_recovery,2022,H,p10,1.017047359074253
partial_recovery,2023,H,p10,1.0184174044787466
partial_recovery,2024,H,p10,1.0197600489751502
partial_recovery,2025,H,p10,1.0210758405816256
partial_recovery,2026,H,p10,1.0223653163559716
partial_recovery,2027,H,p10,1.0236290026148307
partial_recovery,2028,H,p10,1.0248674151485127
partial_recovery,2029,H,p10,1.026081059431521
partial_recovery,2030,H,p10,1.0272704308288692
partial_recovery,2031,H,p10,1.0284360147982703
partial_recovery,2032,H,p10,1.0295782870882837
partial_recovery,2033,H,p10,1.0306977139324964
partial_recovery,2034,H,p10,1.0317947522398252
partial_recovery,2035,H,p10,1.0328698497810072
partial_recovery,2011,H,p50,1.0
partial_recovery,2012,H,p50,1.0049236581497991
partial_recovery,2013,H,p50,1.0097488431366022
partial_recovery,2014,H,p50,1.0144775244236692
partial_recovery,2015,H,p50,1.0191116320849951
partial_recovery,2016,H,p50,1.0236530575930944
partial_recovery,2017,H,p50,1.0281036545910316
partial_recovery,2018,H,p50,1.0324652396490102
partial_recovery,2019,H,p50,1.036739593005829
partial_recovery,2020,H,p50,1.0409284592955115
partial_recovery,2021,H,p50,1.0450335482594004
partial_recovery,2022,H,p50,1.0490565354440116
partial_recovery,2023,H,p50,1.0529990628849304
partial_recovery,2024,H,p50,1.056862739777031
partial_recovery,2025,H,p50,1.0606491431312894
partial_recovery,2026,H,p50,1.0643598184184628
partial_recovery,2027,H,p50,1.0679962801998926
partial_recovery,2028,H,p50,1.071560012745694
partial_recovery,2029,H,p50,1.0750524706405793
partial_recovery,2030,H,p50,1.0784750793775668
partial_recovery,2031,H,p50,1.0818292359398145
partial_recovery,2032,H,p50,1.0851163093708174
partial_recovery,2033,H,p50,1.0883376413332002
partial_recovery,2034,H,p50,1.0914945466563353
partial_recovery,2035,H,p50,1.0945883138730077
partial_recovery,2011,H,p90,1.0
partial_recovery,2012,H,p90,1.0076902240913344
partial_recovery,2013,H,p90,1.0152266437008421
partial_recovery,2014,H,p90,1.0226123349181597
partial_recovery,2015,H,p90,1.0298503123111309
partial_recovery,2016,H,p90,1.0369435301562426
partial_recovery,2017,H,p90,1.0438948836444524
partial_recovery,2018,H,p90,1.0507072100628978
partial_recovery,2019,H,p90,1.0573832899529743
partial_recovery,2020,H,p90,1.0639258482452492
partial_recovery,2021,H,p90,1.0703375553716785
partial_recovery,2022,H,p90,1.0766210283555793
partial_recovery,2023,H,p90,1.0827788318798022
partial_recovery,2024,H,p90,1.0888134793335407
partial_recovery,2025,H,p90,1.0947274338382043
partial_recovery,2026,H,p90,1.1005231092527745
partial_recovery,2027,H,p90,1.1062028711590535
partial_recovery,2028,H,p90,1.111769037827207
partial_recovery,2029,H,p90,1.1172238811619972
partial_recovery,2030,H,p90,1.1225696276300916
partial_recovery,2031,H,p90,1.1278084591688242
partial_recovery,2032,H,p90,1.1329425140767821
partial_recovery,2033,H,p90,1.137973887886581
partial_recovery,2034,H,p90,1.1429046342201838
partial_recovery,2035,H,p90,1.1477367656271145
partial_recovery,2011,I,p10,0.98
partial_recovery,2012,I,p10,1.4231383975464003
partial_recovery,2013,I,p10,2.0984272359031406
partial_recovery,2014,I,p10,3.1350454003080883
partial_recovery,2015,I,p10,4.743051535239091
partial_recovery,2016,I,p10,7.253784040672879
partial_recovery,2017,I,p10,11.21328536587798
partial_recovery,2018,I,p10,17.319173656695035
partial_recovery,2019,I,p10,26.628310836090012
partial_recovery,2020,I,p10,40.17428744169152
partial_recovery,2021,I,p10,54.68154956501295
partial_recovery,2022,I,p10,67.24391962142161
partial_recovery,2023,I,p10,78.26975121767246
partial_recovery,2024,I,p10,86.92371968001099
partial_recovery,2025,I,p10,92.3191199262123
partial_recovery,2026,I,p10,95.18462563605779
partial_recovery,2027,I,p10,96.44475906760701
partial_recovery,2028,I,p10,96.9991537985901
partial_recovery,2029,I,p10,97.21192565581084
partial_recovery,2030,I,p10,97.3662565889682
partial_recovery,2031,I,p10,97.48674035796893
partial_recovery,2032,I,p10,97.58854130458519
partial_recovery,2033,I,p10,97.68809559222595
partial_recovery,2034,I,p10,97.79673574808076
partial_recovery,2035,I,p10,97.87462482313465
partial_recovery,2011,I,p50,0.98
partial_recovery,2012,I,p50,1.4850689008060465
partial_recovery,2013,I,p50,2.2964870813197145
partial_recovery,2014,I,p50,3.5803090865873477
partial_recovery,2015,I,p50,5.629059641501058
partial_recovery,2016,I,p50,8.973354948133341
partial_recovery,2017,I,p50,14.388778776315768
partial_recovery,2018,I,p50,22.985782215135927
partial_recovery,2019,I,p50,36.152146622035005
partial_recovery,2020,I,p50,54.476707265110065
partial_recovery,2021,I,p50,72.15737765247553
partial_recovery,2022,I,p50,84.02325286503915
partial_recovery,2023,I,p50,91.61162091438877
partial_recovery,2024,I,p50,95.1668282939813
partial_recovery,2025,I,p50,96.65904625185944
partial_recovery,2026,I,p50,97.24883978618098
partial_recovery,2027,I,p50,97.45594188153152
partial_recovery,2028,I,p50,97.59617790071513
partial_recovery,2029,I,p50,97.71659188935001
partial_recovery,2030,I,p50,97.83214345450256
partial_recovery,2031,I,p50,97.91548694447411
partial_recovery,2032,I,p50,97.99353430807332
partial_recovery,2033,I,p50,98.06918762628656
partial_recovery,2034,I,p50,98.16386273758377
partial_recovery,2035,I,p50,98.24080950642389
partial_recovery,2011,I,p90,0.98
partial_recovery,2012,I,p90,1.551115210051683
partial_recovery,2013,I,p90,2.4940354645678555
partial_recovery,2014,I,p90,4.075741400298968
partial_recovery,2015,I,p90,6.711329773113122
partial_recovery,2016,I,p90,11.143003018504693
partial_recovery,2017,I,p90,18.642109408812285
partial_recovery,2018,I,p90,30.752865166138154
partial_recovery,2019,I,p90,48.94585596369471
partial_recovery,2020,I,p90,71.87169948734667
partial_recovery,2021,I,p90,88.541767504598
partial_recovery,2022,I,p90,94.62739830747019
partial_recovery,2023,I,p90,96.82608572141335
partial_recovery,2024,I,p90,97.52510131026274
partial_recovery,2025,I,p90,97.74675193069865
partial_recovery,2026,I,p90,97.84482332906629
partial_recovery,2027,I,p90,97.92915983206206
partial_recovery,2028,I,p90,98.01308592296978
partial_recovery,2029,I,p90,98.10981070863939
partial_recovery,2030,I,p90,98.19540226682984
partial_recovery,2031,I,p90,98.2795648432231
partial_recovery,2032,I,p90,98.36693895976454
partial_recovery,2033,I,p90,98.43881757767147
partial_recovery,2034,I,p90,98.52617582455424
partial_recovery,2035,I,p90,98.60517828190265
partial_recovery,2011,S,p10,1.0
partial_recovery,2012,S,p10,1.0
partial_recovery,2013,S,p10,1.0
partial_recovery,2014,S,p10,1.0
partial_recovery,2015,S,p10,1.0
partial_recovery,2016,S,p10,1.0
partial_recovery,2017,S,p10,1.0
partial_recovery,2018,S,p10,1.0
partial_recovery,2019,S,p10,1.0
partial_recovery,2020,S,p10,1.0
partial_recovery,2021,S,p10,0.6687283620577288
partial_recovery,2022,S,p10,0.6687283620577288
partial_recovery,2023,S,p10,0.6687283620577288
partial_recovery,2024,S,p10,0.6687283620577288
partial_recovery,2025,S,p10,0.6837861637823774
partial_recovery,2026,S,p10,0.6988439655070261
partial_recovery,2027,S,p10,0.7139017672316749
partial_recovery,2028,S,p10,0.7289595689563235
partial_recovery,2029,S,p10,0.7440173706809723
partial_recovery,2030,S,p10,0.759075172405621
partial_recovery,2031,S,p10,0.7741329741302696
partial_recovery,2032,S,p10,0.7891907758549183
partial_recovery,2033,S,p10,0.804248577579567
partial_recovery,2034,S,p10,0.8193063793042157
partial_recovery,2035,S,p10,0.8343641810288644
partial_recovery,2011,S,p50,1.0
partial_recovery,2012,S,p50,1.0
partial_recovery,2013,S,p50,1.0
partial_recovery,2014,S,p50,1.0
partial_recovery,2015,S,p50,1.0
partial_recovery,2016,S,p50,1.0
partial_recovery,2017,S,p50,1.0
partial_recovery,2018,S,p50,1.0
partial_recovery,2019,S,p50,1.0
partial_recovery,2020,S,p50,1.0
partial_recovery,2021,S,p50,0.7600940090439678
partial_recovery,2022,S,p50,0.7600940090439678
partial_recovery,2023,S,p50,0.7600940090439678
partial_recovery,2024,S,p50,0.7600940090439678
partial_recovery,2025,S,p50,0.7709988268146966
partial_recovery,2026,S,p50,0.7819036445854254
partial_recovery,2027,S,p50,0.7928084623561541
partial_recovery,2028,S,p50,0.8037132801268828
partial_recovery,2029,S,p50,0.8146180978976116
partial_recovery,2030,S,p50,0.8255229156683404
partial_recovery,2031,S,p50,0.8364277334390691
partial_recovery,2032,S,p50,0.8473325512097978
partial_recovery,2033,S,p50,0.8582373689805265
partial_recovery,2034,S,p50,0.8691421867512552
partial_recovery,2035,S,p50,0.8800470045219839
partial_recovery,2011,S,p90,1.0
partial_recovery,2012,S,p90,1.0
partial_recovery,2013,S,p90,1.0
partial_recovery,2014,S,p90,1.0
partial_recovery,2015,S,p90,1.0
partial_recovery,2016,S,p90,1.0
partial_recovery,2017,S,p90,1.0
partial_recovery,2018,S,p90,1.0
partial_recovery,2019,S,p90,1.0
partial_recovery,2020,S,p90,1.0
partial_recovery,2021,S,p90,0.8480943509862068
partial_recovery,2022,S,p90,0.8480943509862068
partial_recovery,2023,S,p90,0.8480943509862068
partial_recovery,2024,S,p90,0.8480943509862068
partial_recovery,2025,S,p90,0.8549991532141065
partial_recovery,2026,S,p90,0.8619039554420062
partial_recovery,2027,S,p90,0.8688087576699058
partial_recovery,2028,S,p90,0.8757135598978056
partial_recovery,2029,S,p90,0.8826183621257052
partial_recovery,2030,S,p90,0.8895231643536049
partial_recovery,2031,S,p90,0.8964279665815047
partial_recovery,2032,S,p90,0.9033327688094043
partial_recovery,2033,S,p90,0.910237571037304
partial_recovery,2034,S,p90,0.9171423732652038
partial_recovery,2035,S,p90,0.9240471754931033
partial_recovery,2011,Y,p10,895.512538750361
partial_recovery,2012,Y,p10,926.81364454058
partial_recovery,2013,Y,p10,960.7758799898693
partial_recovery,2014,Y,p10,997.4251255983393
partial_recovery,2015,Y,p10,1039.803405246835
partial_recovery,2016,Y,p10,1090.3611549832635
partial_recovery,2017,Y,p10,1153.2453241444703
partial_recovery,2018,Y,p10,1235.6696057582535
partial_recovery,2019,Y,p10,1319.662790806932
partial_recovery,2020,Y,p10,1180.3459472253476
partial_recovery,2021,Y,p10,968.0251371245846
partial_recovery,2022,Y,p10,1012.4704444205471
partial_recovery,2023,Y,p10,1062.974757609924
partial_recovery,2024,Y,p10,1096.267378672165
partial_recovery,2025,Y,p10,1148.2703974203232
partial_recovery,2026,Y,p10,1200.85453324956
partial_recovery,2027,Y,p10,1256.8786068010188
partial_recovery,2028,Y,p10,1310.6889855323438
partial_recovery,2029,Y,p10,1363.329272342599
partial_recovery,2030,Y,p10,1415.0898688563016
partial_recovery,2031,Y,p10,1461.9690412818413
partial_recovery,2032,Y,p10,1509.7092936962654
partial_recovery,2033,Y,p10,1558.6969308771338
partial_recovery,2034,Y,p10,1610.9235785968071
partial_recovery,2035,Y,p10,1658.6672071791295
partial_recovery,2011,Y,p50,895.512538750361
partial_recovery,2012,Y,p50,940.9894076258486
partial_recovery,2013,Y,p50,985.9799687805336
partial_recovery,2014,Y,p50,1032.694676998416
partial_recovery,2015,Y,p50,1083.462073092795
partial_recovery,2016,Y,p50,1139.6423756203892
partial_recovery,2017,Y,p50,1207.0177839969124
partial_recovery,2018,Y,p50,1286.1526868154033
partial_recovery,2019,Y,p50,1378.279523407361
partial_recovery,2020,Y,p50,1249.8552306008655
partial_recovery,2021,Y,p50,1093.017090873862
partial_recovery,2022,Y,p50,1142.1977133851146
partial_recovery,2023,Y,p50,1193.34680818067
partial_recovery,2024,Y,p50,1241.2870750636657
partial_recovery,2025,Y,p50,1297.8108411582477
partial_recovery,2026,Y,p50,1359.2601387778268
partial_recovery,2027,Y,p50,1414.4096368538446
partial_recovery,2028,Y,p50,1470.6217902131714
partial_recovery,2029,Y,p50,1531.8037448469502
partial_recovery,2030,Y,p50,1597.791025764101
partial_recovery,2031,Y,p50,1654.2178426109913
partial_recovery,2032,Y,p50,1730.9587937628803
partial_recovery,2033,Y,p50,1802.4059830984595
partial_recovery,2034,Y,p50,1883.801297063184
partial_recovery,2035,Y,p50,1960.0012204714185
partial_recovery,2011,Y,p90,895.5125387503613
partial_recovery,2012,Y,p90,954.6087472491387
partial_recovery,2013,Y,p90,1013.2528071789402
partial_recovery,2014,Y,p90,1071.6479749666403
partial_recovery,2015,Y,p90,1130.7286638221697
partial_recovery,2016,Y,p90,1195.0837140620592
partial_recovery,2017,Y,p90,1257.218625353594
partial_recovery,2018,Y,p90,1329.9433081669638
partial_recovery,2019,Y,p90,1429.620329470493
partial_recovery,2020,Y,p90,1315.0717790164233
partial_recovery,2021,Y,p90,1211.2290645921119
partial_recovery,2022,Y,p90,1273.9911605483221
partial_recovery,2023,Y,p90,1334.5409550151887
partial_recovery,2024,Y,p90,1387.4295719125423
partial_recovery,2025,Y,p90,1446.468143186692
partial_recovery,2026,Y,p90,1514.1531012162893
partial_recovery,2027,Y,p90,1591.7784144490695
partial_recovery,2028,Y,p90,1659.5996798575943
partial_recovery,2029,Y,p90,1739.3884185390316
partial_recovery,2030,Y,p90,1828.331697305014
partial_recovery,2031,Y,p90,1924.1819071936986
partial_recovery,2032,Y,p90,2016.4986905936398
partial_recovery,2033,Y,p90,2150.498815312858
partial_recovery,2034,Y,p90,2266.179372825562
partial_recovery,2035,Y,p90,2389.9014816389667
partial_recovery,2011,NY.GDP.PCAP.KD,p10,895.512538750361
partial_recovery,2012,NY.GDP.PCAP.KD,p10,926.81364454058
partial_recovery,2013,NY.GDP.PCAP.KD,p10,960.7758799898693
partial_recovery,2014,NY.GDP.PCAP.KD,p10,997.4251255983393
partial_recovery,2015,NY.GDP.PCAP.KD,p10,1039.803405246835
partial_recovery,2016,NY.GDP.PCAP.KD,p10,1090.3611549832635
partial_recovery,2017,NY.GDP.PCAP.KD,p10,1153.2453241444703
partial_recovery,2018,NY.GDP.PCAP.KD,p10,1235.6696057582535
partial_recovery,2019,NY.GDP.PCAP.KD,p10,1319.662790806932
partial_recovery,2020,NY.GDP.PCAP.KD,p10,1180.3459472253476
partial_recovery,2021,NY.GDP.PCAP.KD,p10,968.0251371245846
partial_recovery,2022,NY.GDP.PCAP.KD,p10,1012.4704444205471
partial_recovery,2023,NY.GDP.PCAP.KD,p10,1062.974757609924
partial_recovery,2024,NY.GDP.PCAP.KD,p10,1096.267378672165
partial_recovery,2025,NY.GDP.PCAP.KD,p10,1148.2703974203232
partial_recovery,2026,NY.GDP.PCAP.KD,p10,1200.85453324956
partial_recovery,2027,NY.GDP.PCAP.KD,p10,1256.8786068010188
partial_recovery,2028,NY.GDP.PCAP.KD,p10,1310.6889855323438
partial_recovery,2029,NY.GDP.PCAP.KD,p10,1363.329272342599
partial_recovery,2030,NY.GDP.PCAP.KD,p10,1415.0898688563016
partial_recovery,2031,NY.GDP.PCAP.KD,p10,1461.9690412818413
partial_recovery,2032,NY.GDP.PCAP.KD,p10,1509.7092936962654
partial_recovery,2033,NY.GDP.PCAP.KD,p10,1558.6969308771338
partial_recovery,2034,NY.GDP.PCAP.KD,p10,1610.9235785968071
partial_recovery,2035,NY.GDP.PCAP.KD,p10,1658.6672071791295
partial_recovery,2011,NY.GDP.PCAP.KD,p50,895.512538750361
partial_recovery,2012,NY.GDP.PCAP.KD,p50,940.9894076258486
partial_recovery,2013,NY.GDP.PCAP.KD,p50,985.9799687805336
partial_recovery,2014,NY.GDP.PCAP.KD,p50,1032.694676998416
partial_recovery,2015,NY.GDP.PCAP.KD,p50,1083.462073092795
partial_recovery,2016,NY.GDP.PCAP.KD,p50,1139.6423756203892
partial_recovery,2017,NY.GDP.PCAP.KD,p50,1207.0177839969124
partial_recovery,2018,NY.GDP.PCAP.KD,p50,1286.1526868154033
partial_recovery,2019,NY.GDP.PCAP.KD,p50,1378.279523407361
partial_recovery,2020,NY.GDP.PCAP.KD,p50,1249.8552306008655
partial_recovery,2021,NY.GDP.PCAP.KD,p50,1093.017090873862
partial_recovery,2022,NY.GDP.PCAP.KD,p50,1142.1977133851146
partial_recovery,2023,NY.GDP.PCAP.KD,p50,1193.34680818067
partial_recovery,2024,NY.GDP.PCAP.KD,p50,1241.2870750636657
partial_recovery,2025,NY.GDP.PCAP.KD,p50,1297.8108411582477
partial_recovery,2026,NY.GDP.PCAP.KD,p50,1359.2601387778268
partial_recovery,2027,NY.GDP.PCAP.KD,p50,1414.4096368538446
partial_recovery,2028,NY.GDP.PCAP.KD,p50,1470.6217902131714
partial_recovery,2029,NY.GDP.PCAP.KD,p50,1531.8037448469502
partial_recovery,2030,NY.GDP.PCAP.KD,p50,1597.791025764101
partial_recovery,2031,NY.GDP.PCAP.KD,p50,1654.2178426109913
partial_recovery,2032,NY.GDP.PCAP.KD,p50,1730.9587937628803
partial_recovery,2033,NY.GDP.PCAP.KD,p50,1802.4059830984595
partial_recovery,2034,NY.GDP.PCAP.KD,p50,1883.801297063184
partial_recovery,2035,NY.GDP.PCAP.KD,p50,1960.0012204714185
partial_recovery,2011,NY.GDP.PCAP.KD,p90,895.5125387503613
partial_recovery,2012,NY.GDP.PCAP.KD,p90,954.6087472491387
partial_recovery,2013,NY.GDP.PCAP.KD,p90,1013.2528071789402
partial_recovery,2014,NY.GDP.PCAP.KD,p90,1071.6479749666403
partial_recovery,2015,NY.GDP.PCAP.KD,p90,1130.7286638221697
partial_recovery,2016,NY.GDP.PCAP.KD,p90,1195.0837140620592
partial_recovery,2017,NY.GDP.PCAP.KD,p90,1257.218625353594
partial_recovery,2018,NY.GDP.PCAP.KD,p90,1329.9433081669638
partial_recovery,2019,NY.GDP.PCAP.KD,p90,1429.620329470493
partial_recovery,2020,NY.GDP.PCAP.KD,p90,1315.0717790164233
partial_recovery,2021,NY.GDP.PCAP.KD,p90,1211.2290645921119
partial_recovery,2022,NY.GDP.PCAP.KD,p90,1273.9911605483221
partial_recovery,2023,NY.GDP.PCAP.KD,p90,1334.5409550151887
partial_recovery,2024,NY.GDP.PCAP.KD,p90,1387.4295719125423
partial_recovery,2025,NY.GDP.PCAP.KD,p90,1446.468143186692
partial_recovery,2026,NY.GDP.PCAP.KD,p90,1514.1531012162893
partial_recovery,2027,NY.GDP.PCAP.KD,p90,1591.7784144490695
partial_recovery,2028,NY.GDP.PCAP.KD,p90,1659.5996798575943
partial_recovery,2029,NY.GDP.PCAP.KD,p90,1739.3884185390316
partial_recovery,2030,NY.GDP.PCAP.KD,p90,1828.331697305014
partial_recovery,2031,NY.GDP.PCAP.KD,p90,1924.1819071936986
partial_recovery,2032,NY.GDP.PCAP.KD,p90,2016.4986905936398
partial_recovery,2033,NY.GDP.PCAP.KD,p90,2150.498815312858
partial_recovery,2034,NY.GDP.PCAP.KD,p90,2266.179372825562
partial_recovery,2035,NY.GDP.PCAP.KD,p90,2389.9014816389667
partial_recovery,2011,NY.GDP.MKTP.KD.ZG,p10,5.59148237823661
partial_recovery,2012,NY.GDP.MKTP.KD.ZG,p10,3.6730231829731945
partial_recovery,2013,NY.GDP.MKTP.KD.ZG,p10,3.844786510872214
partial_recovery,2014,NY.GDP.MKTP.KD.ZG,p10,4.041830439863234
partial_recovery,2015,NY.GDP.MKTP.KD.ZG,p10,4.4142067418394575
partial_recovery,2016,NY.GDP.MKTP.KD.ZG,p10,4.8788233528121845
partial_recovery,2017,NY.GDP.MKTP.KD.ZG,p10,5.333851919734867
partial_recovery,2018,NY.GDP.MKTP.KD.ZG,p10,5.417135040736397
partial_recovery,2019,NY.GDP.MKTP.KD.ZG,p10,5.3312619805607415
partial_recovery,2020,NY.GDP.MKTP.KD.ZG,p10,-11.279089285966046
partial_recovery,2021,NY.GDP.MKTP.KD.ZG,p10,-20.62965633776479
partial_recovery,2022,NY.GDP.MKTP.KD.ZG,p10,3.8117645019413127
partial_recovery,2023,NY.GDP.MKTP.KD.ZG,p10,3.375839441775019
partial_recovery,2024,NY.GDP.MKTP.KD.ZG,p10,2.8203586746362275
partial_recovery,2025,NY.GDP.MKTP.KD.ZG,p10,3.5936520944360995
partial_recovery,2026,NY.GDP.MKTP.KD.ZG,p10,3.412988517619311
partial_recovery,2027,NY.GDP.MKTP.KD.ZG,p10,3.311648818594416
partial_recovery,2028,NY.GDP.MKTP.KD.ZG,p10,3.241410252586602
partial_recovery,2029,NY.GDP.MKTP.KD.ZG,p10,3.1729926241352127
partial_recovery,2030,NY.GDP.MKTP.KD.ZG,p10,3.115771615227994
partial_recovery,2031,NY.GDP.MKTP.KD.ZG,p10,3.0670455021974936
partial_recovery,2032,NY.GDP.MKTP.KD.ZG,p10,3.0231604633026627
partial_recovery,2033,NY.GDP.MKTP.KD.ZG,p10,2.9817924845735484
partial_recovery,2034,NY.GDP.MKTP.KD.ZG,p10,2.942578215968909
partial_recovery,2035,NY.GDP.MKTP.KD.ZG,p10,2.9053210924719237
partial_recovery,2011,NY.GDP.MKTP.KD.ZG,p50,5.59148237823661
partial_recovery,2012,NY.GDP.MKTP.KD.ZG,p50,5.21099091123431
partial_recovery,2013,NY.GDP.MKTP.KD.ZG,p50,4.992808098912954
partial_recovery,2014,NY.GDP.MKTP.KD.ZG,p50,5.010865040014583
partial_recovery,2015,NY.GDP.MKTP.KD.ZG,p50,5.170135650455533
partial_recovery,2016,NY.GDP.MKTP.KD.ZG,p50,5.469663204726645
partial_recovery,2017,NY.GDP.MKTP.KD.ZG,p50,5.857975962456106
partial_recovery,2018,NY.GDP.MKTP.KD.ZG,p50,6.487558414388419
partial_recovery,2019,NY.GDP.MKTP.KD.ZG,p50,7.589754766173982
partial_recovery,2020,NY.GDP.MKTP.KD.ZG,p50,-9.0269213030003
partial_recovery,2021,NY.GDP.MKTP.KD.ZG,p50,-12.408179192151737
partial_recovery,2022,NY.GDP.MKTP.KD.ZG,p50,5.139407160092208
partial_recovery,2023,NY.GDP.MKTP.KD.ZG,p50,4.620778236670637
partial_recovery,2024,NY.GDP.MKTP.KD.ZG,p50,4.07657133949737
partial_recovery,2025,NY.GDP.MKTP.KD.ZG,p50,4.898721132362306
partial_recovery,2026,NY.GDP.MKTP.KD.ZG,p50,4.7352642772660865
partial_recovery,2027,NY.GDP.MKTP.KD.ZG,p50,4.647603208276077
partial_recovery,2028,NY.GDP.MKTP.KD.ZG,p50,4.625350402376295
partial_recovery,2029,NY.GDP.MKTP.KD.ZG,p50,4.627849924402873
partial_recovery,2030,NY.GDP.MKTP.KD.ZG,p50,4.622607109670996
partial_recovery,2031,NY.GDP.MKTP.KD.ZG,p50,4.614543419674423
partial_recovery,2032,NY.GDP.MKTP.KD.ZG,p50,4.618985615971592
partial_recovery,2033,NY.GDP.MKTP.KD.ZG,p50,4.625596625730316
partial_recovery,2034,NY.GDP.MKTP.KD.ZG,p50,4.627057533948207
partial_recovery,2035,NY.GDP.MKTP.KD.ZG,p50,4.629505777143537
partial_recovery,2011,NY.GDP.MKTP.KD.ZG,p90,5.59148237823661
partial_recovery,2012,NY.GDP.MKTP.KD.ZG,p90,7.083401894062369
partial_recovery,2013,NY.GDP.MKTP.KD.ZG,p90,6.628089350926328
partial_recovery,2014,NY.GDP.MKTP.KD.ZG,p90,6.305375358899344
partial_recovery,2015,NY.GDP.MKTP.KD.ZG,p90,6.1495512780076504
partial_recovery,2016,NY.GDP.MKTP.KD.ZG,p90,5.969851457675694
partial_recovery,2017,NY.GDP.MKTP.KD.ZG,p90,6.594772699505145
partial_recovery,2018,NY.GDP.MKTP.KD.ZG,p90,8.257357686437013
partial_recovery,2019,NY.GDP.MKTP.KD.ZG,p90,10.622311777639252
partial_recovery,2020,NY.GDP.MKTP.KD.ZG,p90,-6.8181883345921
partial_recovery,2021,NY.GDP.MKTP.KD.ZG,p90,-4.695586988488631
partial_recovery,2022,NY.GDP.MKTP.KD.ZG,p90,6.9988903552442565
partial_recovery,2023,NY.GDP.MKTP.KD.ZG,p90,5.893488309176667
partial_recovery,2024,NY.GDP.MKTP.KD.ZG,p90,5.267990161250147
partial_recovery,2025,NY.GDP.MKTP.KD.ZG,p90,6.182873522354003
partial_recovery,2026,NY.GDP.MKTP.KD.ZG,p90,6.141403295889523
partial_recovery,2027,NY.GDP.MKTP.KD.ZG,p90,6.194902299367846
partial_recovery,2028,NY.GDP.MKTP.KD.ZG,p90,6.255950737996712
partial_recovery,2029,NY.GDP.MKTP.KD.ZG,p90,6.306648408545005
partial_recovery,2030,NY.GDP.MKTP.KD.ZG,p90,6.346357327762307
partial_recovery,2031,NY.GDP.MKTP.KD.ZG,p90,6.383665960297357
partial_recovery,2032,NY.GDP.MKTP.KD.ZG,p90,6.417687739612094
partial_recovery,2033,NY.GDP.MKTP.KD.ZG,p90,6.452183304691321
partial_recovery,2034,NY.GDP.MKTP.KD.ZG,p90,6.497179754144741
partial_recovery,2035,NY.GDP.MKTP.KD.ZG,p90,6.538221521603669
partial_recovery,2011,BX.KLT.DINV.WD.GD.ZS,p10,3.3302980578800403
partial_recovery,2012,BX.KLT.DINV.WD.GD.ZS,p10,3.3302980578800403
partial_recovery,2013,BX.KLT.DINV.WD.GD.ZS,p10,3.3302980578800403
partial_recovery,2014,BX.KLT.DINV.WD.GD.ZS,p10,3.3302980578800403
partial_recovery,2015,BX.KLT.DINV.WD.GD.ZS,p10,3.3302980578800403
partial_recovery,2016,BX.KLT.DINV.WD.GD.ZS,p10,3.3302980578800403
partial_recovery,2017,BX.KLT.DINV.WD.GD.ZS,p10,3.3302980578800403
partial_recovery,2018,BX.KLT.DINV.WD.GD.ZS,p10,3.3302980578800403
partial_recovery,2019,BX.KLT.DINV.WD.GD.ZS,p10,3.3302980578800403
partial_recovery,2020,BX.KLT.DINV.WD.GD.ZS,p10,3.3302980578800403
partial_recovery,2021,BX.KLT.DINV.WD.GD.ZS,p10,2.4123561847636283
partial_recovery,2022,BX.KLT.DINV.WD.GD.ZS,p10,2.4123561847636283
partial_recovery,2023,BX.KLT.DINV.WD.GD.ZS,p10,2.4123561847636283
partial_recovery,2024,BX.KLT.DINV.WD.GD.ZS,p10,2.4123561847636283
partial_recovery,2025,BX.KLT.DINV.WD.GD.ZS,p10,2.460561423041846
partial_recovery,2026,BX.KLT.DINV.WD.GD.ZS,p10,2.508766661320064
partial_recovery,2027,BX.KLT.DINV.WD.GD.ZS,p10,2.557560359930161
partial_recovery,2028,BX.KLT.DINV.WD.GD.ZS,p10,2.6057272737540154
partial_recovery,2029,BX.KLT.DINV.WD.GD.ZS,p10,2.645235469058468
partial_recovery,2030,BX.KLT.DINV.WD.GD.ZS,p10,2.6892253902948107
partial_recovery,2031,BX.KLT.DINV.WD.GD.ZS,p10,2.7326130467864074
partial_recovery,2032,BX.KLT.DINV.WD.GD.ZS,p10,2.767632831490211
partial_recovery,2033,BX.KLT.DINV.WD.GD.ZS,p10,2.809975886729339
partial_recovery,2034,BX.KLT.DINV.WD.GD.ZS,p10,2.858456884761801
partial_recovery,2035,BX.KLT.DINV.WD.GD.ZS,p10,2.9065993794768183
partial_recovery,2011,BX.KLT.DINV.WD.GD.ZS,p50,3.7886515938381757
partial_recovery,2012,BX.KLT.DINV.WD.GD.ZS,p50,3.7886515938381757
partial_recovery,2013,BX.KLT.DINV.WD.GD.ZS,p50,3.7886515938381757
partial_recovery,2014,BX.KLT.DINV.WD.GD.ZS,p50,3.7886515938381757
partial_recovery,2015,BX.KLT.DINV.WD.GD.ZS,p50,3.7886515938381757
partial_recovery,2016,BX.KLT.DINV.WD.GD.ZS,p50,3.7886515938381757
partial_recovery,2017,BX.KLT.DINV.WD.GD.ZS,p50,3.7886515938381757
partial_recovery,2018,BX.KLT.DINV.WD.GD.ZS,p50,3.7886515938381757
partial_recovery,2019,BX.KLT.DINV.WD.GD.ZS,p50,3.7886515938381757
partial_recovery,2020,BX.KLT.DINV.WD.GD.ZS,p50,3.7886515938381757
partial_recovery,2021,BX.KLT.DINV.WD.GD.ZS,p50,2.8640155783905223
partial_recovery,2022,BX.KLT.DINV.WD.GD.ZS,p50,2.8640155783905223
partial_recovery,2023,BX.KLT.DINV.WD.GD.ZS,p50,2.8640155783905223
partial_recovery,2024,BX.KLT.DINV.WD.GD.ZS,p50,2.8640155783905223
partial_recovery,2025,BX.KLT.DINV.WD.GD.ZS,p50,2.9079827546442836
partial_recovery,2026,BX.KLT.DINV.WD.GD.ZS,p50,2.9597949494173736
partial_recovery,2027,BX.KLT.DINV.WD.GD.ZS,p50,3.011135180761348
partial_recovery,2028,BX.KLT.DINV.WD.GD.ZS,p50,3.045874808103067
partial_recovery,2029,BX.KLT.DINV.WD.GD.ZS,p50,3.090048422046623
partial_recovery,2030,BX.KLT.DINV.WD.GD.ZS,p50,3.14254332498827
partial_recovery,2031,BX.KLT.DINV.WD.GD.ZS,p50,3.185842740244807
partial_recovery,2032,BX.KLT.DINV.WD.GD.ZS,p50,3.225020514867469
partial_recovery,2033,BX.KLT.DINV.WD.GD.ZS,p50,3.2706070693108713
partial_recovery,2034,BX.KLT.DINV.WD.GD.ZS,p50,3.3178800065751313
partial_recovery,2035,BX.KLT.DINV.WD.GD.ZS,p50,3.353496056987229
partial_recovery,2011,BX.KLT.DINV.WD.GD.ZS,p90,4.266336819537714
partial_recovery,2012,BX.KLT.DINV.WD.GD.ZS,p90,4.266336819537714
partial_recovery,2013,BX.KLT.DINV.WD.GD.ZS,p90,4.266336819537714
partial_recovery,2014,BX.KLT.DINV.WD.GD.ZS,p90,4.266336819537714
partial_recovery,2015,BX.KLT.DINV.WD.GD.ZS,p90,4.266336819537714
partial_recovery,2016,BX.KLT.DINV.WD.GD.ZS,p90,4.266336819537714
partial_recovery,2017,BX.KLT.DINV.WD.GD.ZS,p90,4.266336819537714
partial_recovery,2018,BX.KLT.DINV.WD.GD.ZS,p90,4.266336819537714
partial_recovery,2019,BX.KLT.DINV.WD.GD.ZS,p90,4.266336819537714
partial_recovery,2020,BX.KLT.DINV.WD.GD.ZS,p90,4.266336819537714
partial_recovery,2021,BX.KLT.DINV.WD.GD.ZS,p90,3.394035898978108
partial_recovery,2022,BX.KLT.DINV.WD.GD.ZS,p90,3.394035898978108
partial_recovery,2023,BX.KLT.DINV.WD.GD.ZS,p90,3.394035898978108
partial_recovery,2024,BX.KLT.DINV.WD.GD.ZS,p90,3.394035898978108
partial_recovery,2025,BX.KLT.DINV.WD.GD.ZS,p90,3.4217070582336637
partial_recovery,2026,BX.KLT.DINV.WD.GD.ZS,p90,3.4515592392254133
partial_recovery,2027,BX.KLT.DINV.WD.GD.ZS,p90,3.4879344439927973
partial_recovery,2028,BX.KLT.DINV.WD.GD.ZS,p90,3.518997869188011
partial_recovery,2029,BX.KLT.DINV.WD.GD.ZS,p90,3.549066335885535
partial_recovery,2030,BX.KLT.DINV.WD.GD.ZS,p90,3.579264035020685
partial_recovery,2031,BX.KLT.DINV.WD.GD.ZS,p90,3.6133734988727455
partial_recovery,2032,BX.KLT.DINV.WD.GD.ZS,p90,3.6474864615916927
partial_recovery,2033,BX.KLT.DINV.WD.GD.ZS,p90,3.6779825996331716
partial_recovery,2034,BX.KLT.DINV.WD.GD.ZS,p90,3.719338074306485
partial_recovery,2035,BX.KLT.DINV.WD.GD.ZS,p90,3.7619493801355697
partial_recovery,2011,IT.NET.USER.ZS,p10,0.98
partial_recovery,2012,IT.NET.USER.ZS,p10,1.4231383975464003
partial_recovery,2013,IT.NET.USER.ZS,p10,2.0984272359031406
partial_recovery,2014,IT.NET.USER.ZS,p10,3.1350454003080883
partial_recovery,2015,IT.NET.USER.ZS,p10,4.743051535239091
partial_recovery,2016,IT.NET.USER.ZS,p10,7.253784040672879
partial_recovery,2017,IT.NET.USER.ZS,p10,11.21328536587798
partial_recovery,2018,IT.NET.USER.ZS,p10,17.319173656695035
partial_recovery,2019,IT.NET.USER.ZS,p10,26.628310836090012
partial_recovery,2020,IT.NET.USER.ZS,p10,40.17428744169152
partial_recovery,2021,IT.NET.USER.ZS,p10,54.68154956501295
partial_recovery,2022,IT.NET.USER.ZS,p10,67.24391962142161
partial_recovery,2023,IT.NET.USER.ZS,p10,78.26975121767246
partial_recovery,2024,IT.NET.USER.ZS,p10,86.92371968001099
partial_recovery,2025,IT.NET.USER.ZS,p10,92.3191199262123
partial_recovery,2026,IT.NET.USER.ZS,p10,95.18462563605779
partial_recovery,2027,IT.NET.USER.ZS,p10,96.44475906760701
partial_recovery,2028,IT.NET.USER.ZS,p10,96.9991537985901
partial_recovery,2029,IT.NET.USER.ZS,p10,97.21192565581084
partial_recovery,2030,IT.NET.USER.ZS,p10,97.3662565889682
partial_recovery,2031,IT.NET.USER.ZS,p10,97.48674035796893
partial_recovery,2032,IT.NET.USER.ZS,p10,97.58854130458519
partial_recovery,2033,IT.NET.USER.ZS,p10,97.68809559222595
partial_recovery,2034,IT.NET.USER.ZS,p10,97.79673574808076
partial_recovery,2035,IT.NET.USER.ZS,p10,97.87462482313465
partial_recovery,2011,IT.NET.USER.ZS,p50,0.98
partial_recovery,2012,IT.NET.USER.ZS,p50,1.4850689008060465
partial_recovery,2013,IT.NET.USER.ZS,p50,2.2964870813197145
partial_recovery,2014,IT.NET.USER.ZS,p50,3.5803090865873477
partial_recovery,2015,IT.NET.USER.ZS,p50,5.629059641501058
partial_recovery,2016,IT.NET.USER.ZS,p50,8.973354948133341
partial_recovery,2017,IT.NET.USER.ZS,p50,14.388778776315768
partial_recovery,2018,IT.NET.USER.ZS,p50,22.985782215135927
partial_recovery,2019,IT.NET.USER.ZS,p50,36.152146622035005
partial_recovery,2020,IT.NET.USER.ZS,p50,54.476707265110065
partial_recovery,2021,IT.NET.USER.ZS,p50,72.15737765247553
partial_recovery,2022,IT.NET.USER.ZS,p50,84.02325286503915
partial_recovery,2023,IT.NET.USER.ZS,p50,91.61162091438877
partial_recovery,2024,IT.NET.USER.ZS,p50,95.1668282939813
partial_recovery,2025,IT.NET.USER.ZS,p50,96.65904625185944
partial_recovery,2026,IT.NET.USER.ZS,p50,97.24883978618098
partial_recovery,2027,IT.NET.USER.ZS,p50,97.45594188153152
partial_recovery,2028,IT.NET.USER.ZS,p50,97.59617790071513
partial_recovery,2029,IT.NET.USER.ZS,p50,97.71659188935001
partial_recovery,2030,IT.NET.USER.ZS,p50,97.83214345450256
partial_recovery,2031,IT.NET.USER.ZS,p50,97.91548694447411
partial_recovery,2032,IT.NET.USER.ZS,p50,97.99353430807332
partial_recovery,2033,IT.NET.USER.ZS,p50,98.06918762628656
partial_recovery,2034,IT.NET.USER.ZS,p50,98.16386273758377
partial_recovery,2035,IT.NET.USER.ZS,p50,98.24080950642389
partial_recovery,2011,IT.NET.USER.ZS,p90,0.98
partial_recovery,2012,IT.NET.USER.ZS,p90,1.551115210051683
partial_recovery,2013,IT.NET.USER.ZS,p90,2.4940354645678555
partial_recovery,2014,IT.NET.USER.ZS,p90,4.075741400298968
partial_recovery,2015,IT.NET.USER.ZS,p90,6.711329773113122
partial_recovery,2016,IT.NET.USER.ZS,p90,11.143003018504693
partial_recovery,2017,IT.NET.USER.ZS,p90,18.642109408812285
partial_recovery,2018,IT.NET.USER.ZS,p90,30.752865166138154
partial_recovery,2019,IT.NET.USER.ZS,p90,48.94585596369471
partial_recovery,2020,IT.NET.USER.ZS,p90,71.87169948734667
partial_recovery,2021,IT.NET.USER.ZS,p90,88.541767504598
partial_recovery,2022,IT.NET.USER.ZS,p90,94.62739830747019
partial_recovery,2023,IT.NET.USER.ZS,p90,96.82608572141335
partial_recovery,2024,IT.NET.USER.ZS,p90,97.52510131026274
partial_recovery,2025,IT.NET.USER.ZS,p90,97.74675193069865
partial_recovery,2026,IT.NET.USER.ZS,p90,97.84482332906629
partial_recovery,2027,IT.NET.USER.ZS,p90,97.92915983206206
partial_recovery,2028,IT.NET.USER.ZS,p90,98.01308592296978
partial_recovery,2029,IT.NET.USER.ZS,p90,98.10981070863939
partial_recovery,2030,IT.NET.USER.ZS,p90,98.19540226682984
partial_recovery,2031,IT.NET.USER.ZS,p90,98.2795648432231
partial_recovery,2032,IT.NET.USER.ZS,p90,98.36693895976454
partial_recovery,2033,IT.NET.USER.ZS,p90,98.43881757767147
partial_recovery,2034,IT.NET.USER.ZS,p90,98.52617582455424
partial_recovery,2035,IT.NET.USER.ZS,p90,98.60517828190265
partial_recovery,2011,IT.CEL.SETS.P2,p10,10.787881717832825
partial_recovery,2012,IT.CEL.SETS.P2,p10,15.995786717761632
partial_recovery,2013,IT.CEL.SETS.P2,p10,23.798754929158328
partial_recovery,2014,IT.CEL.SETS.P2,p10,34.673974811855594
partial_recovery,2015,IT.CEL.SETS.P2,p10,49.27497259824456
partial_recovery,2016,IT.CEL.SETS.P2,p10,68.44318136368446
partial_recovery,2017,IT.CEL.SETS.P2,p10,91.19528233237112
partial_recovery,2018,IT.CEL.SETS.P2,p10,112.23685480413532
partial_recovery,2019,IT.CEL.SETS.P2,p10,126.02055808202158
partial_recovery,2020,IT.CEL.SETS.P2,p10,131.63329598204817
partial_recovery,2021,IT.CEL.SETS.P2,p10,96.99691187792334
partial_recovery,2022,IT.CEL.SETS.P2,p10,97.05397507231878
partial_recovery,2023,IT.CEL.SETS.P2,p10,97.07113307372708
partial_recovery,2024,IT.CEL.SETS.P2,p10,97.07636706959154
partial_recovery,2025,IT.CEL.SETS.P2,p10,98.7656764631886
partial_recovery,2026,IT.CEL.SETS.P2,p10,100.86537804085366
partial_recovery,2027,IT.CEL.SETS.P2,p10,102.96326435501497
partial_recovery,2028,IT.CEL.SETS.P2,p10,105.0597549245453
partial_recovery,2029,IT.CEL.SETS.P2,p10,106.85486923450334
partial_recovery,2030,IT.CEL.SETS.P2,p10,108.6721871615356
partial_recovery,2031,IT.CEL.SETS.P2,p10,110.15421519270684
partial_recovery,2032,IT.CEL.SETS.P2,p10,111.63072487964405
partial_recovery,2033,IT.CEL.SETS.P2,p10,112.94522760652569
partial_recovery,2034,IT.CEL.SETS.P2,p10,114.36609829509281
partial_recovery,2035,IT.CEL.SETS.P2,p10,116.16501191438411
partial_recovery,2011,IT.CEL.SETS.P2,p50,12.692573001775385
partial_recovery,2012,IT.CEL.SETS.P2,p50,18.885128050154748
partial_recovery,2013,IT.CEL.SETS.P2,p50,27.79471371887363
partial_recovery,2014,IT.CEL.SETS.P2,p50,41.14623535531682
partial_recovery,2015,IT.CEL.SETS.P2,p50,59.868866379412665
partial_recovery,2016,IT.CEL.SETS.P2,p50,83.19897115166495
partial_recovery,2017,IT.CEL.SETS.P2,p50,108.2131655825701
partial_recovery,2018,IT.CEL.SETS.P2,p50,129.5441441842266
partial_recovery,2019,IT.CEL.SETS.P2,p50,142.3210572992359
partial_recovery,2020,IT.CEL.SETS.P2,p50,147.24727430148346
partial_recovery,2021,IT.CEL.SETS.P2,p50,111.28665370570738
partial_recovery,2022,IT.CEL.SETS.P2,p50,111.3994511519205
partial_recovery,2023,IT.CEL.SETS.P2,p50,111.4904454716214
partial_recovery,2024,IT.CEL.SETS.P2,p50,111.53463535558717
partial_recovery,2025,IT.CEL.SETS.P2,p50,113.48032494261179
partial_recovery,2026,IT.CEL.SETS.P2,p50,114.97886137571336
partial_recovery,2027,IT.CEL.SETS.P2,p50,116.88348463798755
partial_recovery,2028,IT.CEL.SETS.P2,p50,118.49483218064788
partial_recovery,2029,IT.CEL.SETS.P2,p50,120.46968850663933
partial_recovery,2030,IT.CEL.SETS.P2,p50,122.10790128812027
partial_recovery,2031,IT.CEL.SETS.P2,p50,124.02523529907043
partial_recovery,2032,IT.CEL.SETS.P2,p50,125.44473760763432
partial_recovery,2033,IT.CEL.SETS.P2,p50,126.76506073296792
partial_recovery,2034,IT.CEL.SETS.P2,p50,128.28995587397677
partial_recovery,2035,IT.CEL.SETS.P2,p50,129.76845214248868
partial_recovery,2011,IT.CEL.SETS.P2,p90,15.120901095861507
partial_recovery,2012,IT.CEL.SETS.P2,p90,22.046126428954846
partial_recovery,2013,IT.CEL.SETS.P2,p90,33.105531027906125
partial_recovery,2014,IT.CEL.SETS.P2,p90,48.98923033218745
partial_recovery,2015,IT.CEL.SETS.P2,p90,71.03692350469917
partial_recovery,2016,IT.CEL.SETS.P2,p90,99.5469934174239
partial_recovery,2017,IT.CEL.SETS.P2,p90,128.58066977578315
partial_recovery,2018,IT.CEL.SETS.P2,p90,149.13254220634457
partial_recovery,2019,IT.CEL.SETS.P2,p90,161.2327464473533
partial_recovery,2020,IT.CEL.SETS.P2,p90,166.2768370745722
partial_recovery,2021,IT.CEL.SETS.P2,p90,132.41335371834114
partial_recovery,2022,IT.CEL.SETS.P2,p90,132.89006082466986
partial_recovery,2023,IT.CEL.SETS.P2,p90,133.01571345858545
partial_recovery,2024,IT.CEL.SETS.P2,p90,133.05028242856767
partial_recovery,2025,IT.CEL.SETS.P2,p90,134.15583949027197
partial_recovery,2026,IT.CEL.SETS.P2,p90,135.2425072737339
partial_recovery,2027,IT.CEL.SETS.P2,p90,137.02933530354647
partial_recovery,2028,IT.CEL.SETS.P2,p90,138.50943812859086
partial_recovery,2029,IT.CEL.SETS.P2,p90,139.84232421835273
partial_recovery,2030,IT.CEL.SETS.P2,p90,141.66673584840674
partial_recovery,2031,IT.CEL.SETS.P2,p90,143.4839948985455
partial_recovery,2032,IT.CEL.SETS.P2,p90,144.652530564131
partial_recovery,2033,IT.CEL.SETS.P2,p90,145.80505395525145
partial_recovery,2034,IT.CEL.SETS.P2,p90,147.58958766949834
partial_recovery,2035,IT.CEL.SETS.P2,p90,149.18360464585086
partial_recovery,2011,SP.DYN.LE00.IN,p10,63.859
partial_recovery,2012,SP.DYN.LE00.IN,p10,63.96826227554801
partial_recovery,2013,SP.DYN.LE00.IN,p10,64.07533930558505
partial_recovery,2014,SP.DYN.LE00.IN,p10,64.18027479502133
partial_recovery,2015,SP.DYN.LE00.IN,p10,64.28311157466892
partial_recovery,2016,SP.DYN.LE00.IN,p10,64.38389161872355
partial_recovery,2017,SP.DYN.LE00.IN,p10,64.48265606189707
partial_recovery,2018,SP.DYN.LE00.IN,p10,64.57944521620715
partial_recovery,2019,SP.DYN.LE00.IN,p10,64.67429858743101
partial_recovery,2020,SP.DYN.LE00.IN,p10,64.76725489123041
partial_recovery,2021,SP.DYN.LE00.IN,p10,64.85835206895379
partial_recovery,2022,SP.DYN.LE00.IN,p10,64.94762730312273
partial_recovery,2023,SP.DYN.LE00.IN,p10,65.03511703260828
partial_recovery,2024,SP.DYN.LE00.IN,p10,65.12085696750411
partial_recovery,2025,SP.DYN.LE00.IN,p10,65.20488210370203
partial_recovery,2026,SP.DYN.LE00.IN,p10,65.287226737176
partial_recovery,2027,SP.DYN.LE00.IN,p10,65.36792447798048
partial_recovery,2028,SP.DYN.LE00.IN,p10,65.44700826396887
partial_recovery,2029,SP.DYN.LE00.IN,p10,65.5245103742375
partial_recovery,2030,SP.DYN.LE00.IN,p10,65.60046244230075
partial_recovery,2031,SP.DYN.LE00.IN,p10,65.67489546900275
partial_recovery,2032,SP.DYN.LE00.IN,p10,65.7478398351707
partial_recovery,2033,SP.DYN.LE00.IN,p10,65.81932531401529
partial_recovery,2034,SP.DYN.LE00.IN,p10,65.889381083283
partial_recovery,2035,SP.DYN.LE00.IN,p10,65.95803573716533
partial_recovery,2011,SP.DYN.LE00.IN,p50,63.859
partial_recovery,2012,SP.DYN.LE00.IN,p50,64.17341988578804
partial_recovery,2013,SP.DYN.LE00.IN,p50,64.48155137386027
partial_recovery,2014,SP.DYN.LE00.IN,p50,64.7835202321711
partial_recovery,2015,SP.DYN.LE00.IN,p50,65.07944971331571
partial_recovery,2016,SP.DYN.LE00.IN,p50,65.36946060483743
partial_recovery,2017,SP.DYN.LE00.IN,p50,65.65367127852869
partial_recovery,2018,SP.DYN.LE00.IN,p50,65.93219773874614
partial_recovery,2019,SP.DYN.LE00.IN,p50,66.20515366975923
partial_recovery,2020,SP.DYN.LE00.IN,p50,66.47265048215206
partial_recovery,2021,SP.DYN.LE00.IN,p50,66.73479735829704
partial_recovery,2022,SP.DYN.LE00.IN,p50,66.99170129691913
partial_recovery,2023,SP.DYN.LE00.IN,p50,67.24346715676877
partial_recovery,2024,SP.DYN.LE00.IN,p50,67.49019769942142
partial_recovery,2025,SP.DYN.LE00.IN,p50,67.73199363122102
partial_recovery,2026,SP.DYN.LE00.IN,p50,67.96895364438461
partial_recovery,2027,SP.DYN.LE00.IN,p50,68.20117445728494
partial_recovery,2028,SP.DYN.LE00.IN,p50,68.42875085392727
partial_recovery,2029,SP.DYN.LE00.IN,p50,68.65177572263676
partial_recovery,2030,SP.DYN.LE00.IN,p50,68.87034009397203
partial_recovery,2031,SP.DYN.LE00.IN,p50,69.08453317788062
partial_recovery,2032,SP.DYN.LE00.IN,p50,69.29444240011102
partial_recovery,2033,SP.DYN.LE00.IN,p50,69.50015343789684
partial_recovery,2034,SP.DYN.LE00.IN,p50,69.7017502549269
partial_recovery,2035,SP.DYN.LE00.IN,p50,69.8993151356164
partial_recovery,2011,SP.DYN.LE00.IN,p90,63.859
partial_recovery,2012,SP.DYN.LE00.IN,p90,64.35009002024853
partial_recovery,2013,SP.DYN.LE00.IN,p90,64.83135824009209
partial_recovery,2014,SP.DYN.LE00.IN,p90,65.30300109553876
partial_recovery,2015,SP.DYN.LE00.IN,p90,65.7652110938765
partial_recovery,2016,SP.DYN.LE00.IN,p90,66.2181768922475
partial_recovery,2017,SP.DYN.LE00.IN,p90,66.66208337465108
partial_recovery,2018,SP.DYN.LE00.IN,p90,67.0971117274066
partial_recovery,2019,SP.DYN.LE00.IN,p90,67.52343951310698
partial_recovery,2020,SP.DYN.LE00.IN,p90,67.94124074309337
partial_recovery,2021,SP.DYN.LE00.IN,p90,68.35068594848002
partial_recovery,2022,SP.DYN.LE00.IN,p90,68.75194224975894
partial_recovery,2023,SP.DYN.LE00.IN,p90,69.14517342501229
partial_recovery,2024,SP.DYN.LE00.IN,p90,69.53053997676058
partial_recovery,2025,SP.DYN.LE00.IN,p90,69.90819919747389
partial_recovery,2026,SP.DYN.LE00.IN,p90,70.27830523377294
partial_recovery,2027,SP.DYN.LE00.IN,p90,70.641009149346
partial_recovery,2028,SP.DYN.LE00.IN,p90,70.9964589866076
partial_recovery,2029,SP.DYN.LE00.IN,p90,71.34479982712398
partial_recovery,2030,SP.DYN.LE00.IN,p90,71.68617385083002
partial_recovery,2031,SP.DYN.LE00.IN,p90,72.02072039406194
partial_recovery,2032,SP.DYN.LE00.IN,p90,72.34857600642924
partial_recovery,2033,SP.DYN.LE00.IN,p90,72.66987450654918
partial_recovery,2034,SP.DYN.LE00.IN,p90,72.98474703666672
partial_recovery,2035,SP.DYN.LE00.IN,p90,73.29332211618191
partial_recovery,2011,SH.DYN.MORT,p10,59.7
partial_recovery,2012,SH.DYN.MORT,p10,55.59278346773962
partial_recovery,2013,SH.DYN.MORT,p10,51.86841600877123
partial_recovery,2014,SH.DYN.MORT,p10,48.48410753718429
partial_recovery,2015,SH.DYN.MORT,p10,45.40255954984175
partial_recovery,2016,SH.DYN.MORT,p10,42.5911768843372
partial_recovery,2017,SH.DYN.MORT,p10,40.02140379955095
partial_recovery,2018,SH.DYN.MORT,p10,37.66816310707429
partial_recovery,2019,SH.DYN.MORT,p10,35.5093809917446
partial_recovery,2020,SH.DYN.MORT,p10,33.525583303367746
partial_recovery,2021,SH.DYN.MORT,p10,31.69955163842575
partial_recovery,2022,SH.DYN.MORT,p10,30.0160295844259
partial_recovery,2023,SH.DYN.MORT,p10,28.461471167975702
partial_recovery,2024,SH.DYN.MORT,p10,27.023824907374586
partial_recovery,2025,SH.DYN.MORT,p10,25.692347982097345
partial_recovery,2026,SH.DYN.MORT,p10,24.457445943056427
partial_recovery,2027,SH.DYN.MORT,p10,23.310534137198317
partial_recovery,2028,SH.DYN.MORT,p10,22.243917638327645
partial_recovery,2029,SH.DYN.MORT,p10,21.250686987503222
partial_recovery,2030,SH.DYN.MORT,p10,20.324627470543746
partial_recovery,2031,SH.DYN.MORT,p10,19.460140012944034
partial_recovery,2032,SH.DYN.MORT,p10,18.652172066622626
partial_recovery,2033,SH.DYN.MORT,p10,17.896157108768154
partial_recovery,2034,SH.DYN.MORT,p10,17.18796157905551
partial_recovery,2035,SH.DYN.MORT,p10,16.52383825453319
partial_recovery,2011,SH.DYN.MORT,p50,59.7
partial_recovery,2012,SH.DYN.MORT,p50,57.1571332716775
partial_recovery,2013,SH.DYN.MORT,p50,54.78044839537239
partial_recovery,2014,SH.DYN.MORT,p50,52.55653285696603
partial_recovery,2015,SH.DYN.MORT,p50,50.47324384885084
partial_recovery,2016,SH.DYN.MORT,p50,48.51957179913076
partial_recovery,2017,SH.DYN.MORT,p50,46.685520204940445
partial_recovery,2018,SH.DYN.MORT,p50,44.96199963707333
partial_recovery,2019,SH.DYN.MORT,p50,43.3407340851809
partial_recovery,2020,SH.DYN.MORT,p50,41.81417806896155
partial_recovery,2021,SH.DYN.MORT,p50,40.37544315843737
partial_recovery,2022,SH.DYN.MORT,p50,39.018232731779456
partial_recovery,2023,SH.DYN.MORT,p50,37.73678395730545
partial_recovery,2024,SH.DYN.MORT,p50,36.525816121489285
partial_recovery,2025,SH.DYN.MORT,p50,35.380484540648986
partial_recovery,2026,SH.DYN.MORT,p50,34.296339393376726
partial_recovery,2027,SH.DYN.MORT,p50,33.26928889623626
partial_recovery,2028,SH.DYN.MORT,p50,32.295566318860025
partial_recovery,2029,SH.DYN.MORT,p50,31.37170039809018
partial_recovery,2030,SH.DYN.MORT,p50,30.494488765701355
partial_recovery,2031,SH.DYN.MORT,p50,29.660974051768537
partial_recovery,2032,SH.DYN.MORT,p50,28.869528030703087
partial_recovery,2033,SH.DYN.MORT,p50,28.117240311136108
partial_recovery,2034,SH.DYN.MORT,p50,27.401024774396475
partial_recovery,2035,SH.DYN.MORT,p50,26.71870293682391
partial_recovery,2011,SH.DYN.MORT,p90,59.7
partial_recovery,2012,SH.DYN.MORT,p90,58.76871882133626
partial_recovery,2013,SH.DYN.MORT,p90,57.871856127797415
partial_recovery,2014,SH.DYN.MORT,p90,57.0078104076107
partial_recovery,2015,SH.DYN.MORT,p90,56.175070840681194
partial_recovery,2016,SH.DYN.MORT,p90,55.372211291168185
partial_recovery,2017,SH.DYN.MORT,p90,54.59788475220158
partial_recovery,2018,SH.DYN.MORT,p90,53.85081820482544
partial_recovery,2019,SH.DYN.MORT,p90,53.12980785674688
partial_recovery,2020,SH.DYN.MORT,p90,52.43371472961171
partial_recovery,2021,SH.DYN.MORT,p90,51.76146056635968
partial_recovery,2022,SH.DYN.MORT,p90,51.11202403276329
partial_recovery,2023,SH.DYN.MORT,p90,50.48443718955917
partial_recovery,2024,SH.DYN.MORT,p90,49.877782213659806
partial_recovery,2025,SH.DYN.MORT,p90,49.291188348816256
partial_recovery,2026,SH.DYN.MORT,p90,48.72382906780288
partial_recovery,2027,SH.DYN.MORT,p90,48.17491942973793
partial_recovery,2028,SH.DYN.MORT,p90,47.64371361755043
partial_recovery,2029,SH.DYN.MORT,p90,47.12950264187143
partial_recovery,2030,SH.DYN.MORT,p90,46.63161219877858
partial_recovery,2031,SH.DYN.MORT,p90,46.14940066986952
partial_recovery,2032,SH.DYN.MORT,p90,45.6822572540889
partial_recovery,2033,SH.DYN.MORT,p90,45.229600221601075
partial_recovery,2034,SH.DYN.MORT,p90,44.79087528078837
partial_recovery,2035,SH.DYN.MORT,p90,44.365554050172996
partial_recovery,2011,SE.SEC.ENRR,p10,52.42925548553468
partial_recovery,2012,SE.SEC.ENRR,p10,53.7335333458843
partial_recovery,2013,SE.SEC.ENRR,p10,54.982294392933454
partial_recovery,2014,SE.SEC.ENRR,p10,56.178501533125356
partial_recovery,2015,SE.SEC.ENRR,p10,57.32492811654422
partial_recovery,2016,SE.SEC.ENRR,p10,58.424171927794
partial_recovery,2017,SE.SEC.ENRR,p10,59.47866801587263
partial_recovery,2018,SE.SEC.ENRR,p10,60.49070046947424
partial_recovery,2019,SE.SEC.ENRR,p10,61.462413233511455
partial_recovery,2020,SE.SEC.ENRR,p10,62.39582005315892
partial_recovery,2021,SE.SEC.ENRR,p10,63.29281362323971
partial_recovery,2022,SE.SEC.ENRR,p10,64.15517401320328
partial_recovery,2023,SE.SEC.ENRR,p10,64.98457643116075
partial_recovery,2024,SE.SEC.ENRR,p10,65.78259838437101
partial_recovery,2025,SE.SEC.ENRR,p10,66.5507262881295
partial_recovery,2026,SE.SEC.ENRR,p10,67.29036157012223
partial_recovery,2027,SE.SEC.ENRR,p10,68.0028263129195
partial_recovery,2028,SE.SEC.ENRR,p10,68.68936847333995
partial_recovery,2029,SE.SEC.ENRR,p10,69.35116671386153
partial_recovery,2030,SE.SEC.ENRR,p10,69.98933487805728
partial_recovery,2031,SE.SEC.ENRR,p10,70.60492613915225
partial_recovery,2032,SE.SEC.ENRR,p10,71.19893684819296
partial_recovery,2033,SE.SEC.ENRR,p10,71.77231010597141
partial_recovery,2034,SE.SEC.ENRR,p10,72.32593908072201
partial_recovery,2035,SE.SEC.ENRR,p10,72.86067009168694
partial_recovery,2011,SE.SEC.ENRR,p50,52.42925548553468
partial_recovery,2012,SE.SEC.ENRR,p50,56.09990900662653
partial_recovery,2013,SE.SEC.ENRR,p50,59.46362424855907
partial_recovery,2014,SE.SEC.ENRR,p50,62.551179115631214
partial_recovery,2015,SE.SEC.ENRR,p50,65.38980851165546
partial_recovery,2016,SE.SEC.ENRR,p50,68.00366031099237
partial_recovery,2017,SE.SEC.ENRR,p50,70.41418687277154
partial_recovery,2018,SE.SEC.ENRR,p50,72.64048198024409
partial_recovery,2019,SE.SEC.ENRR,p50,74.69957145992076
partial_recovery,2020,SE.SEC.ENRR,p50,76.60666439350625
partial_recovery,2021,SE.SEC.ENRR,p50,78.37537072652873
partial_recovery,2022,SE.SEC.ENRR,p50,80.01789015826994
partial_recovery,2023,SE.SEC.ENRR,p50,81.54517643368774
partial_recovery,2024,SE.SEC.ENRR,p50,82.96708052164286
partial_recovery,2025,SE.SEC.ENRR,p50,84.2924756323068
partial_recovery,2026,SE.SEC.ENRR,p50,85.5293665817783
partial_recovery,2027,SE.SEC.ENRR,p50,86.68498563869773
partial_recovery,2028,SE.SEC.ENRR,p50,87.76587667378246
partial_recovery,2029,SE.SEC.ENRR,p50,88.77796916868408
partial_recovery,2030,SE.SEC.ENRR,p50,89.72664341714666
partial_recovery,2031,SE.SEC.ENRR,p50,90.61678806234212
partial_recovery,2032,SE.SEC.ENRR,p50,91.45285095386643
partial_recovery,2033,SE.SEC.ENRR,p50,92.23888417156962
partial_recovery,2034,SE.SEC.ENRR,p50,92.97858394731388
partial_recovery,2035,SE.SEC.ENRR,p50,93.67532611671534
partial_recovery,2011,SE.SEC.ENRR,p90,52.42925548553468
partial_recovery,2012,SE.SEC.ENRR,p90,58.34086358059575
partial_recovery,2013,SE.SEC.ENRR,p90,63.53353708777428
partial_recovery,2014,SE.SEC.ENRR,p90,68.11027188568995
partial_recovery,2015,SE.SEC.ENRR,p90,72.15244723172671
partial_recovery,2016,SE.SEC.ENRR,p90,75.73241335937053
partial_recovery,2017,SE.SEC.ENRR,p90,78.91223024687882
partial_recovery,2018,SE.SEC.ENRR,p90,81.74592234587509
partial_recovery,2019,SE.SEC.ENRR,p90,84.27656843574935
partial_recovery,2020,SE.SEC.ENRR,p90,86.54162851661351
partial_recovery,2021,SE.SEC.ENRR,p90,88.57370286911919
partial_recovery,2022,SE.SEC.ENRR,p90,90.40087497126841
partial_recovery,2023,SE.SEC.ENRR,p90,92.04740255576797
partial_recovery,2024,SE.SEC.ENRR,p90,93.53429365038818
partial_recovery,2025,SE.SEC.ENRR,p90,94.87978819817974
partial_recovery,2026,SE.SEC.ENRR,p90,96.09976191927079
partial_recovery,2027,SE.SEC.ENRR,p90,97.20806593756956
partial_recovery,2028,SE.SEC.ENRR,p90,98.21681318403213
partial_recovery,2029,SE.SEC.ENRR,p90,99.13662057125752
partial_recovery,2030,SE.SEC.ENRR,p90,99.97681430924884
partial_recovery,2031,SE.SEC.ENRR,p90,100.7456044188567
partial_recovery,2032,SE.SEC.ENRR,p90,101.45023343462692
partial_recovery,2033,SE.SEC.ENRR,p90,102.09710342285531
partial_recovery,2034,SE.SEC.ENRR,p90,102.69188473437274
partial_recovery,2035,SE.SEC.ENRR,p90,103.23960933384993
partial_recovery,2011,SH.XPD.CHEX.GD.ZS,p10,3.599743103022713
partial_recovery,2012,SH.XPD.CHEX.GD.ZS,p10,3.599743103022713
partial_recovery,2013,SH.XPD.CHEX.GD.ZS,p10,3.599743103022713
partial_recovery,2014,SH.XPD.CHEX.GD.ZS,p10,3.599743103022713
partial_recovery,2015,SH.XPD.CHEX.GD.ZS,p10,3.599743103022713
partial_recovery,2016,SH.XPD.CHEX.GD.ZS,p10,3.599743103022713
partial_recovery,2017,SH.XPD.CHEX.GD.ZS,p10,3.599743103022713
partial_recovery,2018,SH.XPD.CHEX.GD.ZS,p10,3.599743103022713
partial_recovery,2019,SH.XPD.CHEX.GD.ZS,p10,3.599743103022713
partial_recovery,2020,SH.XPD.CHEX.GD.ZS,p10,3.599743103022713
partial_recovery,2021,SH.XPD.CHEX.GD.ZS,p10,3.599743103022713
partial_recovery,2022,SH.XPD.CHEX.GD.ZS,p10,3.599743103022713
partial_recovery,2023,SH.XPD.CHEX.GD.ZS,p10,3.599743103022713
partial_recovery,2024,SH.XPD.CHEX.GD.ZS,p10,3.599743103022713
partial_recovery,2025,SH.XPD.CHEX.GD.ZS,p10,3.599743103022713
partial_recovery,2026,SH.XPD.CHEX.GD.ZS,p10,3.599743103022713
partial_recovery,2027,SH.XPD.CHEX.GD.ZS,p10,3.599743103022713
partial_recovery,2028,SH.XPD.CHEX.GD.ZS,p10,3.599743103022713
partial_recovery,2029,SH.XPD.CHEX.GD.ZS,p10,3.599743103022713
partial_recovery,2030,SH.XPD.CHEX.GD.ZS,p10,3.599743103022713
partial_recovery,2031,SH.XPD.CHEX.GD.ZS,p10,3.599743103022713
partial_recovery,2032,SH.XPD.CHEX.GD.ZS,p10,3.599743103022713
partial_recovery,2033,SH.XPD.CHEX.GD.ZS,p10,3.599743103022713
partial_recovery,2034,SH.XPD.CHEX.GD.ZS,p10,3.599743103022713
partial_recovery,2035,SH.XPD.CHEX.GD.ZS,p10,3.599743103022713
partial_recovery,2011,SH.XPD.CHEX.GD.ZS,p50,4.144061970969516
partial_recovery,2012,SH.XPD.CHEX.GD.ZS,p50,4.144061970969516
partial_recovery,2013,SH.XPD.CHEX.GD.ZS,p50,4.144061970969516
partial_recovery,2014,SH.XPD.CHEX.GD.ZS,p50,4.144061970969516
partial_recovery,2015,SH.XPD.CHEX.GD.ZS,p50,4.144061970969516
partial_recovery,2016,SH.XPD.CHEX.GD.ZS,p50,4.144061970969516
partial_recovery,2017,SH.XPD.CHEX.GD.ZS,p50,4.144061970969516
partial_recovery,2018,SH.XPD.CHEX.GD.ZS,p50,4.144061970969516
partial_recovery,2019,SH.XPD.CHEX.GD.ZS,p50,4.144061970969516
partial_recovery,2020,SH.XPD.CHEX.GD.ZS,p50,4.144061970969516
partial_recovery,2021,SH.XPD.CHEX.GD.ZS,p50,4.144061970969516
partial_recovery,2022,SH.XPD.CHEX.GD.ZS,p50,4.144061970969516
partial_recovery,2023,SH.XPD.CHEX.GD.ZS,p50,4.144061970969516
partial_recovery,2024,SH.XPD.CHEX.GD.ZS,p50,4.144061970969516
partial_recovery,2025,SH.XPD.CHEX.GD.ZS,p50,4.144061970969516
partial_recovery,2026,SH.XPD.CHEX.GD.ZS,p50,4.144061970969516
partial_recovery,2027,SH.XPD.CHEX.GD.ZS,p50,4.144061970969516
partial_recovery,2028,SH.XPD.CHEX.GD.ZS,p50,4.144061970969516
partial_recovery,2029,SH.XPD.CHEX.GD.ZS,p50,4.144061970969516
partial_recovery,2030,SH.XPD.CHEX.GD.ZS,p50,4.144061970969516
partial_recovery,2031,SH.XPD.CHEX.GD.ZS,p50,4.144061970969516
partial_recovery,2032,SH.XPD.CHEX.GD.ZS,p50,4.144061970969516
partial_recovery,2033,SH.XPD.CHEX.GD.ZS,p50,4.144061970969516
partial_recovery,2034,SH.XPD.CHEX.GD.ZS,p50,4.144061970969516
partial_recovery,2035,SH.XPD.CHEX.GD.ZS,p50,4.144061970969516
partial_recovery,2011,SH.XPD.CHEX.GD.ZS,p90,4.6553978813254595
partial_recovery,2012,SH.XPD.CHEX.GD.ZS,p90,4.6553978813254595
partial_recovery,2013,SH.XPD.CHEX.GD.ZS,p90,4.6553978813254595
partial_recovery,2014,SH.XPD.CHEX.GD.ZS,p90,4.6553978813254595
partial_recovery,2015,SH.XPD.CHEX.GD.ZS,p90,4.6553978813254595
partial_recovery,2016,SH.XPD.CHEX.GD.ZS,p90,4.6553978813254595
partial_recovery,2017,SH.XPD.CHEX.GD.ZS,p90,4.6553978813254595
partial_recovery,2018,SH.XPD.CHEX.GD.ZS,p90,4.6553978813254595
partial_recovery,2019,SH.XPD.CHEX.GD.ZS,p90,4.6553978813254595
partial_recovery,2020,SH.XPD.CHEX.GD.ZS,p90,4.6553978813254595
partial_recovery,2021,SH.XPD.CHEX.GD.ZS,p90,4.6553978813254595
partial_recovery,2022,SH.XPD.CHEX.GD.ZS,p90,4.6553978813254595
partial_recovery,2023,SH.XPD.CHEX.GD.ZS,p90,4.6553978813254595
partial_recovery,2024,SH.XPD.CHEX.GD.ZS,p90,4.6553978813254595
partial_recovery,2025,SH.XPD.CHEX.GD.ZS,p90,4.6553978813254595
partial_recovery,2026,SH.XPD.CHEX.GD.ZS,p90,4.6553978813254595
partial_recovery,2027,SH.XPD.CHEX.GD.ZS,p90,4.6553978813254595
partial_recovery,2028,SH.XPD.CHEX.GD.ZS,p90,4.6553978813254595
partial_recovery,2029,SH.XPD.CHEX.GD.ZS,p90,4.6553978813254595
partial_recovery,2030,SH.XPD.CHEX.GD.ZS,p90,4.6553978813254595
partial_recovery,2031,SH.XPD.CHEX.GD.ZS,p90,4.6553978813254595
partial_recovery,2032,SH.XPD.CHEX.GD.ZS,p90,4.6553978813254595
partial_recovery,2033,SH.XPD.CHEX.GD.ZS,p90,4.6553978813254595
partial_recovery,2034,SH.XPD.CHEX.GD.ZS,p90,4.6553978813254595
partial_recovery,2035,SH.XPD.CHEX.GD.ZS,p90,4.6553978813254595
partial_recovery,2011,economy,p10,0.3958326808561073
partial_recovery,2012,economy,p10,0.3986431656869525
partial_recovery,2013,economy,p10,0.40665489413755773
partial_recovery,2014,economy,p10,0.41503800621647974
partial_recovery,2015,economy,p10,0.42454121546911405
partial_recovery,2016,economy,p10,0.43644593489298245
partial_recovery,2017,economy,p10,0.4489724443545115
partial_recovery,2018,economy,p10,0.46294775925819
partial_recovery,2019,economy,p10,0.47280784254745
partial_recovery,2020,economy,p10,0.30079786184596324
partial_recovery,2021,economy,p10,0.09468955366486287
partial_recovery,2022,economy,p10,0.39710298437177133
partial_recovery,2023,economy,p10,0.4009823308563963
partial_recovery,2024,economy,p10,0.40110071513682394
partial_recovery,2025,economy,p10,0.4195725022947022
partial_recovery,2026,economy,p10,0.4242234037298469
partial_recovery,2027,economy,p10,0.43167869257856684
partial_recovery,2028,economy,p10,0.4372069137318283
partial_recovery,2029,economy,p10,0.4435447753620504
partial_recovery,2030,economy,p10,0.44979247392423444
partial_recovery,2031,economy,p10,0.455234044895486
partial_recovery,2032,economy,p10,0.46205125690980264
partial_recovery,2033,economy,p10,0.46663910005883497
partial_recovery,2034,economy,p10,0.47048435927727905
partial_recovery,2035,economy,p10,0.4746747402306873
partial_recovery,2011,economy,p50,0.4051645185103457
partial_recovery,2012,economy,p50,0.411716263449952
partial_recovery,2013,economy,p50,0.42060271973524366
partial_recovery,2014,economy,p50,0.4294121572257499
partial_recovery,2015,economy,p50,0.4395015541265811
partial_recovery,2016,economy,p50,0.4497953188134589
partial_recovery,2017,economy,p50,0.46138596465915943
partial_recovery,2018,economy,p50,0.4771336173046775
partial_recovery,2019,economy,p50,0.49544662226293495
partial_recovery,2020,economy,p50,0.3331787039994254
partial_recovery,2021,economy,p50,0.25554361140226667
partial_recovery,2022,economy,p50,0.42847912038378966
partial_recovery,2023,economy,p50,0.4318323743730501
partial_recovery,2024,economy,p50,0.4338165174930238
partial_recovery,2025,economy,p50,0.4458424112415841
partial_recovery,2026,economy,p50,0.45242067847608564
partial_recovery,2027,economy,p50,0.45870716826234403
partial_recovery,2028,economy,p50,0.4653314538492705
partial_recovery,2029,economy,p50,0.47181842506933225
partial_recovery,2030,economy,p50,0.4779619619878796
partial_recovery,2031,economy,p50,0.4842753694012689
partial_recovery,2032,economy,p50,0.49110895326542825
partial_recovery,2033,economy,p50,0.4977320127264918
partial_recovery,2034,economy,p50,0.5030602395740658
partial_recovery,2035,economy,p50,0.509514555161907
partial_recovery,2011,economy,p90,0.414453141095368
partial_recovery,2012,economy,p90,0.4287929087745484
partial_recovery,2013,economy,p90,0.4387157754322984
partial_recovery,2014,economy,p90,0.4471834539427536
partial_recovery,2015,economy,p90,0.45538652023644094
partial_recovery,2016,economy,p90,0.4648349239012174
partial_recovery,2017,economy,p90,0.47653011444711
partial_recovery,2018,economy,p90,0.4930945510834593
partial_recovery,2019,economy,p90,0.5200039263819659
partial_recovery,2020,economy,p90,0.3697462663317778
partial_recovery,2021,economy,p90,0.36183625461270075
partial_recovery,2022,economy,p90,0.4568210058626942
partial_recovery,2023,economy,p90,0.45891686356502703
partial_recovery,2024,economy,p90,0.45987074568675
partial_recovery,2025,economy,p90,0.46914488670084487
partial_recovery,2026,economy,p90,0.47608704030744037
partial_recovery,2027,economy,p90,0.48345870899364285
partial_recovery,2028,economy,p90,0.49089122267911633
partial_recovery,2029,economy,p90,0.498587480579312
partial_recovery,2030,economy,p90,0.5076509482536969
partial_recovery,2031,economy,p90,0.5163489580680105
partial_recovery,2032,economy,p90,0.5247067043382831
partial_recovery,2033,economy,p90,0.532994754939908
partial_recovery,2034,economy,p90,0.5396094850685618
partial_recovery,2035,economy,p90,0.5467321498302433
partial_recovery,2011,innovation,p10,0.02293988039810109
partial_recovery,2012,innovation,p10,0.03402333616579577
partial_recovery,2013,innovation,p10,0.0500199140088081
partial_recovery,2014,innovation,p10,0.0741478600519427
partial_recovery,2015,innovation,p10,0.10911086693546113
partial_recovery,2016,innovation,p10,0.1600154411627375
partial_recovery,2017,innovation,p10,0.22907166451072522
partial_recovery,2018,innovation,p10,0.31791229924112885
partial_recovery,2019,innovation,p10,0.42081171634314
partial_recovery,2020,innovation,p10,0.5354556357370207
partial_recovery,2021,innovation,p10,0.5462388886583898
partial_recovery,2022,innovation,p10,0.5956043733377249
partial_recovery,2023,innovation,p10,0.6352273259541832
partial_recovery,2024,innovation,p10,0.6534735362029946
partial_recovery,2025,innovation,p10,0.6711692706193644
partial_recovery,2026,innovation,p10,0.6876139342924958
partial_recovery,2027,innovation,p10,0.6965390638367626
partial_recovery,2028,innovation,p10,0.7030382413479164
partial_recovery,2029,innovation,p10,0.7118947112356815
partial_recovery,2030,innovation,p10,0.7193423267480543
partial_recovery,2031,innovation,p10,0.7256622259658697
partial_recovery,2032,innovation,p10,0.731357039140888
partial_recovery,2033,innovation,p10,0.7361991228530003
partial_recovery,2034,innovation,p10,0.7410002244049796
partial_recovery,2035,innovation,p10,0.7458997807172096
partial_recovery,2011,innovation,p50,0.024882722896935786
partial_recovery,2012,innovation,p50,0.03686283764769171
partial_recovery,2013,innovation,p50,0.055992149161567736
partial_recovery,2014,innovation,p50,0.08475485340334935
partial_recovery,2015,innovation,p50,0.12803540881286196
partial_recovery,2016,innovation,p50,0.19186213534127639
partial_recovery,2017,innovation,p50,0.27715274528334455
partial_recovery,2018,innovation,p50,0.3839807463683085
partial_recovery,2019,innovation,p50,0.5017038478734395
partial_recovery,2020,innovation,p50,0.6248520535200428
partial_recovery,2021,innovation,p50,0.6248161650569096
partial_recovery,2022,innovation,p50,0.6706002349876368
partial_recovery,2023,innovation,p50,0.7017422063599302
partial_recovery,2024,innovation,p50,0.7140806917321872
partial_recovery,2025,innovation,p50,0.7269027460347466
partial_recovery,2026,innovation,p50,0.7372339540094308
partial_recovery,2027,innovation,p50,0.7442309584584681
partial_recovery,2028,innovation,p50,0.7504365043947896
partial_recovery,2029,innovation,p50,0.7569482963504568
partial_recovery,2030,innovation,p50,0.7632063087092442
partial_recovery,2031,innovation,p50,0.768641000309255
partial_recovery,2032,innovation,p50,0.7749393892761087
partial_recovery,2033,innovation,p50,0.7790184366620319
partial_recovery,2034,innovation,p50,0.7841608267952875
partial_recovery,2035,innovation,p50,0.7890994282400172
partial_recovery,2011,innovation,p90,0.027158879941306856
partial_recovery,2012,innovation,p90,0.04029825208645451
partial_recovery,2013,innovation,p90,0.062032379301737536
partial_recovery,2014,innovation,p90,0.09749084714383441
partial_recovery,2015,innovation,p90,0.15149131778611744
partial_recovery,2016,innovation,p90,0.22976835522999003
partial_recovery,2017,innovation,p90,0.3334383227522195
partial_recovery,2018,innovation,p90,0.4587151966527546
partial_recovery,2019,innovation,p90,0.5938129206003829
partial_recovery,2020,innovation,p90,0.726739117760981
partial_recovery,2021,innovation,p90,0.7195672441609889
partial_recovery,2022,innovation,p90,0.7538525154161612
partial_recovery,2023,innovation,p90,0.7700734210848349
partial_recovery,2024,innovation,p90,0.7828749398824634
partial_recovery,2025,innovation,p90,0.7933707344186653
partial_recovery,2026,innovation,p90,0.8006785127672167
partial_recovery,2027,innovation,p90,0.8075070429906402
partial_recovery,2028,innovation,p90,0.8134906238912344
partial_recovery,2029,innovation,p90,0.818252194922573
partial_recovery,2030,innovation,p90,0.8220917580487974
partial_recovery,2031,innovation,p90,0.8275669907481505
partial_recovery,2032,innovation,p90,0.8321002385933585
partial_recovery,2033,innovation,p90,0.8365698689787723
partial_recovery,2034,innovation,p90,0.8416291096962618
partial_recovery,2035,innovation,p90,0.8471425579909068
partial_recovery,2011,human_development,p10,0.4519896249349995
partial_recovery,2012,human_development,p10,0.474109019947797
partial_recovery,2013,human_development,p10,0.48586140368317615
partial_recovery,2014,human_development,p10,0.49547258872162964
partial_recovery,2015,human_development,p10,0.5051013213105232
partial_recovery,2016,human_development,p10,0.5123121882121807
partial_recovery,2017,human_development,p10,0.5184545214356296
partial_recovery,2018,human_development,p10,0.5242555628425011
partial_recovery,2019,human_development,p10,0.5298858465386791
partial_recovery,2020,human_development,p10,0.5352376266513019
partial_recovery,2021,human_development,p10,0.5406687825464309
partial_recovery,2022,human_development,p10,0.545967667510826
partial_recovery,2023,human_development,p10,0.5509230326260738
partial_recovery,2024,human_development,p10,0.5556384712855708
partial_recovery,2025,human_development,p10,0.5601315540094997
partial_recovery,2026,human_development,p10,0.5644180024674377
partial_recovery,2027,human_development,p10,0.5685119479619751
partial_recovery,2028,human_development,p10,0.5724261450427728
partial_recovery,2029,human_development,p10,0.5761721494478245
partial_recovery,2030,human_development,p10,0.5797604674195583
partial_recovery,2031,human_development,p10,0.5832006818531397
partial_recovery,2032,human_development,p10,0.5865015595439791
partial_recovery,2033,human_development,p10,0.5896711429008773
partial_recovery,2034,human_development,p10,0.5927168288030796
partial_recovery,2035,human_development,p10,0.5956454367487946
partial_recovery,2011,human_development,p50,0.4681846057218212
partial_recovery,2012,human_development,p50,0.4922976086391589
partial_recovery,2013,human_development,p50,0.5144799864953327
partial_recovery,2014,human_development,p50,0.5336774728224147
partial_recovery,2015,human_development,p50,0.5510053220810982
partial_recovery,2016,human_development,p50,0.5658620885698173
partial_recovery,2017,human_development,p50,0.5780598448699066
partial_recovery,2018,human_development,p50,0.5890939888746163
partial_recovery,2019,human_development,p50,0.5995733816468938
partial_recovery,2020,human_development,p50,0.6098658981482712
partial_recovery,2021,human_development,p50,0.6193157601314663
partial_recovery,2022,human_development,p50,0.6279950558805613
partial_recovery,2023,human_development,p50,0.6359473738890841
partial_recovery,2024,human_development,p50,0.6432083445389432
partial_recovery,2025,human_development,p50,0.6500146769501798
partial_recovery,2026,human_development,p50,0.6564165090419507
partial_recovery,2027,human_development,p50,0.6624472419606815
partial_recovery,2028,human_development,p50,0.6681025377843504
partial_recovery,2029,human_development,p50,0.6733980658604615
partial_recovery,2030,human_development,p50,0.6782951871049483
partial_recovery,2031,human_development,p50,0.6829001748889632
partial_recovery,2032,human_development,p50,0.687261016673133
partial_recovery,2033,human_development,p50,0.6913974564890324
partial_recovery,2034,human_development,p50,0.6953149025287761
partial_recovery,2035,human_development,p50,0.6990821462423433
partial_recovery,2011,human_development,p90,0.4820030570604048
partial_recovery,2012,human_development,p90,0.5135585129576341
partial_recovery,2013,human_development,p90,0.5437494770345738
partial_recovery,2014,human_development,p90,0.5702380376028605
partial_recovery,2015,human_development,p90,0.5913532659884381
partial_recovery,2016,human_development,p90,0.609813153589251
partial_recovery,2017,human_development,p90,0.6265609346966587
partial_recovery,2018,human_development,p90,0.6416009334222755
partial_recovery,2019,human_development,p90,0.6548044735173963
partial_recovery,2020,human_development,p90,0.6667497313591491
partial_recovery,2021,human_development,p90,0.6775307490677788
partial_recovery,2022,human_development,p90,0.6873029047911124
partial_recovery,2023,human_development,p90,0.6962009074015757
partial_recovery,2024,human_development,p90,0.7043626235224987
partial_recovery,2025,human_development,p90,0.7119502767970691
partial_recovery,2026,human_development,p90,0.7189558510061628
partial_recovery,2027,human_development,p90,0.7254528671186086
partial_recovery,2028,human_development,p90,0.731493564077221
partial_recovery,2029,human_development,p90,0.7371232634034283
partial_recovery,2030,human_development,p90,0.7423800059962079
partial_recovery,2031,human_development,p90,0.7471546332773675
partial_recovery,2032,human_development,p90,0.7516303500936421
partial_recovery,2033,human_development,p90,0.7558343020350479
partial_recovery,2034,human_development,p90,0.759853047823762
partial_recovery,2035,human_development,p90,0.7637143329695861
partial_recovery,2011,combined,p10,0.16250938288065925
partial_recovery,2012,combined,p10,0.1898135235310847
partial_recovery,2013,combined,p10,0.22082034377711243
partial_recovery,2014,combined,p10,0.255588829689826
partial_recovery,2015,combined,p10,0.2960088328436265
partial_recovery,2016,combined,p10,0.34099370403539214
partial_recovery,2017,combined,p10,0.38747499150045694
partial_recovery,2018,combined,p10,0.43970578285032713
partial_recovery,2019,combined,p10,0.4900295086628152
partial_recovery,2020,combined,p10,0.4591396854367829
partial_recovery,2021,combined,p10,0.3191115478711776
partial_recovery,2022,combined,p10,0.5235605063352152
partial_recovery,2023,combined,p10,0.5368664851611875
partial_recovery,2024,combined,p10,0.5441707604714391
partial_recovery,2025,combined,p10,0.5558539831787179
partial_recovery,2026,combined,p10,0.5628554958928764
partial_recovery,2027,combined,p10,0.5692247541997696
partial_recovery,2028,combined,p10,0.5751909458083718
partial_recovery,2029,combined,p10,0.5809722258726278
partial_recovery,2030,combined,p10,0.5871305702900614
partial_recovery,2031,combined,p10,0.5942405454684289
partial_recovery,2032,combined,p10,0.5996933224723666
partial_recovery,2033,combined,p10,0.6055954878405923
partial_recovery,2034,combined,p10,0.6104584437651933
partial_recovery,2035,combined,p10,0.6155562184970177
partial_recovery,2011,combined,p50,0.16759027375929691
partial_recovery,2012,combined,p50,0.19579811418852716
partial_recovery,2013,combined,p50,0.22974308323529813
partial_recovery,2014,combined,p50,0.26855707960456676
partial_recovery,2015,combined,p50,0.3143139708012611
partial_recovery,2016,combined,p50,0.3653922029213479
partial_recovery,2017,combined,p50,0.41834858238232453
partial_recovery,2018,combined,p50,0.47435835698155043
partial_recovery,2019,combined,p50,0.5268644957315168
partial_recovery,2020,combined,p50,0.50113458463347
partial_recovery,2021,combined,p50,0.45729732145212776
partial_recovery,2022,combined,p50,0.56739034844811
partial_recovery,2023,combined,p50,0.5779505493051664
partial_recovery,2024,combined,p50,0.5849469414970029
partial_recovery,2025,combined,p50,0.5964717709013968
partial_recovery,2026,combined,p50,0.6033606478267775
partial_recovery,2027,combined,p50,0.6101157506990005
partial_recovery,2028,combined,p50,0.6163221228749874
partial_recovery,2029,combined,p50,0.6224017167812788
partial_recovery,2030,combined,p50,0.6298664202843984
partial_recovery,2031,combined,p50,0.6352112163973676
partial_recovery,2032,combined,p50,0.6402887022978194
partial_recovery,2033,combined,p50,0.6458742707542822
partial_recovery,2034,combined,p50,0.6513598221028999
partial_recovery,2035,combined,p50,0.6565854713871575
partial_recovery,2011,combined,p90,0.17325026861208262
partial_recovery,2012,combined,p90,0.20240328411783343
partial_recovery,2013,combined,p90,0.23950620517010396
partial_recovery,2014,combined,p90,0.2833222389333567
partial_recovery,2015,combined,p90,0.334152170294047
partial_recovery,2016,combined,p90,0.3903021570069399
partial_recovery,2017,combined,p90,0.4513117422497405
partial_recovery,2018,combined,p90,0.5126396337843765
partial_recovery,2019,combined,p90,0.5697858255652536
partial_recovery,2020,combined,p90,0.5457227357223196
partial_recovery,2021,combined,p90,0.5351209225452399
partial_recovery,2022,combined,p90,0.600766279050635
partial_recovery,2023,combined,p90,0.6086443217068996
partial_recovery,2024,combined,p90,0.6150108811738393
partial_recovery,2025,combined,p90,0.626486978423447
partial_recovery,2026,combined,p90,0.6328952823060354
partial_recovery,2027,combined,p90,0.6391111303327345
partial_recovery,2028,combined,p90,0.6459593690802048
partial_recovery,2029,combined,p90,0.6517896685301858
partial_recovery,2030,combined,p90,0.6577402605725059
partial_recovery,2031,combined,p90,0.6639562845348602
partial_recovery,2032,combined,p90,0.6694948343953665
partial_recovery,2033,combined,p90,0.6754508783123766
partial_recovery,2034,combined,p90,0.6806062781541771
partial_recovery,2035,combined,p90,0.6851105310701477
reform_push,2011,K,p10,2238.7813468759027
reform_push,2012,K,p10,2305.9447872821797
reform_push,2013,K,p10,2376.010276826187
reform_push,2014,K,p10,2449.3649389828515
reform_push,2015,K,p10,2526.621462304795
reform_push,2016,K,p10,2608.837316591745
reform_push,2017,K,p10,2697.7695372952944
reform_push,2018,K,p10,2795.064822470252
reform_push,2019,K,p10,2903.9508677257186
reform_push,2020,K,p10,3032.709000054358
reform_push,2021,K,p10,3122.481553309674
reform_push,2022,K,p10,3225.541047614475
reform_push,2023,K,p10,3340.483121055663
reform_push,2024,K,p10,3466.376523074889
reform_push,2025,K,p10,3601.301485552651
reform_push,2026,K,p10,3745.988621904578
reform_push,2027,K,p10,3887.0431708375695
reform_push,2028,K,p10,4040.2141651827524
reform_push,2029,K,p10,4203.669879496688
reform_push,2030,K,p10,4375.8639614548265
reform_push,2031,K,p10,4557.639455271652
reform_push,2032,K,p10,4745.462461280536
reform_push,2033,K,p10,4941.1709435448565
reform_push,2034,K,p10,5141.373800171376
reform_push,2035,K,p10,5336.3049751915305
reform_push,2011,K,p50,2238.7813468759027
reform_push,2012,K,p50,2395.496041157216
reform_push,2013,K,p50,2556.9888835004795
reform_push,2014,K,p50,2723.566303582281
reform_push,2015,K,p50,2895.7705377102325
reform_push,2016,K,p50,3074.513876526408
reform_push,2017,K,p50,3261.6993014815107
reform_push,2018,K,p50,3459.181840111396
reform_push,2019,K,p50,3667.2848858183597
reform_push,2020,K,p50,3899.2496932132626
reform_push,2021,K,p50,4081.2903321994672
reform_push,2022,K,p50,4282.838235322968
reform_push,2023,K,p50,4502.22558861789
reform_push,2024,K,p50,4733.58076739567
reform_push,2025,K,p50,4968.474947719174
reform_push,2026,K,p50,5203.720441743843
reform_push,2027,K,p50,5452.265781267497
reform_push,2028,K,p50,5714.015248670311
reform_push,2029,K,p50,5975.342058188746
reform_push,2030,K,p50,6253.946945917485
reform_push,2031,K,p50,6544.806587231388
reform_push,2032,K,p50,6837.7977218826745
reform_push,2033,K,p50,7124.230078476008
reform_push,2034,K,p50,7437.951621965677
reform_push,2035,K,p50,7756.922582918292
reform_push,2011,K,p90,2238.7813468759027
reform_push,2012,K,p90,2574.598548907288
reform_push,2013,K,p90,2923.172995086493
reform_push,2014,K,p90,3283.6407489216385
reform_push,2015,K,p90,3655.282698958877
reform_push,2016,K,p90,4037.500683758488
reform_push,2017,K,p90,4429.798894049198
reform_push,2018,K,p90,4831.769121689981
reform_push,2019,K,p90,5243.078877467301
reform_push,2020,K,p90,5674.797503221935
reform_push,2021,K,p90,6033.807185082128
reform_push,2022,K,p90,6415.747671256029
reform_push,2023,K,p90,6810.444220043439
reform_push,2024,K,p90,7229.691873700577
reform_push,2025,K,p90,7651.868354490451
reform_push,2026,K,p90,8072.453723186983
reform_push,2027,K,p90,8495.236186891283
reform_push,2028,K,p90,8912.106594287554
reform_push,2029,K,p90,9333.651369843381
reform_push,2030,K,p90,9763.986689220319
reform_push,2031,K,p90,10177.334329146925
reform_push,2032,K,p90,10614.52763821118
reform_push,2033,K,p90,11067.429017301154
reform_push,2034,K,p90,11521.306868346335
reform_push,2035,K,p90,11952.848373866776
reform_push,2011,H,p10,1.0
reform_push,2012,H,p10,1.0017109925859786
reform_push,2013,H,p10,1.0033877653202374
reform_push,2014,H,p10,1.0050310025998113
reform_push,2015,H,p10,1.0066413751337935
reform_push,2016,H,p10,1.0082195402170961
reform_push,2017,H,p10,1.009766141998733
reform_push,2018,H,p10,1.0112818117447369
reform_push,2019,H,p10,1.0127671680958208
reform_push,2020,H,p10,1.0142228173198828
reform_push,2021,H,p10,1.0156493535594637
reform_push,2022,H,p10,1.017047359074253
reform_push,2023,H,p10,1.0184174044787466
reform_push,2024,H,p10,1.0197600489751502
reform_push,2025,H,p10,1.0210758405816256
reform_push,2026,H,p10,1.027244750592491
reform_push,2027,H,p10,1.0332902824031394
reform_push,2028,H,p10,1.0392149035775746
reform_push,2029,H,p10,1.0450210323285212
reform_push,2030,H,p10,1.0507110385044487
reform_push,2031,H,p10,1.0562872445568576
reform_push,2032,H,p10,1.0617519264882185
reform_push,2033,H,p10,1.0671073147809522
reform_push,2034,H,p10,1.0723555953078312
reform_push,2035,H,p10,1.0774989102241728
reform_push,2011,H,p50,1.0
reform_push,2012,H,p50,1.0049236581497991
reform_push,2013,H,p50,1.0097488431366022
reform_push,2014,H,p50,1.0144775244236692
reform_push,2015,H,p50,1.0191116320849951
reform_push,2016,H,p50,1.0236530575930944
reform_push,2017,H,p50,1.0281036545910316
reform_push,2018,H,p50,1.0324652396490102
reform_push,2019,H,p50,1.036739593005829
reform_push,2020,H,p50,1.0409284592955115
reform_push,2021,H,p50,1.0450335482594004
reform_push,2022,H,p50,1.0490565354440116
reform_push,2023,H,p50,1.0529990628849304
reform_push,2024,H,p50,1.056862739777031
reform_push,2025,H,p50,1.0606491431312894
reform_push,2026,H,p50,1.069961282763947
reform_push,2027,H,p50,1.0790871796039518
reform_push,2028,H,p50,1.0880305585071564
reform_push,2029,H,p50,1.0967950698322968
reform_push,2030,H,p50,1.1053842909309344
reform_push,2031,H,p50,1.1138017276075995
reform_push,2032,H,p50,1.1220508155507312
reform_push,2033,H,p50,1.130134921735
reform_push,2034,H,p50,1.1380573457955836
reform_push,2035,H,p50,1.1458213213749557
reform_push,2011,H,p90,1.0
reform_push,2012,H,p90,1.0076902240913344
reform_push,2013,H,p90,1.0152266437008421
reform_push,2014,H,p90,1.0226123349181597
reform_push,2015,H,p90,1.0298503123111309
reform_push,2016,H,p90,1.0369435301562426
reform_push,2017,H,p90,1.0438948836444524
reform_push,2018,H,p90,1.0507072100628978
reform_push,2019,H,p90,1.0573832899529743
reform_push,2020,H,p90,1.0639258482452492
reform_push,2021,H,p90,1.0703375553716785
reform_push,2022,H,p90,1.0766210283555793
reform_push,2023,H,p90,1.0827788318798022
reform_push,2024,H,p90,1.0888134793335407
reform_push,2025,H,p90,1.0947274338382043
reform_push,2026,H,p90,1.106746345104986
reform_push,2027,H,p90,1.1185248781464319
reform_push,2028,H,p90,1.1300678405270488
reform_push,2029,H,p90,1.1413799436600536
reform_push,2030,H,p90,1.1524658047303984
reform_push,2031,H,p90,1.163329948579336
reform_push,2032,H,p90,1.1739768095512952
reform_push,2033,H,p90,1.184410733303815
reform_push,2034,H,p90,1.1946359785812843
reform_push,2035,H,p90,1.2046567189532043
reform_push,2011,I,p10,0.98
reform_push,2012,I,p10,1.4231383975464003
reform_push,2013,I,p10,2.0984272359031406
reform_push,2014,I,p10,3.1350454003080883
reform_push,2015,I,p10,4.743051535239091
reform_push,2016,I,p10,7.253784040672879
reform_push,2017,I,p10,11.21328536587798
reform_push,2018,I,p10,17.319173656695035
reform_push,2019,I,p10,26.628310836090012
reform_push,2020,I,p10,40.17428744169152
reform_push,2021,I,p10,54.68154956501295
reform_push,2022,I,p10,70.47885348417316
reform_push,2023,I,p10,84.01719965179826
reform_push,2024,I,p10,92.48799090484687
reform_push,2025,I,p10,96.16251904497308
reform_push,2026,I,p10,98.74129272463901
reform_push,2027,I,p10,98.35543704811127
reform_push,2028,I,p10,98.55467807090368
reform_push,2029,I,p10,98.5527335312683
reform_push,2030,I,p10,98.62437552528638
reform_push,2031,I,p10,98.65380590028376
reform_push,2032,I,p10,98.71032299189743
reform_push,2033,I,p10,98.6844886983639
reform_push,2034,I,p10,98.79372647521893
reform_push,2035,I,p10,98.65202070956806
reform_push,2011,I,p50,0.98
reform_push,2012,I,p50,1.4850689008060465
reform_push,2013,I,p50,2.2964870813197145
reform_push,2014,I,p50,3.5803090865873477
reform_push,2015,I,p50,5.629059641501058
reform_push,2016,I,p50,8.973354948133341
reform_push,2017,I,p50,14.388778776315768
reform_push,2018,I,p50,22.985782215135927
reform_push,2019,I,p50,36.152146622035005
reform_push,2020,I,p50,54.476707265110065
reform_push,2021,I,p50,72.15737765247553
reform_push,2022,I,p50,87.32748386668624
reform_push,2023,I,p50,95.02339537738246
reform_push,2024,I,p50,97.33636980792917
reform_push,2025,I,p50,97.81776596397674
reform_push,2026,I,p50,98.99145973886773
reform_push,2027,I,p50,98.53446789056825
reform_push,2028,I,p50,98.84231942014532
reform_push,2029,I,p50,98.71960404449231
reform_push,2030,I,p50,98.88961844051545
reform_push,2031,I,p50,98.81802282172315
reform_push,2032,I,p50,98.94324375813883
reform_push,2033,I,p50,98.88003619484687
reform_push,2034,I,p50,99.01214592952397
reform_push,2035,I,p50,98.92404630052005
reform_push,2011,I,p90,0.98
reform_push,2012,I,p90,1.551115210051683
reform_push,2013,I,p90,2.4940354645678555
reform_push,2014,I,p90,4.075741400298968
reform_push,2015,I,p90,6.711329773113122
reform_push,2016,I,p90,11.143003018504693
reform_push,2017,I,p90,18.642109408812285
reform_push,2018,I,p90,30.752865166138154
reform_push,2019,I,p90,48.94585596369471
reform_push,2020,I,p90,71.87169948734667
reform_push,2021,I,p90,88.541767504598
reform_push,2022,I,p90,96.65462476321005
reform_push,2023,I,p90,98.00065755750319
reform_push,2024,I,p90,98.12598186333769
reform_push,2025,I,p90,98.1904648943963
reform_push,2026,I,p90,99.26269012679109
reform_push,2027,I,p90,98.57591759412522
reform_push,2028,I,p90,99.17652589668843
reform_push,2029,I,p90,98.77009342526537
reform_push,2030,I,p90,99.20905262479015
reform_push,2031,I,p90,98.89402968800144
reform_push,2032,I,p90,99.32260492348634
reform_push,2033,I,p90,98.98037561972875
reform_push,2034,I,p90,99.53377425497669
reform_push,2035,I,p90,99.05835400073231
reform_push,2011,S,p10,1.0
reform_push,2012,S,p10,1.0
reform_push,2013,S,p10,1.0
reform_push,2014,S,p10,1.0
reform_push,2015,S,p10,1.0
reform_push,2016,S,p10,1.0
reform_push,2017,S,p10,1.0
reform_push,2018,S,p10,1.0
reform_push,2019,S,p10,1.0
reform_push,2020,S,p10,1.0
reform_push,2021,S,p10,1.0
reform_push,2022,S,p10,1.0
reform_push,2023,S,p10,1.0
reform_push,2024,S,p10,1.0
reform_push,2025,S,p10,1.0
reform_push,2026,S,p10,1.0
reform_push,2027,S,p10,1.0
reform_push,2028,S,p10,1.0
reform_push,2029,S,p10,1.0
reform_push,2030,S,p10,1.0
reform_push,2031,S,p10,1.0
reform_push,2032,S,p10,1.0
reform_push,2033,S,p10,1.0
reform_push,2034,S,p10,1.0
reform_push,2035,S,p10,1.0
reform_push,2011,S,p50,1.0
reform_push,2012,S,p50,1.0
reform_push,2013,S,p50,1.0
reform_push,2014,S,p50,1.0
reform_push,2015,S,p50,1.0
reform_push,2016,S,p50,1.0
reform_push,2017,S,p50,1.0
reform_push,2018,S,p50,1.0
reform_push,2019,S,p50,1.0
reform_push,2020,S,p50,1.0
reform_push,2021,S,p50,1.0
reform_push,2022,S,p50,1.0
reform_push,2023,S,p50,1.0
reform_push,2024,S,p50,1.0
reform_push,2025,S,p50,1.0
reform_push,2026,S,p50,1.0
reform_push,2027,S,p50,1.0
reform_push,2028,S,p50,1.0
reform_push,2029,S,p50,1.0
reform_push,2030,S,p50,1.0
reform_push,2031,S,p50,1.0
reform_push,2032,S,p50,1.0
reform_push,2033,S,p50,1.0
reform_push,2034,S,p50,1.0
reform_push,2035,S,p50,1.0
reform_push,2011,S,p90,1.0
reform_push,2012,S,p90,1.0
reform_push,2013,S,p90,1.0
reform_push,2014,S,p90,1.0
reform_push,2015,S,p90,1.0
reform_push,2016,S,p90,1.0
reform_push,2017,S,p90,1.0
reform_push,2018,S,p90,1.0
reform_push,2019,S,p90,1.0
reform_push,2020,S,p90,1.0
reform_push,2021,S,p90,1.0
reform_push,2022,S,p90,1.0
reform_push,2023,S,p90,1.0
reform_push,2024,S,p90,1.0
reform_push,2025,S,p90,1.0
reform_push,2026,S,p90,1.0
reform_push,2027,S,p90,1.0
reform_push,2028,S,p90,1.0
reform_push,2029,S,p90,1.0
reform_push,2030,S,p90,1.0
reform_push,2031,S,p90,1.0
reform_push,2032,S,p90,1.0
reform_push,2033,S,p90,1.0
reform_push,2034,S,p90,1.0
reform_push,2035,S,p90,1.0
reform_push,2011,Y,p10,895.512538750361
reform_push,2012,Y,p10,926.81364454058
reform_push,2013,Y,p10,960.7758799898693
reform_push,2014,Y,p10,997.4251255983393
reform_push,2015,Y,p10,1039.803405246835
reform_push,2016,Y,p10,1090.3611549832635
reform_push,2017,Y,p10,1153.2453241444703
reform_push,2018,Y,p10,1235.6696057582535
reform_push,2019,Y,p10,1319.662790806932
reform_push,2020,Y,p10,1180.3459472253476
reform_push,2021,Y,p10,1257.8780434841535
reform_push,2022,Y,p10,1326.7447680265868
reform_push,2023,Y,p10,1388.824313825025
reform_push,2024,Y,p10,1451.1863466498055
reform_push,2025,Y,p10,1506.9417754686308
reform_push,2026,Y,p10,1568.8102313523939
reform_push,2027,Y,p10,1632.0962839189392
reform_push,2028,Y,p10,1688.8876520470071
reform_push,2029,Y,p10,1739.3910457613003
reform_push,2030,Y,p10,1788.498995474248
reform_push,2031,Y,p10,1830.7742870266766
reform_push,2032,Y,p10,1880.4341656851318
reform_push,2033,Y,p10,1918.8947775615811
reform_push,2034,Y,p10,1949.8319478347426
reform_push,2035,Y,p10,1989.8994552045494
reform_push,2011,Y,p50,895.512538750361
reform_push,2012,Y,p50,940.9894076258486
reform_push,2013,Y,p50,985.9799687805336
reform_push,2014,Y,p50,1032.694676998416
reform_push,2015,Y,p50,1083.462073092795
reform_push,2016,Y,p50,1139.6423756203892
reform_push,2017,Y,p50,1207.0177839969124
reform_push,2018,Y,p50,1286.1526868154033
reform_push,2019,Y,p50,1378.279523407361
reform_push,2020,Y,p50,1249.8552306008655
reform_push,2021,Y,p50,1330.917733109098
reform_push,2022,Y,p50,1412.326744484974
reform_push,2023,Y,p50,1489.415345115551
reform_push,2024,Y,p50,1556.8241652438714
reform_push,2025,Y,p50,1617.107617353628
reform_push,2026,Y,p50,1688.3275163883848
reform_push,2027,Y,p50,1740.450755820492
reform_push,2028,Y,p50,1806.7665743890393
reform_push,2029,Y,p50,1863.7657692587582
reform_push,2030,Y,p50,1930.4514786613604
reform_push,2031,Y,p50,2002.766032475513
reform_push,2032,Y,p50,2081.140069888101
reform_push,2033,Y,p50,2153.4777719178046
reform_push,2034,Y,p50,2227.269649895822
reform_push,2035,Y,p50,2313.730069103138
reform_push,2011,Y,p90,895.5125387503613
reform_push,2012,Y,p90,954.6087472491387
reform_push,2013,Y,p90,1013.2528071789402
reform_push,2014,Y,p90,1071.6479749666403
reform_push,2015,Y,p90,1130.7286638221697
reform_push,2016,Y,p90,1195.0837140620592
reform_push,2017,Y,p90,1257.218625353594
reform_push,2018,Y,p90,1329.9433081669638
reform_push,2019,Y,p90,1429.620329470493
reform_push,2020,Y,p90,1315.0717790164233
reform_push,2021,Y,p90,1428.2023173247528
reform_push,2022,Y,p90,1533.1631671546893
reform_push,2023,Y,p90,1598.9836358913533
reform_push,2024,Y,p90,1655.487318713295
reform_push,2025,Y,p90,1710.110228317531
reform_push,2026,Y,p90,1779.5642129911212
reform_push,2027,Y,p90,1858.4002136957624
reform_push,2028,Y,p90,1947.3157345652112
reform_push,2029,Y,p90,2034.5642359865835
reform_push,2030,Y,p90,2140.8302853939026
reform_push,2031,Y,p90,2245.6098212228285
reform_push,2032,Y,p90,2368.6423850645465
reform_push,2033,Y,p90,2498.7408131505554
reform_push,2034,Y,p90,2637.276064559274
reform_push,2035,Y,p90,2781.843876433584
reform_push,2011,NY.GDP.PCAP.KD,p10,895.512538750361
reform_push,2012,NY.GDP.PCAP.KD,p10,926.81364454058
reform_push,2013,NY.GDP.PCAP.KD,p10,960.7758799898693
reform_push,2014,NY.GDP.PCAP.KD,p10,997.4251255983393
reform_push,2015,NY.GDP.PCAP.KD,p10,1039.803405246835
reform_push,2016,NY.GDP.PCAP.KD,p10,1090.3611549832635
reform_push,2017,NY.GDP.PCAP.KD,p10,1153.2453241444703
reform_push,2018,NY.GDP.PCAP.KD,p10,1235.6696057582535
reform_push,2019,NY.GDP.PCAP.KD,p10,1319.662790806932
reform_push,2020,NY.GDP.PCAP.KD,p10,1180.3459472253476
reform_push,2021,NY.GDP.PCAP.KD,p10,1257.8780434841535
reform_push,2022,NY.GDP.PCAP.KD,p10,1326.7447680265868
reform_push,2023,NY.GDP.PCAP.KD,p10,1388.824313825025
reform_push,2024,NY.GDP.PCAP.KD,p10,1451.1863466498055
reform_push,2025,NY.GDP.PCAP.KD,p10,1506.9417754686308
reform_push,2026,NY.GDP.PCAP.KD,p10,1568.8102313523939
reform_push,2027,NY.GDP.PCAP.KD,p10,1632.0962839189392
reform_push,2028,NY.GDP.PCAP.KD,p10,1688.8876520470071
reform_push,2029,NY.GDP.PCAP.KD,p10,1739.3910457613003
reform_push,2030,NY.GDP.PCAP.KD,p10,1788.498995474248
reform_push,2031,NY.GDP.PCAP.KD,p10,1830.7742870266766
reform_push,2032,NY.GDP.PCAP.KD,p10,1880.4341656851318
reform_push,2033,NY.GDP.PCAP.KD,p10,1918.8947775615811
reform_push,2034,NY.GDP.PCAP.KD,p10,1949.8319478347426
reform_push,2035,NY.GDP.PCAP.KD,p10,1989.8994552045494
reform_push,2011,NY.GDP.PCAP.KD,p50,895.512538750361
reform_push,2012,NY.GDP.PCAP.KD,p50,940.9894076258486
reform_push,2013,NY.GDP.PCAP.KD,p50,985.9799687805336
reform_push,2014,NY.GDP.PCAP.KD,p50,1032.694676998416
reform_push,2015,NY.GDP.PCAP.KD,p50,1083.462073092795
reform_push,2016,NY.GDP.PCAP.KD,p50,1139.6423756203892
reform_push,2017,NY.GDP.PCAP.KD,p50,1207.0177839969124
reform_push,2018,NY.GDP.PCAP.KD,p50,1286.1526868154033
reform_push,2019,NY.GDP.PCAP.KD,p50,1378.279523407361
reform_push,2020,NY.GDP.PCAP.KD,p50,1249.8552306008655
reform_push,2021,NY.GDP.PCAP.KD,p50,1330.917733109098
reform_push,2022,NY.GDP.PCAP.KD,p50,1412.326744484974
reform_push,2023,NY.GDP.PCAP.KD,p50,1489.415345115551
reform_push,2024,NY.GDP.PCAP.KD,p50,1556.8241652438714
reform_push,2025,NY.GDP.PCAP.KD,p50,1617.107617353628
reform_push,2026,NY.GDP.PCAP.KD,p50,1688.3275163883848
reform_push,2027,NY.GDP.PCAP.KD,p50,1740.450755820492
reform_push,2028,NY.GDP.PCAP.KD,p50,1806.7665743890393
reform_push,2029,NY.GDP.PCAP.KD,p50,1863.7657692587582
reform_push,2030,NY.GDP.PCAP.KD,p50,1930.4514786613604
reform_push,2031,NY.GDP.PCAP.KD,p50,2002.766032475513
reform_push,2032,NY.GDP.PCAP.KD,p50,2081.140069888101
reform_push,2033,NY.GDP.PCAP.KD,p50,2153.4777719178046
reform_push,2034,NY.GDP.PCAP.KD,p50,2227.269649895822
reform_push,2035,NY.GDP.PCAP.KD,p50,2313.730069103138
reform_push,2011,NY.GDP.PCAP.KD,p90,895.5125387503613
reform_push,2012,NY.GDP.PCAP.KD,p90,954.6087472491387
reform_push,2013,NY.GDP.PCAP.KD,p90,1013.2528071789402
reform_push,2014,NY.GDP.PCAP.KD,p90,1071.6479749666403
reform_push,2015,NY.GDP.PCAP.KD,p90,1130.7286638221697
reform_push,2016,NY.GDP.PCAP.KD,p90,1195.0837140620592
reform_push,2017,NY.GDP.PCAP.KD,p90,1257.218625353594
reform_push,2018,NY.GDP.PCAP.KD,p90,1329.9433081669638
reform_push,2019,NY.GDP.PCAP.KD,p90,1429.620329470493
reform_push,2020,NY.GDP.PCAP.KD,p90,1315.0717790164233
reform_push,2021,NY.GDP.PCAP.KD,p90,1428.2023173247528
reform_push,2022,NY.GDP.PCAP.KD,p90,1533.1631671546893
reform_push,2023,NY.GDP.PCAP.KD,p90,1598.9836358913533
reform_push,2024,NY.GDP.PCAP.KD,p90,1655.487318713295
reform_push,2025,NY.GDP.PCAP.KD,p90,1710.110228317531
reform_push,2026,NY.GDP.PCAP.KD,p90,1779.5642129911212
reform_push,2027,NY.GDP.PCAP.KD,p90,1858.4002136957624
reform_push,2028,NY.GDP.PCAP.KD,p90,1947.3157345652112
reform_push,2029,NY.GDP.PCAP.KD,p90,2034.5642359865835
reform_push,2030,NY.GDP.PCAP.KD,p90,2140.8302853939026
reform_push,2031,NY.GDP.PCAP.KD,p90,2245.6098212228285
reform_push,2032,NY.GDP.PCAP.KD,p90,2368.6423850645465
reform_push,2033,NY.GDP.PCAP.KD,p90,2498.7408131505554
reform_push,2034,NY.GDP.PCAP.KD,p90,2637.276064559274
reform_push,2035,NY.GDP.PCAP.KD,p90,2781.843876433584
reform_push,2011,NY.GDP.MKTP.KD.ZG,p10,5.59148237823661
reform_push,2012,NY.GDP.MKTP.KD.ZG,p10,3.6730231829731945
reform_push,2013,NY.GDP.MKTP.KD.ZG,p10,3.844786510872214
reform_push,2014,NY.GDP.MKTP.KD.ZG,p10,4.041830439863234
reform_push,2015,NY.GDP.MKTP.KD.ZG,p10,4.4142067418394575
reform_push,2016,NY.GDP.MKTP.KD.ZG,p10,4.8788233528121845
reform_push,2017,NY.GDP.MKTP.KD.ZG,p10,5.333851919734867
reform_push,2018,NY.GDP.MKTP.KD.ZG,p10,5.417135040736397
reform_push,2019,NY.GDP.MKTP.KD.ZG,p10,5.3312619805607415
reform_push,2020,NY.GDP.MKTP.KD.ZG,p10,-11.279089285966046
reform_push,2021,NY.GDP.MKTP.KD.ZG,p10,4.611748906469896
reform_push,2022,NY.GDP.MKTP.KD.ZG,p10,4.539385232899663
reform_push,2023,NY.GDP.MKTP.KD.ZG,p10,3.855802651202077
reform_push,2024,NY.GDP.MKTP.KD.ZG,p10,3.2073943128603
reform_push,2025,NY.GDP.MKTP.KD.ZG,p10,2.9829279997136893
reform_push,2026,NY.GDP.MKTP.KD.ZG,p10,3.078029065842019
reform_push,2027,NY.GDP.MKTP.KD.ZG,p10,2.1010340149908804
reform_push,2028,NY.GDP.MKTP.KD.ZG,p10,2.3321107417496894
reform_push,2029,NY.GDP.MKTP.KD.ZG,p10,2.0375967521658693
reform_push,2030,NY.GDP.MKTP.KD.ZG,p10,2.0658217430021644
reform_push,2031,NY.GDP.MKTP.KD.ZG,p10,1.8718664590282832
reform_push,2032,NY.GDP.MKTP.KD.ZG,p10,1.8582058139497595
reform_push,2033,NY.GDP.MKTP.KD.ZG,p10,1.7079698926946132
reform_push,2034,NY.GDP.MKTP.KD.ZG,p10,1.6918092523055135
reform_push,2035,NY.GDP.MKTP.KD.ZG,p10,1.564876757433359
reform_push,2011,NY.GDP.MKTP.KD.ZG,p50,5.59148237823661
reform_push,2012,NY.GDP.MKTP.KD.ZG,p50,5.21099091123431
reform_push,2013,NY.GDP.MKTP.KD.ZG,p50,4.992808098912954
reform_push,2014,NY.GDP.MKTP.KD.ZG,p50,5.010865040014583
reform_push,2015,NY.GDP.MKTP.KD.ZG,p50,5.170135650455533
reform_push,2016,NY.GDP.MKTP.KD.ZG,p50,5.469663204726645
reform_push,2017,NY.GDP.MKTP.KD.ZG,p50,5.857975962456106
reform_push,2018,NY.GDP.MKTP.KD.ZG,p50,6.487558414388419
reform_push,2019,NY.GDP.MKTP.KD.ZG,p50,7.589754766173982
reform_push,2020,NY.GDP.MKTP.KD.ZG,p50,-9.0269213030003
reform_push,2021,NY.GDP.MKTP.KD.ZG,p50,7.5576641498223545
reform_push,2022,NY.GDP.MKTP.KD.ZG,p50,6.132903649359061
reform_push,2023,NY.GDP.MKTP.KD.ZG,p50,5.215068300064044
reform_push,2024,NY.GDP.MKTP.KD.ZG,p50,4.470529773210764
reform_push,2025,NY.GDP.MKTP.KD.ZG,p50,4.119702248721451
reform_push,2026,NY.GDP.MKTP.KD.ZG,p50,4.349709523704933
reform_push,2027,NY.GDP.MKTP.KD.ZG,p50,4.048709090168051
reform_push,2028,NY.GDP.MKTP.KD.ZG,p50,4.141577742710588
reform_push,2029,NY.GDP.MKTP.KD.ZG,p50,4.014477217697619
reform_push,2030,NY.GDP.MKTP.KD.ZG,p50,4.041701374568699
reform_push,2031,NY.GDP.MKTP.KD.ZG,p50,3.9584015565729533
reform_push,2032,NY.GDP.MKTP.KD.ZG,p50,3.97973431365359
reform_push,2033,NY.GDP.MKTP.KD.ZG,p50,3.8940332501781683
reform_push,2034,NY.GDP.MKTP.KD.ZG,p50,3.9581029125522638
reform_push,2035,NY.GDP.MKTP.KD.ZG,p50,3.82578531208547
reform_push,2011,NY.GDP.MKTP.KD.ZG,p90,5.59148237823661
reform_push,2012,NY.GDP.MKTP.KD.ZG,p90,7.083401894062369
reform_push,2013,NY.GDP.MKTP.KD.ZG,p90,6.628089350926328
reform_push,2014,NY.GDP.MKTP.KD.ZG,p90,6.305375358899344
reform_push,2015,NY.GDP.MKTP.KD.ZG,p90,6.1495512780076504
reform_push,2016,NY.GDP.MKTP.KD.ZG,p90,5.969851457675694
reform_push,2017,NY.GDP.MKTP.KD.ZG,p90,6.594772699505145
reform_push,2018,NY.GDP.MKTP.KD.ZG,p90,8.257357686437013
reform_push,2019,NY.GDP.MKTP.KD.ZG,p90,10.622311777639252
reform_push,2020,NY.GDP.MKTP.KD.ZG,p90,-6.8181883345921
reform_push,2021,NY.GDP.MKTP.KD.ZG,p90,9.984674707811909
reform_push,2022,NY.GDP.MKTP.KD.ZG,p90,8.764357725600888
reform_push,2023,NY.GDP.MKTP.KD.ZG,p90,7.206045268020413
reform_push,2024,NY.GDP.MKTP.KD.ZG,p90,5.762429589250925
reform_push,2025,NY.GDP.MKTP.KD.ZG,p90,5.480665639857387
reform_push,2026,NY.GDP.MKTP.KD.ZG,p90,5.672171503966874
reform_push,2027,NY.GDP.MKTP.KD.ZG,p90,5.683866676883834
reform_push,2028,NY.GDP.MKTP.KD.ZG,p90,5.694030479028128
reform_push,2029,NY.GDP.MKTP.KD.ZG,p90,5.70319967348384
reform_push,2030,NY.GDP.MKTP.KD.ZG,p90,5.7114314798619406
reform_push,2031,NY.GDP.MKTP.KD.ZG,p90,5.718781792013331
reform_push,2032,NY.GDP.MKTP.KD.ZG,p90,5.722313742366787
reform_push,2033,NY.GDP.MKTP.KD.ZG,p90,5.722736522513115
reform_push,2034,NY.GDP.MKTP.KD.ZG,p90,5.734476930260327
reform_push,2035,NY.GDP.MKTP.KD.ZG,p90,5.74418169315154
reform_push,2011,BX.KLT.DINV.WD.GD.ZS,p10,3.3302980578800403
reform_push,2012,BX.KLT.DINV.WD.GD.ZS,p10,3.3302980578800403
reform_push,2013,BX.KLT.DINV.WD.GD.ZS,p10,3.3302980578800403
reform_push,2014,BX.KLT.DINV.WD.GD.ZS,p10,3.3302980578800403
reform_push,2015,BX.KLT.DINV.WD.GD.ZS,p10,3.3302980578800403
reform_push,2016,BX.KLT.DINV.WD.GD.ZS,p10,3.3302980578800403
reform_push,2017,BX.KLT.DINV.WD.GD.ZS,p10,3.3302980578800403
reform_push,2018,BX.KLT.DINV.WD.GD.ZS,p10,3.3302980578800403
reform_push,2019,BX.KLT.DINV.WD.GD.ZS,p10,3.3302980578800403
reform_push,2020,BX.KLT.DINV.WD.GD.ZS,p10,3.3302980578800403
reform_push,2021,BX.KLT.DINV.WD.GD.ZS,p10,3.3302980578800403
reform_push,2022,BX.KLT.DINV.WD.GD.ZS,p10,3.3302980578800403
reform_push,2023,BX.KLT.DINV.WD.GD.ZS,p10,3.3302980578800403
reform_push,2024,BX.KLT.DINV.WD.GD.ZS,p10,3.3302980578800403
reform_push,2025,BX.KLT.DINV.WD.GD.ZS,p10,3.3302980578800403
reform_push,2026,BX.KLT.DINV.WD.GD.ZS,p10,3.3302980578800403
reform_push,2027,BX.KLT.DINV.WD.GD.ZS,p10,3.3302980578800403
reform_push,2028,BX.KLT.DINV.WD.GD.ZS,p10,3.3302980578800403
reform_push,2029,BX.KLT.DINV.WD.GD.ZS,p10,3.3302980578800403
reform_push,2030,BX.KLT.DINV.WD.GD.ZS,p10,3.3302980578800403
reform_push,2031,BX.KLT.DINV.WD.GD.ZS,p10,3.3302980578800403
reform_push,2032,BX.KLT.DINV.WD.GD.ZS,p10,3.3302980578800403
reform_push,2033,BX.KLT.DINV.WD.GD.ZS,p10,3.3302980578800403
reform_push,2034,BX.KLT.DINV.WD.GD.ZS,p10,3.3302980578800403
reform_push,2035,BX.KLT.DINV.WD.GD.ZS,p10,3.3302980578800403
reform_push,2011,BX.KLT.DINV.WD.GD.ZS,p50,3.7886515938381757
reform_push,2012,BX.KLT.DINV.WD.GD.ZS,p50,3.7886515938381757
reform_push,2013,BX.KLT.DINV.WD.GD.ZS,p50,3.7886515938381757
reform_push,2014,BX.KLT.DINV.WD.GD.ZS,p50,3.7886515938381757
reform_push,2015,BX.KLT.DINV.WD.GD.ZS,p50,3.7886515938381757
reform_push,2016,BX.KLT.DINV.WD.GD.ZS,p50,3.7886515938381757
reform_push,2017,BX.KLT.DINV.WD.GD.ZS,p50,3.7886515938381757
reform_push,2018,BX.KLT.DINV.WD.GD.ZS,p50,3.7886515938381757
reform_push,2019,BX.KLT.DINV.WD.GD.ZS,p50,3.7886515938381757
reform_push,2020,BX.KLT.DINV.WD.GD.ZS,p50,3.7886515938381757
reform_push,2021,BX.KLT.DINV.WD.GD.ZS,p50,3.7886515938381757
reform_push,2022,BX.KLT.DINV.WD.GD.ZS,p50,3.7886515938381757
reform_push,2023,BX.KLT.DINV.WD.GD.ZS,p50,3.7886515938381757
reform_push,2024,BX.KLT.DINV.WD.GD.ZS,p50,3.7886515938381757
reform_push,2025,BX.KLT.DINV.WD.GD.ZS,p50,3.7886515938381757
reform_push,2026,BX.KLT.DINV.WD.GD.ZS,p50,3.7886515938381757
reform_push,2027,BX.KLT.DINV.WD.GD.ZS,p50,3.7886515938381757
reform_push,2028,BX.KLT.DINV.WD.GD.ZS,p50,3.7886515938381757
reform_push,2029,BX.KLT.DINV.WD.GD.ZS,p50,3.7886515938381757
reform_push,2030,BX.KLT.DINV.WD.GD.ZS,p50,3.7886515938381757
reform_push,2031,BX.KLT.DINV.WD.GD.ZS,p50,3.7886515938381757
reform_push,2032,BX.KLT.DINV.WD.GD.ZS,p50,3.7886515938381757
reform_push,2033,BX.KLT.DINV.WD.GD.ZS,p50,3.7886515938381757
reform_push,2034,BX.KLT.DINV.WD.GD.ZS,p50,3.7886515938381757
reform_push,2035,BX.KLT.DINV.WD.GD.ZS,p50,3.7886515938381757
reform_push,2011,BX.KLT.DINV.WD.GD.ZS,p90,4.266336819537714
reform_push,2012,BX.KLT.DINV.WD.GD.ZS,p90,4.266336819537714
reform_push,2013,BX.KLT.DINV.WD.GD.ZS,p90,4.266336819537714
reform_push,2014,BX.KLT.DINV.WD.GD.ZS,p90,4.266336819537714
reform_push,2015,BX.KLT.DINV.WD.GD.ZS,p90,4.266336819537714
reform_push,2016,BX.KLT.DINV.WD.GD.ZS,p90,4.266336819537714
reform_push,2017,BX.KLT.DINV.WD.GD.ZS,p90,4.266336819537714
reform_push,2018,BX.KLT.DINV.WD.GD.ZS,p90,4.266336819537714
reform_push,2019,BX.KLT.DINV.WD.GD.ZS,p90,4.266336819537714
reform_push,2020,BX.KLT.DINV.WD.GD.ZS,p90,4.266336819537714
reform_push,2021,BX.KLT.DINV.WD.GD.ZS,p90,4.266336819537714
reform_push,2022,BX.KLT.DINV.WD.GD.ZS,p90,4.266336819537714
reform_push,2023,BX.KLT.DINV.WD.GD.ZS,p90,4.266336819537714
reform_push,2024,BX.KLT.DINV.WD.GD.ZS,p90,4.266336819537714
reform_push,2025,BX.KLT.DINV.WD.GD.ZS,p90,4.266336819537714
reform_push,2026,BX.KLT.DINV.WD.GD.ZS,p90,4.266336819537714
reform_push,2027,BX.KLT.DINV.WD.GD.ZS,p90,4.266336819537714
reform_push,2028,BX.KLT.DINV.WD.GD.ZS,p90,4.266336819537714
reform_push,2029,BX.KLT.DINV.WD.GD.ZS,p90,4.266336819537714
reform_push,2030,BX.KLT.DINV.WD.GD.ZS,p90,4.266336819537714
reform_push,2031,BX.KLT.DINV.WD.GD.ZS,p90,4.266336819537714
reform_push,2032,BX.KLT.DINV.WD.GD.ZS,p90,4.266336819537714
reform_push,2033,BX.KLT.DINV.WD.GD.ZS,p90,4.266336819537714
reform_push,2034,BX.KLT.DINV.WD.GD.ZS,p90,4.266336819537714
reform_push,2035,BX.KLT.DINV.WD.GD.ZS,p90,4.266336819537714
reform_push,2011,IT.NET.USER.ZS,p10,0.98
reform_push,2012,IT.NET.USER.ZS,p10,1.4231383975464003
reform_push,2013,IT.NET.USER.ZS,p10,2.0984272359031406
reform_push,2014,IT.NET.USER.ZS,p10,3.1350454003080883
reform_push,2015,IT.NET.USER.ZS,p10,4.743051535239091
reform_push,2016,IT.NET.USER.ZS,p10,7.253784040672879
reform_push,2017,IT.NET.USER.ZS,p10,11.21328536587798
reform_push,2018,IT.NET.USER.ZS,p10,17.319173656695035
reform_push,2019,IT.NET.USER.ZS,p10,26.628310836090012
reform_push,2020,IT.NET.USER.ZS,p10,40.17428744169152
reform_push,2021,IT.NET.USER.ZS,p10,54.68154956501295
reform_push,2022,IT.NET.USER.ZS,p10,70.47885348417316
reform_push,2023,IT.NET.USER.ZS,p10,84.01719965179826
reform_push,2024,IT.NET.USER.ZS,p10,92.48799090484687
reform_push,2025,IT.NET.USER.ZS,p10,96.16251904497308
reform_push,2026,IT.NET.USER.ZS,p10,98.74129272463901
reform_push,2027,IT.NET.USER.ZS,p10,98.35543704811127
reform_push,2028,IT.NET.USER.ZS,p10,98.55467807090368
reform_push,2029,IT.NET.USER.ZS,p10,98.5527335312683
reform_push,2030,IT.NET.USER.ZS,p10,98.62437552528638
reform_push,2031,IT.NET.USER.ZS,p10,98.65380590028376
reform_push,2032,IT.NET.USER.ZS,p10,98.71032299189743
reform_push,2033,IT.NET.USER.ZS,p10,98.6844886983639
reform_push,2034,IT.NET.USER.ZS,p10,98.79372647521893
reform_push,2035,IT.NET.USER.ZS,p10,98.65202070956806
reform_push,2011,IT.NET.USER.ZS,p50,0.98
reform_push,2012,IT.NET.USER.ZS,p50,1.4850689008060465
reform_push,2013,IT.NET.USER.ZS,p50,2.2964870813197145
reform_push,2014,IT.NET.USER.ZS,p50,3.5803090865873477
reform_push,2015,IT.NET.USER.ZS,p50,5.629059641501058
reform_push,2016,IT.NET.USER.ZS,p50,8.973354948133341
reform_push,2017,IT.NET.USER.ZS,p50,14.388778776315768
reform_push,2018,IT.NET.USER.ZS,p50,22.985782215135927
reform_push,2019,IT.NET.USER.ZS,p50,36.152146622035005
reform_push,2020,IT.NET.USER.ZS,p50,54.476707265110065
reform_push,2021,IT.NET.USER.ZS,p50,72.15737765247553
reform_push,2022,IT.NET.USER.ZS,p50,87.32748386668624
reform_push,2023,IT.NET.USER.ZS,p50,95.02339537738246
reform_push,2024,IT.NET.USER.ZS,p50,97.33636980792917
reform_push,2025,IT.NET.USER.ZS,p50,97.81776596397674
reform_push,2026,IT.NET.USER.ZS,p50,98.99145973886773
reform_push,2027,IT.NET.USER.ZS,p50,98.53446789056825
reform_push,2028,IT.NET.USER.ZS,p50,98.84231942014532
reform_push,2029,IT.NET.USER.ZS,p50,98.71960404449231
reform_push,2030,IT.NET.USER.ZS,p50,98.88961844051545
reform_push,2031,IT.NET.USER.ZS,p50,98.81802282172315
reform_push,2032,IT.NET.USER.ZS,p50,98.94324375813883
reform_push,2033,IT.NET.USER.ZS,p50,98.88003619484687
reform_push,2034,IT.NET.USER.ZS,p50,99.01214592952397
reform_push,2035,IT.NET.USER.ZS,p50,98.92404630052005
reform_push,2011,IT.NET.USER.ZS,p90,0.98
reform_push,2012,IT.NET.USER.ZS,p90,1.551115210051683
reform_push,2013,IT.NET.USER.ZS,p90,2.4940354645678555
reform_push,2014,IT.NET.USER.ZS,p90,4.075741400298968
reform_push,2015,IT.NET.USER.ZS,p90,6.711329773113122
reform_push,2016,IT.NET.USER.ZS,p90,11.143003018504693
reform_push,2017,IT.NET.USER.ZS,p90,18.642109408812285
reform_push,2018,IT.NET.USER.ZS,p90,30.752865166138154
reform_push,2019,IT.NET.USER.ZS,p90,48.94585596369471
reform_push,2020,IT.NET.USER.ZS,p90,71.87169948734667
reform_push,2021,IT.NET.USER.ZS,p90,88.541767504598
reform_push,2022,IT.NET.USER.ZS,p90,96.65462476321005
reform_push,2023,IT.NET.USER.ZS,p90,98.00065755750319
reform_push,2024,IT.NET.USER.ZS,p90,98.12598186333769
reform_push,2025,IT.NET.USER.ZS,p90,98.1904648943963
reform_push,2026,IT.NET.USER.ZS,p90,99.26269012679109
reform_push,2027,IT.NET.USER.ZS,p90,98.57591759412522
reform_push,2028,IT.NET.USER.ZS,p90,99.17652589668843
reform_push,2029,IT.NET.USER.ZS,p90,98.77009342526537
reform_push,2030,IT.NET.USER.ZS,p90,99.20905262479015
reform_push,2031,IT.NET.USER.ZS,p90,98.89402968800144
reform_push,2032,IT.NET.USER.ZS,p90,99.32260492348634
reform_push,2033,IT.NET.USER.ZS,p90,98.98037561972875
reform_push,2034,IT.NET.USER.ZS,p90,99.53377425497669
reform_push,2035,IT.NET.USER.ZS,p90,99.05835400073231
reform_push,2011,IT.CEL.SETS.P2,p10,10.787881717832825
reform_push,2012,IT.CEL.SETS.P2,p10,15.995786717761632
reform_push,2013,IT.CEL.SETS.P2,p10,23.798754929158328
reform_push,2014,IT.CEL.SETS.P2,p10,34.673974811855594
reform_push,2015,IT.CEL.SETS.P2,p10,49.27497259824456
reform_push,2016,IT.CEL.SETS.P2,p10,68.44318136368446
reform_push,2017,IT.CEL.SETS.P2,p10,91.19528233237112
reform_push,2018,IT.CEL.SETS.P2,p10,112.23685480413532
reform_push,2019,IT.CEL.SETS.P2,p10,126.02055808202158
reform_push,2020,IT.CEL.SETS.P2,p10,131.63329598204817
reform_push,2021,IT.CEL.SETS.P2,p10,133.05810602729653
reform_push,2022,IT.CEL.SETS.P2,p10,133.29652107374488
reform_push,2023,IT.CEL.SETS.P2,p10,133.31646526779952
reform_push,2024,IT.CEL.SETS.P2,p10,133.32040234717422
reform_push,2025,IT.CEL.SETS.P2,p10,133.32108605729186
reform_push,2026,IT.CEL.SETS.P2,p10,133.3224176458732
reform_push,2027,IT.CEL.SETS.P2,p10,133.3219377782163
reform_push,2028,IT.CEL.SETS.P2,p10,133.32229913153049
reform_push,2029,IT.CEL.SETS.P2,p10,133.322180523084
reform_push,2030,IT.CEL.SETS.P2,p10,133.32236306119398
reform_push,2031,IT.CEL.SETS.P2,p10,133.32232242987348
reform_push,2032,IT.CEL.SETS.P2,p10,133.3224565620317
reform_push,2033,IT.CEL.SETS.P2,p10,133.32242891863106
reform_push,2034,IT.CEL.SETS.P2,p10,133.32255589512252
reform_push,2035,IT.CEL.SETS.P2,p10,133.3225095130799
reform_push,2011,IT.CEL.SETS.P2,p50,12.692573001775385
reform_push,2012,IT.CEL.SETS.P2,p50,18.885128050154748
reform_push,2013,IT.CEL.SETS.P2,p50,27.79471371887363
reform_push,2014,IT.CEL.SETS.P2,p50,41.14623535531682
reform_push,2015,IT.CEL.SETS.P2,p50,59.868866379412665
reform_push,2016,IT.CEL.SETS.P2,p50,83.19897115166495
reform_push,2017,IT.CEL.SETS.P2,p50,108.2131655825701
reform_push,2018,IT.CEL.SETS.P2,p50,129.5441441842266
reform_push,2019,IT.CEL.SETS.P2,p50,142.3210572992359
reform_push,2020,IT.CEL.SETS.P2,p50,147.24727430148346
reform_push,2021,IT.CEL.SETS.P2,p50,148.31619221118817
reform_push,2022,IT.CEL.SETS.P2,p50,148.65710830264584
reform_push,2023,IT.CEL.SETS.P2,p50,148.69112954913152
reform_push,2024,IT.CEL.SETS.P2,p50,148.69409380671038
reform_push,2025,IT.CEL.SETS.P2,p50,148.69468227521486
reform_push,2026,IT.CEL.SETS.P2,p50,148.69567599868745
reform_push,2027,IT.CEL.SETS.P2,p50,148.6952515136723
reform_push,2028,IT.CEL.SETS.P2,p50,148.69556167098307
reform_push,2029,IT.CEL.SETS.P2,p50,148.69540881150724
reform_push,2030,IT.CEL.SETS.P2,p50,148.69557572152058
reform_push,2031,IT.CEL.SETS.P2,p50,148.69549371952496
reform_push,2032,IT.CEL.SETS.P2,p50,148.69561626704296
reform_push,2033,IT.CEL.SETS.P2,p50,148.69555327782948
reform_push,2034,IT.CEL.SETS.P2,p50,148.69566464411946
reform_push,2035,IT.CEL.SETS.P2,p50,148.69559731101162
reform_push,2011,IT.CEL.SETS.P2,p90,15.120901095861507
reform_push,2012,IT.CEL.SETS.P2,p90,22.046126428954846
reform_push,2013,IT.CEL.SETS.P2,p90,33.105531027906125
reform_push,2014,IT.CEL.SETS.P2,p90,48.98923033218745
reform_push,2015,IT.CEL.SETS.P2,p90,71.03692350469917
reform_push,2016,IT.CEL.SETS.P2,p90,99.5469934174239
reform_push,2017,IT.CEL.SETS.P2,p90,128.58066977578315
reform_push,2018,IT.CEL.SETS.P2,p90,149.13254220634457
reform_push,2019,IT.CEL.SETS.P2,p90,161.2327464473533
reform_push,2020,IT.CEL.SETS.P2,p90,166.2768370745722
reform_push,2021,IT.CEL.SETS.P2,p90,167.93019108877758
reform_push,2022,IT.CEL.SETS.P2,p90,168.2701598067853
reform_push,2023,IT.CEL.SETS.P2,p90,168.41307538243177
reform_push,2024,IT.CEL.SETS.P2,p90,168.44359424657907
reform_push,2025,IT.CEL.SETS.P2,p90,168.45068928740582
reform_push,2026,IT.CEL.SETS.P2,p90,168.4549986710565
reform_push,2027,IT.CEL.SETS.P2,p90,168.45404754899548
reform_push,2028,IT.CEL.SETS.P2,p90,168.4546200725468
reform_push,2029,IT.CEL.SETS.P2,p90,168.45456175902848
reform_push,2030,IT.CEL.SETS.P2,p90,168.45479427504736
reform_push,2031,IT.CEL.SETS.P2,p90,168.45484826451903
reform_push,2032,IT.CEL.SETS.P2,p90,168.45500841117635
reform_push,2033,IT.CEL.SETS.P2,p90,168.45507576439306
reform_push,2034,IT.CEL.SETS.P2,p90,168.4552111589475
reform_push,2035,IT.CEL.SETS.P2,p90,168.4552686473819
reform_push,2011,SP.DYN.LE00.IN,p10,63.859
reform_push,2012,SP.DYN.LE00.IN,p10,63.96826227554801
reform_push,2013,SP.DYN.LE00.IN,p10,64.07533930558505
reform_push,2014,SP.DYN.LE00.IN,p10,64.18027479502133
reform_push,2015,SP.DYN.LE00.IN,p10,64.28311157466892
reform_push,2016,SP.DYN.LE00.IN,p10,64.38389161872355
reform_push,2017,SP.DYN.LE00.IN,p10,64.48265606189707
reform_push,2018,SP.DYN.LE00.IN,p10,64.57944521620715
reform_push,2019,SP.DYN.LE00.IN,p10,64.67429858743101
reform_push,2020,SP.DYN.LE00.IN,p10,64.76725489123041
reform_push,2021,SP.DYN.LE00.IN,p10,64.85835206895379
reform_push,2022,SP.DYN.LE00.IN,p10,64.94762730312273
reform_push,2023,SP.DYN.LE00.IN,p10,65.03511703260828
reform_push,2024,SP.DYN.LE00.IN,p10,65.12085696750411
reform_push,2025,SP.DYN.LE00.IN,p10,65.20488210370203
reform_push,2026,SP.DYN.LE00.IN,p10,65.59882252808589
reform_push,2027,SP.DYN.LE00.IN,p10,65.98488414398209
reform_push,2028,SP.DYN.LE00.IN,p10,66.36322452756035
reform_push,2029,SP.DYN.LE00.IN,p10,66.73399810346703
reform_push,2030,SP.DYN.LE00.IN,p10,67.0973562078556
reform_push,2031,SP.DYN.LE00.IN,p10,67.45344715015638
reform_push,2032,SP.DYN.LE00.IN,p10,67.80241627361114
reform_push,2033,SP.DYN.LE00.IN,p10,68.14440601459683
reform_push,2034,SP.DYN.LE00.IN,p10,68.4795559607628
reform_push,2035,SP.DYN.LE00.IN,p10,68.80800290800545
reform_push,2011,SP.DYN.LE00.IN,p50,63.859
reform_push,2012,SP.DYN.LE00.IN,p50,64.17341988578804
reform_push,2013,SP.DYN.LE00.IN,p50,64.48155137386027
reform_push,2014,SP.DYN.LE00.IN,p50,64.7835202321711
reform_push,2015,SP.DYN.LE00.IN,p50,65.07944971331571
reform_push,2016,SP.DYN.LE00.IN,p50,65.36946060483743
reform_push,2017,SP.DYN.LE00.IN,p50,65.65367127852869
reform_push,2018,SP.DYN.LE00.IN,p50,65.93219773874614
reform_push,2019,SP.DYN.LE00.IN,p50,66.20515366975923
reform_push,2020,SP.DYN.LE00.IN,p50,66.47265048215206
reform_push,2021,SP.DYN.LE00.IN,p50,66.73479735829704
reform_push,2022,SP.DYN.LE00.IN,p50,66.99170129691913
reform_push,2023,SP.DYN.LE00.IN,p50,67.24346715676877
reform_push,2024,SP.DYN.LE00.IN,p50,67.49019769942142
reform_push,2025,SP.DYN.LE00.IN,p50,67.73199363122102
reform_push,2026,SP.DYN.LE00.IN,p50,68.3266575560229
reform_push,2027,SP.DYN.LE00.IN,p50,68.90942820232877
reform_push,2028,SP.DYN.LE00.IN,p50,69.4805434357085
reform_push,2029,SP.DYN.LE00.IN,p50,70.04023636442065
reform_push,2030,SP.DYN.LE00.IN,p50,70.58873543455854
reform_push,2031,SP.DYN.LE00.IN,p50,71.12626452329368
reform_push,2032,SP.DYN.LE00.IN,p50,71.65304303025414
reform_push,2033,SP.DYN.LE00.IN,p50,72.16928596707537
reform_push,2034,SP.DYN.LE00.IN,p50,72.67520404516017
reform_push,2035,SP.DYN.LE00.IN,p50,73.1710037616833
reform_push,2011,SP.DYN.LE00.IN,p90,63.859
reform_push,2012,SP.DYN.LE00.IN,p90,64.35009002024853
reform_push,2013,SP.DYN.LE00.IN,p90,64.83135824009209
reform_push,2014,SP.DYN.LE00.IN,p90,65.30300109553876
reform_push,2015,SP.DYN.LE00.IN,p90,65.7652110938765
reform_push,2016,SP.DYN.LE00.IN,p90,66.2181768922475
reform_push,2017,SP.DYN.LE00.IN,p90,66.66208337465108
reform_push,2018,SP.DYN.LE00.IN,p90,67.0971117274066
reform_push,2019,SP.DYN.LE00.IN,p90,67.52343951310698
reform_push,2020,SP.DYN.LE00.IN,p90,67.94124074309337
reform_push,2021,SP.DYN.LE00.IN,p90,68.35068594848002
reform_push,2022,SP.DYN.LE00.IN,p90,68.75194224975894
reform_push,2023,SP.DYN.LE00.IN,p90,69.14517342501229
reform_push,2024,SP.DYN.LE00.IN,p90,69.53053997676058
reform_push,2025,SP.DYN.LE00.IN,p90,69.90819919747389
reform_push,2026,SP.DYN.LE00.IN,p90,70.6757148520593
reform_push,2027,SP.DYN.LE00.IN,p90,71.427880193553
reform_push,2028,SP.DYN.LE00.IN,p90,72.16500222821682
reform_push,2029,SP.DYN.LE00.IN,p90,72.88738182218736
reform_push,2030,SP.DYN.LE00.IN,p90,73.5953138242785
reform_push,2031,SP.DYN.LE00.IN,p90,74.28908718632782
reform_push,2032,SP.DYN.LE00.IN,p90,74.96898508113617
reform_push,2033,SP.DYN.LE00.IN,p90,75.63528501804832
reform_push,2034,SP.DYN.LE00.IN,p90,76.28825895622224
reform_push,2035,SP.DYN.LE00.IN,p90,76.92817341563267
reform_push,2011,SH.DYN.MORT,p10,59.7
reform_push,2012,SH.DYN.MORT,p10,55.59278346773962
reform_push,2013,SH.DYN.MORT,p10,51.86841600877123
reform_push,2014,SH.DYN.MORT,p10,48.48410753718429
reform_push,2015,SH.DYN.MORT,p10,45.40255954984175
reform_push,2016,SH.DYN.MORT,p10,42.5911768843372
reform_push,2017,SH.DYN.MORT,p10,40.02140379955095
reform_push,2018,SH.DYN.MORT,p10,37.66816310707429
reform_push,2019,SH.DYN.MORT,p10,35.5093809917446
reform_push,2020,SH.DYN.MORT,p10,33.525583303367746
reform_push,2021,SH.DYN.MORT,p10,31.69955163842575
reform_push,2022,SH.DYN.MORT,p10,30.0160295844259
reform_push,2023,SH.DYN.MORT,p10,28.461471167975702
reform_push,2024,SH.DYN.MORT,p10,27.023824907374586
reform_push,2025,SH.DYN.MORT,p10,25.692347982097345
reform_push,2026,SH.DYN.MORT,p10,23.17558625206965
reform_push,2027,SH.DYN.MORT,p10,20.920218834646015
reform_push,2028,SH.DYN.MORT,p10,18.92185785843812
reform_push,2029,SH.DYN.MORT,p10,17.165796150948843
reform_push,2030,SH.DYN.MORT,p10,15.616772840161774
reform_push,2031,SH.DYN.MORT,p10,14.246217556907697
reform_push,2032,SH.DYN.MORT,p10,13.030014338555413
reform_push,2033,SH.DYN.MORT,p10,11.94773400722991
reform_push,2034,SH.DYN.MORT,p10,10.982010569210667
reform_push,2035,SH.DYN.MORT,p10,10.115329176903408
reform_push,2011,SH.DYN.MORT,p50,59.7
reform_push,2012,SH.DYN.MORT,p50,57.1571332716775
reform_push,2013,SH.DYN.MORT,p50,54.78044839537239
reform_push,2014,SH.DYN.MORT,p50,52.55653285696603
reform_push,2015,SH.DYN.MORT,p50,50.47324384885084
reform_push,2016,SH.DYN.MORT,p50,48.51957179913076
reform_push,2017,SH.DYN.MORT,p50,46.685520204940445
reform_push,2018,SH.DYN.MORT,p50,44.96199963707333
reform_push,2019,SH.DYN.MORT,p50,43.3407340851809
reform_push,2020,SH.DYN.MORT,p50,41.81417806896155
reform_push,2021,SH.DYN.MORT,p50,40.37544315843737
reform_push,2022,SH.DYN.MORT,p50,39.018232731779456
reform_push,2023,SH.DYN.MORT,p50,37.73678395730545
reform_push,2024,SH.DYN.MORT,p50,36.525816121489285
reform_push,2025,SH.DYN.MORT,p50,35.380484540648986
reform_push,2026,SH.DYN.MORT,p50,32.60462230015862
reform_push,2027,SH.DYN.MORT,p50,30.13201657703344
reform_push,2028,SH.DYN.MORT,p50,27.942881876916676
reform_push,2029,SH.DYN.MORT,p50,25.899417021850304
reform_push,2030,SH.DYN.MORT,p50,24.096054679604883
reform_push,2031,SH.DYN.MORT,p50,22.465492675218
reform_push,2032,SH.DYN.MORT,p50,20.988666650051634
reform_push,2033,SH.DYN.MORT,p50,19.655441103446947
reform_push,2034,SH.DYN.MORT,p50,18.43941815186639
reform_push,2035,SH.DYN.MORT,p50,17.323335898221124
reform_push,2011,SH.DYN.MORT,p90,59.7
reform_push,2012,SH.DYN.MORT,p90,58.76871882133626
reform_push,2013,SH.DYN.MORT,p90,57.871856127797415
reform_push,2014,SH.DYN.MORT,p90,57.0078104076107
reform_push,2015,SH.DYN.MORT,p90,56.175070840681194
reform_push,2016,SH.DYN.MORT,p90,55.372211291168185
reform_push,2017,SH.DYN.MORT,p90,54.59788475220158
reform_push,2018,SH.DYN.MORT,p90,53.85081820482544
reform_push,2019,SH.DYN.MORT,p90,53.12980785674688
reform_push,2020,SH.DYN.MORT,p90,52.43371472961171
reform_push,2021,SH.DYN.MORT,p90,51.76146056635968
reform_push,2022,SH.DYN.MORT,p90,51.11202403276329
reform_push,2023,SH.DYN.MORT,p90,50.48443718955917
reform_push,2024,SH.DYN.MORT,p90,49.877782213659806
reform_push,2025,SH.DYN.MORT,p90,49.291188348816256
reform_push,2026,SH.DYN.MORT,p90,46.84771876734017
reform_push,2027,SH.DYN.MORT,p90,44.518628181421
reform_push,2028,SH.DYN.MORT,p90,42.28344122325528
reform_push,2029,SH.DYN.MORT,p90,40.21192509636426
reform_push,2030,SH.DYN.MORT,p90,38.29360019394788
reform_push,2031,SH.DYN.MORT,p90,36.596355584637784
reform_push,2032,SH.DYN.MORT,p90,34.97008848068383
reform_push,2033,SH.DYN.MORT,p90,33.35898576364579
reform_push,2034,SH.DYN.MORT,p90,31.859211990035256
reform_push,2035,SH.DYN.MORT,p90,30.49357202341861
reform_push,2011,SE.SEC.ENRR,p10,52.42925548553468
reform_push,2012,SE.SEC.ENRR,p10,53.7335333458843
reform_push,2013,SE.SEC.ENRR,p10,54.982294392933454
reform_push,2014,SE.SEC.ENRR,p10,56.178501533125356
reform_push,2015,SE.SEC.ENRR,p10,57.32492811654422
reform_push,2016,SE.SEC.ENRR,p10,58.424171927794
reform_push,2017,SE.SEC.ENRR,p10,59.47866801587263
reform_push,2018,SE.SEC.ENRR,p10,60.49070046947424
reform_push,2019,SE.SEC.ENRR,p10,61.462413233511455
reform_push,2020,SE.SEC.ENRR,p10,62.39582005315892
reform_push,2021,SE.SEC.ENRR,p10,63.29281362323971
reform_push,2022,SE.SEC.ENRR,p10,64.15517401320328
reform_push,2023,SE.SEC.ENRR,p10,64.98457643116075
reform_push,2024,SE.SEC.ENRR,p10,65.78259838437101
reform_push,2025,SE.SEC.ENRR,p10,66.5507262881295
reform_push,2026,SE.SEC.ENRR,p10,70.11186978351337
reform_push,2027,SE.SEC.ENRR,p10,73.41809054629145
reform_push,2028,SE.SEC.ENRR,p10,76.40722132762002
reform_push,2029,SE.SEC.ENRR,p10,79.10038987638754
reform_push,2030,SE.SEC.ENRR,p10,81.4104822001926
reform_push,2031,SE.SEC.ENRR,p10,83.46746571031875
reform_push,2032,SE.SEC.ENRR,p10,85.37677336488044
reform_push,2033,SE.SEC.ENRR,p10,87.14885272640184
reform_push,2034,SE.SEC.ENRR,p10,88.76538658749648
reform_push,2035,SE.SEC.ENRR,p10,90.2426471378359
reform_push,2011,SE.SEC.ENRR,p50,52.42925548553468
reform_push,2012,SE.SEC.ENRR,p50,56.09990900662653
reform_push,2013,SE.SEC.ENRR,p50,59.46362424855907
reform_push,2014,SE.SEC.ENRR,p50,62.551179115631214
reform_push,2015,SE.SEC.ENRR,p50,65.38980851165546
reform_push,2016,SE.SEC.ENRR,p50,68.00366031099237
reform_push,2017,SE.SEC.ENRR,p50,70.41418687277154
reform_push,2018,SE.SEC.ENRR,p50,72.64048198024409
reform_push,2019,SE.SEC.ENRR,p50,74.69957145992076
reform_push,2020,SE.SEC.ENRR,p50,76.60666439350625
reform_push,2021,SE.SEC.ENRR,p50,78.37537072652873
reform_push,2022,SE.SEC.ENRR,p50,80.01789015826994
reform_push,2023,SE.SEC.ENRR,p50,81.54517643368774
reform_push,2024,SE.SEC.ENRR,p50,82.96708052164286
reform_push,2025,SE.SEC.ENRR,p50,84.2924756323068
reform_push,2026,SE.SEC.ENRR,p50,87.23074676051382
reform_push,2027,SE.SEC.ENRR,p50,89.70259754010807
reform_push,2028,SE.SEC.ENRR,p50,91.9265003270381
reform_push,2029,SE.SEC.ENRR,p50,93.88749207566255
reform_push,2030,SE.SEC.ENRR,p50,95.61427284753375
reform_push,2031,SE.SEC.ENRR,p50,97.1870271632561
reform_push,2032,SE.SEC.ENRR,p50,98.57658138781068
reform_push,2033,SE.SEC.ENRR,p50,99.78199384042912
reform_push,2034,SE.SEC.ENRR,p50,100.85447824255472
reform_push,2035,SE.SEC.ENRR,p50,101.81118558659239
reform_push,2011,SE.SEC.ENRR,p90,52.42925548553468
reform_push,2012,SE.SEC.ENRR,p90,58.34086358059575
reform_push,2013,SE.SEC.ENRR,p90,63.53353708777428
reform_push,2014,SE.SEC.ENRR,p90,68.11027188568995
reform_push,2015,SE.SEC.ENRR,p90,72.15244723172671
reform_push,2016,SE.SEC.ENRR,p90,75.73241335937053
reform_push,2017,SE.SEC.ENRR,p90,78.91223024687882
reform_push,2018,SE.SEC.ENRR,p90,81.74592234587509
reform_push,2019,SE.SEC.ENRR,p90,84.27656843574935
reform_push,2020,SE.SEC.ENRR,p90,86.54162851661351
reform_push,2021,SE.SEC.ENRR,p90,88.57370286911919
reform_push,2022,SE.SEC.ENRR,p90,90.40087497126841
reform_push,2023,SE.SEC.ENRR,p90,92.04740255576797
reform_push,2024,SE.SEC.ENRR,p90,93.53429365038818
reform_push,2025,SE.SEC.ENRR,p90,94.87978819817974
reform_push,2026,SE.SEC.ENRR,p90,97.36078032411992
reform_push,2027,SE.SEC.ENRR,p90,99.39641384580298
reform_push,2028,SE.SEC.ENRR,p90,101.08551577885773
reform_push,2029,SE.SEC.ENRR,p90,102.51344040208187
reform_push,2030,SE.SEC.ENRR,p90,103.7436644553546
reform_push,2031,SE.SEC.ENRR,p90,104.79241483830656
reform_push,2032,SE.SEC.ENRR,p90,105.67661499851368
reform_push,2033,SE.SEC.ENRR,p90,106.43799517788082
reform_push,2034,SE.SEC.ENRR,p90,107.09606981096881
reform_push,2035,SE.SEC.ENRR,p90,107.66790240591317
reform_push,2011,SH.XPD.CHEX.GD.ZS,p10,3.599743103022713
reform_push,2012,SH.XPD.CHEX.GD.ZS,p10,3.599743103022713
reform_push,2013,SH.XPD.CHEX.GD.ZS,p10,3.599743103022713
reform_push,2014,SH.XPD.CHEX.GD.ZS,p10,3.599743103022713
reform_push,2015,SH.XPD.CHEX.GD.ZS,p10,3.599743103022713
reform_push,2016,SH.XPD.CHEX.GD.ZS,p10,3.599743103022713
reform_push,2017,SH.XPD.CHEX.GD.ZS,p10,3.599743103022713
reform_push,2018,SH.XPD.CHEX.GD.ZS,p10,3.599743103022713
reform_push,2019,SH.XPD.CHEX.GD.ZS,p10,3.599743103022713
reform_push,2020,SH.XPD.CHEX.GD.ZS,p10,3.599743103022713
reform_push,2021,SH.XPD.CHEX.GD.ZS,p10,3.599743103022713
reform_push,2022,SH.XPD.CHEX.GD.ZS,p10,3.599743103022713
reform_push,2023,SH.XPD.CHEX.GD.ZS,p10,3.599743103022713
reform_push,2024,SH.XPD.CHEX.GD.ZS,p10,3.599743103022713
reform_push,2025,SH.XPD.CHEX.GD.ZS,p10,3.599743103022713
reform_push,2026,SH.XPD.CHEX.GD.ZS,p10,3.599743103022713
reform_push,2027,SH.XPD.CHEX.GD.ZS,p10,3.599743103022713
reform_push,2028,SH.XPD.CHEX.GD.ZS,p10,3.599743103022713
reform_push,2029,SH.XPD.CHEX.GD.ZS,p10,3.599743103022713
reform_push,2030,SH.XPD.CHEX.GD.ZS,p10,3.599743103022713
reform_push,2031,SH.XPD.CHEX.GD.ZS,p10,3.599743103022713
reform_push,2032,SH.XPD.CHEX.GD.ZS,p10,3.599743103022713
reform_push,2033,SH.XPD.CHEX.GD.ZS,p10,3.599743103022713
reform_push,2034,SH.XPD.CHEX.GD.ZS,p10,3.599743103022713
reform_push,2035,SH.XPD.CHEX.GD.ZS,p10,3.599743103022713
reform_push,2011,SH.XPD.CHEX.GD.ZS,p50,4.144061970969516
reform_push,2012,SH.XPD.CHEX.GD.ZS,p50,4.144061970969516
reform_push,2013,SH.XPD.CHEX.GD.ZS,p50,4.144061970969516
reform_push,2014,SH.XPD.CHEX.GD.ZS,p50,4.144061970969516
reform_push,2015,SH.XPD.CHEX.GD.ZS,p50,4.144061970969516
reform_push,2016,SH.XPD.CHEX.GD.ZS,p50,4.144061970969516
reform_push,2017,SH.XPD.CHEX.GD.ZS,p50,4.144061970969516
reform_push,2018,SH.XPD.CHEX.GD.ZS,p50,4.144061970969516
reform_push,2019,SH.XPD.CHEX.GD.ZS,p50,4.144061970969516
reform_push,2020,SH.XPD.CHEX.GD.ZS,p50,4.144061970969516
reform_push,2021,SH.XPD.CHEX.GD.ZS,p50,4.144061970969516
reform_push,2022,SH.XPD.CHEX.GD.ZS,p50,4.144061970969516
reform_push,2023,SH.XPD.CHEX.GD.ZS,p50,4.144061970969516
reform_push,2024,SH.XPD.CHEX.GD.ZS,p50,4.144061970969516
reform_push,2025,SH.XPD.CHEX.GD.ZS,p50,4.144061970969516
reform_push,2026,SH.XPD.CHEX.GD.ZS,p50,4.144061970969516
reform_push,2027,SH.XPD.CHEX.GD.ZS,p50,4.144061970969516
reform_push,2028,SH.XPD.CHEX.GD.ZS,p50,4.144061970969516
reform_push,2029,SH.XPD.CHEX.GD.ZS,p50,4.144061970969516
reform_push,2030,SH.XPD.CHEX.GD.ZS,p50,4.144061970969516
reform_push,2031,SH.XPD.CHEX.GD.ZS,p50,4.144061970969516
reform_push,2032,SH.XPD.CHEX.GD.ZS,p50,4.144061970969516
reform_push,2033,SH.XPD.CHEX.GD.ZS,p50,4.144061970969516
reform_push,2034,SH.XPD.CHEX.GD.ZS,p50,4.144061970969516
reform_push,2035,SH.XPD.CHEX.GD.ZS,p50,4.144061970969516
reform_push,2011,SH.XPD.CHEX.GD.ZS,p90,4.6553978813254595
reform_push,2012,SH.XPD.CHEX.GD.ZS,p90,4.6553978813254595
reform_push,2013,SH.XPD.CHEX.GD.ZS,p90,4.6553978813254595
reform_push,2014,SH.XPD.CHEX.GD.ZS,p90,4.6553978813254595
reform_push,2015,SH.XPD.CHEX.GD.ZS,p90,4.6553978813254595
reform_push,2016,SH.XPD.CHEX.GD.ZS,p90,4.6553978813254595
reform_push,2017,SH.XPD.CHEX.GD.ZS,p90,4.6553978813254595
reform_push,2018,SH.XPD.CHEX.GD.ZS,p90,4.6553978813254595
reform_push,2019,SH.XPD.CHEX.GD.ZS,p90,4.6553978813254595
reform_push,2020,SH.XPD.CHEX.GD.ZS,p90,4.6553978813254595
reform_push,2021,SH.XPD.CHEX.GD.ZS,p90,4.6553978813254595
reform_push,2022,SH.XPD.CHEX.GD.ZS,p90,4.6553978813254595
reform_push,2023,SH.XPD.CHEX.GD.ZS,p90,4.6553978813254595
reform_push,2024,SH.XPD.CHEX.GD.ZS,p90,4.6553978813254595
reform_push,2025,SH.XPD.CHEX.GD.ZS,p90,4.6553978813254595
reform_push,2026,SH.XPD.CHEX.GD.ZS,p90,4.6553978813254595
reform_push,2027,SH.XPD.CHEX.GD.ZS,p90,4.6553978813254595
reform_push,2028,SH.XPD.CHEX.GD.ZS,p90,4.6553978813254595
reform_push,2029,SH.XPD.CHEX.GD.ZS,p90,4.6553978813254595
reform_push,2030,SH.XPD.CHEX.GD.ZS,p90,4.6553978813254595
reform_push,2031,SH.XPD.CHEX.GD.ZS,p90,4.6553978813254595
reform_push,2032,SH.XPD.CHEX.GD.ZS,p90,4.6553978813254595
reform_push,2033,SH.XPD.CHEX.GD.ZS,p90,4.6553978813254595
reform_push,2034,SH.XPD.CHEX.GD.ZS,p90,4.6553978813254595
reform_push,2035,SH.XPD.CHEX.GD.ZS,p90,4.6553978813254595
reform_push,2011,economy,p10,0.3958326808561073
reform_push,2012,economy,p10,0.3986431656869525
reform_push,2013,economy,p10,0.40665489413755773
reform_push,2014,economy,p10,0.41503800621647974
reform_push,2015,economy,p10,0.42454121546911405
reform_push,2016,economy,p10,0.43644593489298245
reform_push,2017,economy,p10,0.4489724443545115
reform_push,2018,economy,p10,0.46294775925819
reform_push,2019,economy,p10,0.47280784254745
reform_push,2020,economy,p10,0.30079786184596324
reform_push,2021,economy,p10,0.46114665600172605
reform_push,2022,economy,p10,0.46737079319596064
reform_push,2023,economy,p10,0.4720294570404926
reform_push,2024,economy,p10,0.47468026493276255
reform_push,2025,economy,p10,0.4767048562085166
reform_push,2026,economy,p10,0.4826275620783907
reform_push,2027,economy,p10,0.4831828452746945
reform_push,2028,economy,p10,0.4878544623643515
reform_push,2029,economy,p10,0.48996118396557115
reform_push,2030,economy,p10,0.4925691442982856
reform_push,2031,economy,p10,0.49468779168030963
reform_push,2032,economy,p10,0.4972161806945122
reform_push,2033,economy,p10,0.5007730955432605
reform_push,2034,economy,p10,0.5032189368739185
reform_push,2035,economy,p10,0.5042473835943607
reform_push,2011,economy,p50,0.4051645185103457
reform_push,2012,economy,p50,0.411716263449952
reform_push,2013,economy,p50,0.42060271973524366
reform_push,2014,economy,p50,0.4294121572257499
reform_push,2015,economy,p50,0.4395015541265811
reform_push,2016,economy,p50,0.4497953188134589
reform_push,2017,economy,p50,0.46138596465915943
reform_push,2018,economy,p50,0.4771336173046775
reform_push,2019,economy,p50,0.49544662226293495
reform_push,2020,economy,p50,0.3331787039994254
reform_push,2021,economy,p50,0.48964729689848774
reform_push,2022,economy,p50,0.49367831916578664
reform_push,2023,economy,p50,0.49117326482525037
reform_push,2024,economy,p50,0.49224273946599095
reform_push,2025,economy,p50,0.49421226433103327
reform_push,2026,economy,p50,0.5008258281987183
reform_push,2027,economy,p50,0.5014338895706005
reform_push,2028,economy,p50,0.5072890912247591
reform_push,2029,economy,p50,0.5110444460105593
reform_push,2030,economy,p50,0.5157175390997177
reform_push,2031,economy,p50,0.5184873622704944
reform_push,2032,economy,p50,0.5239030661243735
reform_push,2033,economy,p50,0.527261338495508
reform_push,2034,economy,p50,0.5316025085044834
reform_push,2035,economy,p50,0.5341944268779457
reform_push,2011,economy,p90,0.414453141095368
reform_push,2012,economy,p90,0.4287929087745484
reform_push,2013,economy,p90,0.4387157754322984
reform_push,2014,economy,p90,0.4471834539427536
reform_push,2015,economy,p90,0.45538652023644094
reform_push,2016,economy,p90,0.4648349239012174
reform_push,2017,economy,p90,0.47653011444711
reform_push,2018,economy,p90,0.4930945510834593
reform_push,2019,economy,p90,0.5200039263819659
reform_push,2020,economy,p90,0.3697462663317778
reform_push,2021,economy,p90,0.5127837930644806
reform_push,2022,economy,p90,0.5158003008609461
reform_push,2023,economy,p90,0.5102134081221913
reform_push,2024,economy,p90,0.5063232008143352
reform_push,2025,economy,p90,0.5076163721171192
reform_push,2026,economy,p90,0.5157021528687626
reform_push,2027,economy,p90,0.5205586036662401
reform_push,2028,economy,p90,0.5284425212443299
reform_push,2029,economy,p90,0.5335485745246996
reform_push,2030,economy,p90,0.5407072135205631
reform_push,2031,economy,p90,0.5477251194202954
reform_push,2032,economy,p90,0.5545898521764991
reform_push,2033,economy,p90,0.5596800813591812
reform_push,2034,economy,p90,0.5649803492617458
reform_push,2035,economy,p90,0.5712644155457973
reform_push,2011,innovation,p10,0.02293988039810109
reform_push,2012,innovation,p10,0.03402333616579577
reform_push,2013,innovation,p10,0.0500199140088081
reform_push,2014,innovation,p10,0.0741478600519427
reform_push,2015,innovation,p10,0.10911086693546113
reform_push,2016,innovation,p10,0.1600154411627375
reform_push,2017,innovation,p10,0.22907166451072522
reform_push,2018,innovation,p10,0.31791229924112885
reform_push,2019,innovation,p10,0.42081171634314
reform_push,2020,innovation,p10,0.5354556357370207
reform_push,2021,innovation,p10,0.6278739030094208
reform_push,2022,innovation,p10,0.7123202280059119
reform_push,2023,innovation,p10,0.770152417190117
reform_push,2024,innovation,p10,0.7909357466850483
reform_push,2025,innovation,p10,0.7950296700225579
reform_push,2026,innovation,p10,0.8025496113469083
reform_push,2027,innovation,p10,0.8005111883965379
reform_push,2028,innovation,p10,0.8020205825698764
reform_push,2029,innovation,p10,0.8014468717492454
reform_push,2030,innovation,p10,0.8021478842135733
reform_push,2031,innovation,p10,0.8020174305261898
reform_push,2032,innovation,p10,0.8025074936458808
reform_push,2033,innovation,p10,0.8024581219460435
reform_push,2034,innovation,p10,0.8029347353266473
reform_push,2035,innovation,p10,0.8027965025265186
reform_push,2011,innovation,p50,0.024882722896935786
reform_push,2012,innovation,p50,0.03686283764769171
reform_push,2013,innovation,p50,0.055992149161567736
reform_push,2014,innovation,p50,0.08475485340334935
reform_push,2015,innovation,p50,0.12803540881286196
reform_push,2016,innovation,p50,0.19186213534127639
reform_push,2017,innovation,p50,0.27715274528334455
reform_push,2018,innovation,p50,0.3839807463683085
reform_push,2019,innovation,p50,0.5017038478734395
reform_push,2020,innovation,p50,0.6248520535200428
reform_push,2021,innovation,p50,0.7157904388181854
reform_push,2022,innovation,p50,0.7844687866129509
reform_push,2023,innovation,p50,0.8217305112790394
reform_push,2024,innovation,p50,0.8346260475660637
reform_push,2025,innovation,p50,0.8412555868617166
reform_push,2026,innovation,p50,0.8474045058704973
reform_push,2027,innovation,p50,0.8451557885214445
reform_push,2028,innovation,p50,0.846572764489985
reform_push,2029,innovation,p50,0.8460817780934846
reform_push,2030,innovation,p50,0.8467100017589893
reform_push,2031,innovation,p50,0.8466843639165123
reform_push,2032,innovation,p50,0.8470489512868854
reform_push,2033,innovation,p50,0.8470310655303757
reform_push,2034,innovation,p50,0.8474389437310963
reform_push,2035,innovation,p50,0.8472905544325118
reform_push,2011,innovation,p90,0.027158879941306856
reform_push,2012,innovation,p90,0.04029825208645451
reform_push,2013,innovation,p90,0.062032379301737536
reform_push,2014,innovation,p90,0.09749084714383441
reform_push,2015,innovation,p90,0.15149131778611744
reform_push,2016,innovation,p90,0.22976835522999003
reform_push,2017,innovation,p90,0.3334383227522195
reform_push,2018,innovation,p90,0.4587151966527546
reform_push,2019,innovation,p90,0.5938129206003829
reform_push,2020,innovation,p90,0.726739117760981
reform_push,2021,innovation,p90,0.8092665117250366
reform_push,2022,innovation,p90,0.8554416641978135
reform_push,2023,innovation,p90,0.8788953079645413
reform_push,2024,innovation,p90,0.8883300166270097
reform_push,2025,innovation,p90,0.8926561561880854
reform_push,2026,innovation,p90,0.9018692095304611
reform_push,2027,innovation,p90,0.8992960128966875
reform_push,2028,innovation,p90,0.9012746910742652
reform_push,2029,innovation,p90,0.9005243599604122
reform_push,2030,innovation,p90,0.9016091029236021
reform_push,2031,innovation,p90,0.9012005409287147
reform_push,2032,innovation,p90,0.9020781630325578
reform_push,2033,innovation,p90,0.9009367900507679
reform_push,2034,innovation,p90,0.9028640540435668
reform_push,2035,innovation,p90,0.9003823001825165
reform_push,2011,human_development,p10,0.4519896249349995
reform_push,2012,human_development,p10,0.474109019947797
reform_push,2013,human_development,p10,0.48586140368317615
reform_push,2014,human_development,p10,0.49547258872162964
reform_push,2015,human_development,p10,0.5051013213105232
reform_push,2016,human_development,p10,0.5123121882121807
reform_push,2017,human_development,p10,0.5184545214356296
reform_push,2018,human_development,p10,0.5242555628425011
reform_push,2019,human_development,p10,0.5298858465386791
reform_push,2020,human_development,p10,0.5352376266513019
reform_push,2021,human_development,p10,0.5406687825464309
reform_push,2022,human_development,p10,0.545967667510826
reform_push,2023,human_development,p10,0.5509230326260738
reform_push,2024,human_development,p10,0.5556384712855708
reform_push,2025,human_development,p10,0.5601315540094997
reform_push,2026,human_development,p10,0.5799550875875111
reform_push,2027,human_development,p10,0.597073751771356
reform_push,2028,human_development,p10,0.6123174511798799
reform_push,2029,human_development,p10,0.6260323510484226
reform_push,2030,human_development,p10,0.6384406680439986
reform_push,2031,human_development,p10,0.6506251710237849
reform_push,2032,human_development,p10,0.6619872296993681
reform_push,2033,human_development,p10,0.6717966736441937
reform_push,2034,human_development,p10,0.6809544618886454
reform_push,2035,human_development,p10,0.6893578825612383
reform_push,2011,human_development,p50,0.4681846057218212
reform_push,2012,human_development,p50,0.4922976086391589
reform_push,2013,human_development,p50,0.5144799864953327
reform_push,2014,human_development,p50,0.5336774728224147
reform_push,2015,human_development,p50,0.5510053220810982
reform_push,2016,human_development,p50,0.5658620885698173
reform_push,2017,human_development,p50,0.5780598448699066
reform_push,2018,human_development,p50,0.5890939888746163
reform_push,2019,human_development,p50,0.5995733816468938
reform_push,2020,human_development,p50,0.6098658981482712
reform_push,2021,human_development,p50,0.6193157601314663
reform_push,2022,human_development,p50,0.6279950558805613
reform_push,2023,human_development,p50,0.6359473738890841
reform_push,2024,human_development,p50,0.6432083445389432
reform_push,2025,human_development,p50,0.6500146769501798
reform_push,2026,human_development,p50,0.665629863407174
reform_push,2027,human_development,p50,0.6799345314802083
reform_push,2028,human_development,p50,0.6929589405620173
reform_push,2029,human_development,p50,0.7045753823537565
reform_push,2030,human_development,p50,0.7144476419542618
reform_push,2031,human_development,p50,0.7234936726853178
reform_push,2032,human_development,p50,0.7311709932567442
reform_push,2033,human_development,p50,0.7387609812299907
reform_push,2034,human_development,p50,0.7459469807945234
reform_push,2035,human_development,p50,0.7522933341823813
reform_push,2011,human_development,p90,0.4820030570604048
reform_push,2012,human_development,p90,0.5135585129576341
reform_push,2013,human_development,p90,0.5437494770345738
reform_push,2014,human_development,p90,0.5702380376028605
reform_push,2015,human_development,p90,0.5913532659884381
reform_push,2016,human_development,p90,0.609813153589251
reform_push,2017,human_development,p90,0.6265609346966587
reform_push,2018,human_development,p90,0.6416009334222755
reform_push,2019,human_development,p90,0.6548044735173963
reform_push,2020,human_development,p90,0.6667497313591491
reform_push,2021,human_development,p90,0.6775307490677788
reform_push,2022,human_development,p90,0.6873029047911124
reform_push,2023,human_development,p90,0.6962009074015757
reform_push,2024,human_development,p90,0.7043626235224987
reform_push,2025,human_development,p90,0.7119502767970691
reform_push,2026,human_development,p90,0.7267840169947868
reform_push,2027,human_development,p90,0.7388857295094402
reform_push,2028,human_development,p90,0.7496619976418376
reform_push,2029,human_development,p90,0.7591803093144098
reform_push,2030,human_development,p90,0.7676627468696111
reform_push,2031,human_development,p90,0.77552891376982
reform_push,2032,human_development,p90,0.7824263968452116
reform_push,2033,human_development,p90,0.7886417938991033
reform_push,2034,human_development,p90,0.7944231089004677
reform_push,2035,human_development,p90,0.7997779647267471
reform_push,2011,combined,p10,0.16250938288065925
reform_push,2012,combined,p10,0.1898135235310847
reform_push,2013,combined,p10,0.22082034377711243
reform_push,2014,combined,p10,0.255588829689826
reform_push,2015,combined,p10,0.2960088328436265
reform_push,2016,combined,p10,0.34099370403539214
reform_push,2017,combined,p10,0.38747499150045694
reform_push,2018,combined,p10,0.43970578285032713
reform_push,2019,combined,p10,0.4900295086628152
reform_push,2020,combined,p10,0.4591396854367829
reform_push,2021,combined,p10,0.5598861351743403
reform_push,2022,combined,p10,0.587738319180427
reform_push,2023,combined,p10,0.5982028747247619
reform_push,2024,combined,p10,0.6084405051524188
reform_push,2025,combined,p10,0.6121673118363538
reform_push,2026,combined,p10,0.6238896700640236
reform_push,2027,combined,p10,0.6301853718094103
reform_push,2028,combined,p10,0.6371519104629875
reform_push,2029,combined,p10,0.6441448682518308
reform_push,2030,combined,p10,0.6499956564019076
reform_push,2031,combined,p10,0.6539142191416383
reform_push,2032,combined,p10,0.657870366955871
reform_push,2033,combined,p10,0.6625820752465854
reform_push,2034,combined,p10,0.6675736915717305
reform_push,2035,combined,p10,0.670062919714676
reform_push,2011,combined,p50,0.16759027375929691
reform_push,2012,combined,p50,0.19579811418852716
reform_push,2013,combined,p50,0.22974308323529813
reform_push,2014,combined,p50,0.26855707960456676
reform_push,2015,combined,p50,0.3143139708012611
reform_push,2016,combined,p50,0.3653922029213479
reform_push,2017,combined,p50,0.41834858238232453
reform_push,2018,combined,p50,0.47435835698155043
reform_push,2019,combined,p50,0.5268644957315168
reform_push,2020,combined,p50,0.50113458463347
reform_push,2021,combined,p50,0.5972794043054811
reform_push,2022,combined,p50,0.6194414272050703
reform_push,2023,combined,p50,0.6359727561734131
reform_push,2024,combined,p50,0.6426646576755184
reform_push,2025,combined,p50,0.6472777787219315
reform_push,2026,combined,p50,0.6565871777678337
reform_push,2027,combined,p50,0.660708086069856
reform_push,2028,combined,p50,0.6678362603558559
reform_push,2029,combined,p50,0.6724194774437737
reform_push,2030,combined,p50,0.6782586929604695
reform_push,2031,combined,p50,0.681647450272228
reform_push,2032,combined,p50,0.68606930167576
reform_push,2033,combined,p50,0.6888705190147617
reform_push,2034,combined,p50,0.6933393227174347
reform_push,2035,combined,p50,0.6957249619666707
reform_push,2011,combined,p90,0.17325026861208262
reform_push,2012,combined,p90,0.20240328411783343
reform_push,2013,combined,p90,0.23950620517010396
reform_push,2014,combined,p90,0.2833222389333567
reform_push,2015,combined,p90,0.334152170294047
reform_push,2016,combined,p90,0.3903021570069399
reform_push,2017,combined,p90,0.4513117422497405
reform_push,2018,combined,p90,0.5126396337843765
reform_push,2019,combined,p90,0.5697858255652536
reform_push,2020,combined,p90,0.5457227357223196
reform_push,2021,combined,p90,0.6385359058428797
reform_push,2022,combined,p90,0.6534719250160226
reform_push,2023,combined,p90,0.6612678846615861
reform_push,2024,combined,p90,0.665755093859016
reform_push,2025,combined,p90,0.66951685454982
reform_push,2026,combined,p90,0.6787952314246365
reform_push,2027,combined,p90,0.6839922115514174
reform_push,2028,combined,p90,0.6909939661270946
reform_push,2029,combined,p90,0.6959878388282267
reform_push,2030,combined,p90,0.7013465404782634
reform_push,2031,combined,p90,0.7052623338313415
reform_push,2032,combined,p90,0.7095285612621788
reform_push,2033,combined,p90,0.7132780580190393
reform_push,2034,combined,p90,0.7183052332916258
reform_push,2035,combined,p90,0.7217353048068483
